0.00, -0.00, 24.38, -0.00, 12, 84, 2277852
0.00, -0.33, 24.36, -7.93, 12, 84, 2289688
0.00, -0.00, 24.38, -0.00, 12, 84, 2301512
0.00, -0.00, 24.38, -0.00, 12, 84, 2313344
0.00, -0.33, 24.38, -7.94, 12, 84, 2325168
0.00, -0.00, 24.38, -0.00, 12, 84, 2337000
0.00, -0.00, 24.38, -0.00, 12, 84, 2348836
0.00, -0.00, 24.38, -0.00, 12, 84, 2360652
0.00, -0.33, 24.38, -7.94, 12, 84, 2372480
0.00, -0.00, 24.38, -0.00, 12, 84, 2384308
0.00, -0.33, 24.38, -7.94, 12, 84, 2396144
0.00, -0.33, 24.41, -7.95, 12, 84, 2407968
0.00, -0.33, 24.36, -7.93, 12, 84, 2419796
0.00, -0.00, 24.36, -0.00, 13, 84, 2431616
0.00, -0.00, 24.38, -0.00, 13, 84, 2443452
0.00, -0.00, 24.38, -0.00, 13, 84, 2455272
0.01, -0.00, 24.38, -0.00, 13, 84, 2467108
0.01, -0.00, 24.38, -0.00, 13, 84, 2478932
0.01, -0.00, 24.38, -0.00, 13, 84, 2490760
0.01, -0.00, 24.36, -0.00, 13, 84, 2502592
0.01, -0.00, 24.36, -0.00, 13, 84, 2514416
0.01, -0.00, 24.38, -0.00, 13, 84, 2526252
0.01, -0.00, 24.38, -0.00, 13, 84, 2538076
0.01, -0.00, 24.36, -0.00, 13, 84, 2549908
0.01, -0.00, 24.38, -0.00, 13, 84, 2561728
0.01, -0.00, 24.38, -0.00, 13, 84, 2573560
0.01, -0.00, 24.36, -0.00, 13, 84, 2585380
0.01, -0.00, 24.38, -0.00, 13, 84, 2597212
0.01, -0.00, 24.38, -0.00, 13, 84, 2609052
0.01, -0.00, 24.38, -0.00, 13, 84, 2620868
0.01, -0.00, 24.38, -0.00, 14, 84, 2632700
0.01, -0.00, 24.38, -0.00, 14, 84, 2644524
0.01, -0.00, 24.36, -0.00, 14, 84, 2656356
0.01, -0.00, 24.38, -0.00, 14, 84, 2668176
0.01, -0.00, 24.38, -0.00, 14, 84, 2680012
0.01, -0.00, 24.41, -0.00, 14, 84, 2691836
0.02, -0.00, 24.38, -0.00, 14, 84, 2703668
0.02, -0.00, 24.38, -0.00, 14, 84, 2715488
0.02, -0.00, 24.41, -0.00, 14, 84, 2727316
0.02, -0.00, 24.38, -0.00, 14, 84, 2739152
0.02, -0.00, 24.38, -0.00, 14, 84, 2750972
0.02, -0.00, 24.38, -0.00, 14, 84, 2762804
0.02, -0.00, 24.38, -0.00, 14, 84, 2774624
0.02, -0.00, 24.38, -0.00, 14, 84, 2786456
0.02, -0.00, 24.38, -0.00, 14, 84, 2798276
0.02, -0.00, 24.36, -0.00, 14, 84, 2810112
0.02, -0.00, 24.36, -0.00, 14, 84, 2821936
0.02, -0.00, 24.38, -0.00, 15, 84, 2833764
0.02, -0.00, 24.38, -0.00, 15, 84, 2845592
0.02, -0.00, 24.36, -0.00, 15, 84, 2857420
0.02, -0.00, 24.38, -0.00, 15, 84, 2869256
0.02, 0.33, 24.38, 7.94, 15, 84, 2881076
0.02, -0.00, 24.41, -0.00, 15, 84, 2892908
0.02, -0.00, 24.38, -0.00, 15, 84, 2904732
0.02, -0.00, 24.36, -0.00, 15, 84, 2916560
0.02, -0.00, 24.38, -0.00, 15, 84, 2928384
0.02, -0.00, 24.38, -0.00, 15, 84, 2940216
0.02, -0.00, 24.38, -0.00, 15, 84, 2952040
0.02, -0.00, 24.36, -0.00, 15, 84, 2963864
0.02, -0.00, 24.38, -0.00, 15, 84, 2975700
0.02, -0.00, 24.38, -0.00, 15, 84, 2987520
0.02, 0.33, 24.38, 7.94, 15, 84, 2999356
0.02, -0.00, 24.38, -0.00, 15, 84, 3011184
0.02, -0.00, 24.36, -0.00, 15, 84, 3023012
0.02, 0.33, 24.38, 7.94, 16, 84, 3034836
0.02, 0.33, 24.38, 7.94, 16, 84, 3046668
0.02, -0.00, 24.38, -0.00, 16, 85, 3058488
0.03, 0.33, 24.36, 7.93, 16, 84, 3070316
0.03, 0.33, 24.36, 7.93, 16, 84, 3082144
0.03, 0.33, 24.38, 7.94, 16, 84, 3093968
0.03, 0.33, 24.38, 7.94, 16, 84, 3105808
0.03, 0.33, 24.33, 7.92, 16, 84, 3117624
0.03, 0.33, 24.38, 7.94, 16, 84, 3129460
0.03, 0.33, 24.38, 7.94, 16, 84, 3141284
0.03, 0.33, 24.38, 7.94, 16, 84, 3153120
0.03, 0.33, 24.36, 7.93, 16, 84, 3164940
0.03, 0.33, 24.38, 7.94, 16, 84, 3176776
0.03, -0.00, 24.38, -0.00, 16, 84, 3188596
0.03, 0.33, 24.38, 7.94, 16, 84, 3200424
0.03, 0.33, 24.36, 7.93, 16, 84, 3212260
0.03, 0.33, 24.38, 7.94, 16, 84, 3224084
0.03, 0.33, 24.38, 7.94, 17, 84, 3235916
0.03, -0.00, 24.38, -0.00, 17, 84, 3247748
0.03, 0.33, 24.33, 7.92, 17, 85, 3259568
0.03, 0.33, 24.36, 7.93, 17, 84, 3271392
0.04, 0.33, 24.38, 7.94, 17, 84, 3283220
0.04, 0.33, 24.38, 7.94, 17, 84, 3295040
0.04, 0.33, 24.38, 7.94, 17, 84, 3306868
0.04, 0.33, 24.33, 7.92, 17, 84, 3318692
0.04, 0.33, 24.38, 7.94, 17, 84, 3330524
0.04, 0.33, 24.38, 7.94, 17, 84, 3342356
0.04, 0.33, 24.38, 7.94, 17, 84, 3354176
0.04, 0.33, 24.36, 7.93, 17, 84, 3366012
0.04, 0.33, 24.36, 7.93, 17, 84, 3377836
0.04, 0.33, 24.38, 7.94, 17, 84, 3389668
0.04, 0.33, 24.38, 7.94, 17, 84, 3401488
0.04, 0.33, 24.36, 7.93, 17, 84, 3413320
0.04, 0.33, 24.38, 7.94, 17, 84, 3425148
0.04, 0.33, 24.41, 7.95, 18, 84, 3436976
0.04, 0.33, 24.30, 7.91, 18, 84, 3448812
0.04, 0.33, 24.33, 7.92, 18, 84, 3460632
0.04, 0.33, 24.36, 7.93, 18, 84, 3472464
0.05, 0.65, 24.38, 15.87, 18, 84, 3484292
0.05, 0.33, 24.36, 7.93, 18, 84, 3496120
0.05, 0.33, 24.41, 7.95, 18, 84, 3507960
0.05, 0.65, 24.38, 15.87, 18, 85, 3519776
0.05, 0.65, 24.38, 15.87, 18, 84, 3531596
0.05, 0.33, 24.38, 7.94, 18, 84, 3543424
0.05, 0.33, 24.33, 7.92, 18, 84, 3555252
0.05, 0.33, 24.41, 7.95, 18, 84, 3567076
0.05, 0.33, 24.38, 7.94, 18, 84, 3578908
0.05, 0.33, 24.38, 7.94, 18, 84, 3590728
0.05, 0.33, 24.38, 7.94, 18, 84, 3602560
0.05, 0.33, 24.33, 7.92, 18, 84, 3614380
0.05, 0.33, 24.38, 7.94, 18, 84, 3626212
0.05, 0.33, 24.38, 7.94, 19, 84, 3638032
0.05, 0.33, 24.33, 7.92, 19, 84, 3649868
0.05, 0.33, 24.41, 7.95, 19, 84, 3661684
0.05, 0.65, 24.33, 15.84, 19, 84, 3673512
0.05, 0.65, 24.36, 15.86, 19, 84, 3685348
0.05, 0.65, 24.36, 15.86, 19, 84, 3697168
0.06, 0.65, 24.38, 15.87, 19, 84, 3709016
0.06, 0.65, 24.36, 15.86, 19, 84, 3720820
0.06, 0.65, 24.38, 15.87, 19, 84, 3732652
0.06, 0.65, 24.38, 15.87, 19, 84, 3744472
0.06, 0.65, 24.38, 15.87, 19, 84, 3756308
0.06, 0.65, 24.38, 15.87, 19, 84, 3768144
0.06, 0.65, 24.36, 15.86, 19, 84, 3779956
0.06, 0.65, 24.38, 15.87, 19, 84, 3791784
0.06, 0.65, 24.38, 15.87, 19, 84, 3803616
0.06, 0.65, 24.33, 15.84, 19, 84, 3815448
0.06, 0.65, 24.36, 15.86, 19, 84, 3827272
0.06, 0.65, 24.38, 15.87, 20, 84, 3839108
0.06, 0.65, 24.36, 15.86, 20, 84, 3850928
0.06, 0.65, 24.38, 15.87, 20, 84, 3862764
0.06, 0.65, 24.36, 15.86, 20, 84, 3874588
0.06, 0.65, 24.38, 15.87, 20, 84, 3886412
0.06, 0.65, 24.30, 15.82, 20, 84, 3898244
0.07, 0.65, 24.33, 15.84, 20, 84, 3910068
0.07, 0.65, 24.36, 15.86, 20, 84, 3921904
0.06, 0.65, 24.38, 15.87, 20, 84, 3933724
0.06, 0.65, 24.30, 15.82, 20, 84, 3945560
0.07, 0.65, 24.36, 15.86, 20, 84, 3957384
0.07, 0.65, 24.38, 15.87, 20, 84, 3969232
0.07, 0.65, 24.38, 15.87, 20, 84, 3981036
0.07, 0.65, 24.36, 15.86, 20, 84, 3992876
0.07, 0.65, 24.33, 15.84, 20, 84, 4004696
0.07, 0.65, 24.38, 15.87, 20, 84, 4016520
0.07, 0.65, 24.38, 15.87, 20, 84, 4028356
0.07, 0.65, 24.41, 15.89, 21, 85, 4040176
0.07, 0.65, 24.30, 15.82, 21, 84, 4052008
0.07, 0.65, 24.36, 15.86, 21, 84, 4063828
0.07, 0.65, 24.38, 15.87, 21, 84, 4075656
0.07, 0.65, 24.38, 15.87, 21, 84, 4087480
0.07, 0.98, 24.36, 23.79, 21, 84, 4099308
0.07, 0.65, 24.30, 15.82, 21, 84, 4111132
0.08, 0.98, 24.36, 23.79, 21, 84, 4122960
0.08, 0.98, 24.38, 23.81, 21, 84, 4134784
0.08, 0.65, 24.38, 15.87, 21, 84, 4146612
0.08, 0.98, 24.33, 23.76, 21, 84, 4158448
0.08, 0.98, 24.33, 23.76, 21, 84, 4170268
0.08, 0.98, 24.36, 23.79, 21, 84, 4182104
0.08, 0.98, 24.36, 23.79, 21, 84, 4193924
0.08, 0.65, 24.33, 15.84, 21, 84, 4205760
0.08, 0.98, 24.36, 23.79, 21, 84, 4217580
0.08, 0.98, 24.30, 23.73, 21, 84, 4229432
0.08, 0.98, 24.41, 23.84, 22, 85, 4241236
0.08, 0.98, 24.30, 23.73, 22, 84, 4253064
0.08, 0.98, 24.36, 23.79, 22, 84, 4264904
0.08, 0.98, 24.38, 23.81, 22, 84, 4276724
0.08, 0.98, 24.30, 23.73, 22, 84, 4288556
0.08, 0.98, 24.27, 23.71, 22, 84, 4300376
0.09, 0.98, 24.38, 23.81, 22, 84, 4312208
0.09, 0.98, 24.38, 23.81, 22, 84, 4324028
0.09, 0.98, 24.38, 23.81, 22, 84, 4335864
0.09, 0.98, 24.33, 23.76, 22, 84, 4347680
0.09, 0.98, 24.36, 23.79, 22, 84, 4359508
0.09, 0.98, 24.36, 23.79, 22, 84, 4371336
0.09, 0.98, 24.36, 23.79, 22, 84, 4383160
0.09, 0.98, 24.30, 23.73, 22, 84, 4394996
0.09, 0.98, 24.30, 23.73, 22, 84, 4406816
0.09, 0.98, 24.38, 23.81, 22, 84, 4418644
0.09, 0.98, 24.36, 23.79, 22, 84, 4430468
0.09, 0.98, 24.33, 23.76, 23, 84, 4442300
0.09, 0.98, 24.41, 23.84, 23, 84, 4454120
0.09, 1.30, 24.36, 31.71, 23, 84, 4465952
0.09, 1.30, 24.38, 31.75, 23, 84, 4477776
0.09, 0.98, 24.36, 23.79, 23, 84, 4489604
0.10, 1.30, 24.30, 31.64, 23, 84, 4501436
0.10, 1.30, 24.33, 31.68, 23, 84, 4513260
0.10, 1.30, 24.38, 31.75, 23, 84, 4525092
0.10, 1.30, 24.38, 31.75, 23, 84, 4536916
0.10, 0.98, 24.30, 23.73, 23, 84, 4548752
0.10, 1.30, 24.30, 31.64, 23, 84, 4560572
0.10, 1.30, 24.36, 31.71, 23, 84, 4572408
0.10, 1.30, 24.36, 31.71, 23, 84, 4584224
0.10, 1.30, 24.33, 31.68, 23, 84, 4596052
0.10, 0.98, 24.36, 23.79, 23, 84, 4607892
0.10, 1.30, 24.36, 31.71, 23, 84, 4619708
0.10, 0.98, 24.41, 23.84, 23, 84, 4631540
0.10, 1.30, 24.33, 31.68, 24, 84, 4643364
0.10, 1.30, 24.36, 31.71, 24, 84, 4655200
0.10, 1.30, 24.36, 31.71, 24, 84, 4667020
0.10, 1.30, 24.41, 31.78, 24, 84, 4678852
0.11, 1.30, 24.27, 31.61, 24, 84, 4690672
0.11, 1.30, 24.41, 31.78, 24, 84, 4702508
0.11, 1.63, 24.36, 39.64, 24, 84, 4714328
0.11, 1.30, 24.36, 31.71, 24, 84, 4726152
0.11, 1.30, 24.27, 31.61, 24, 84, 4737988
0.11, 1.30, 24.25, 31.57, 24, 84, 4749808
0.11, 1.30, 24.36, 31.71, 24, 84, 4761640
0.11, 1.30, 24.36, 31.71, 24, 84, 4773460
0.11, 1.30, 24.33, 31.68, 24, 84, 4785292
0.11, 1.30, 24.30, 31.64, 24, 84, 4797116
0.11, 1.30, 24.36, 31.71, 24, 84, 4808948
0.11, 1.30, 24.38, 31.75, 24, 84, 4820768
0.11, 1.30, 24.33, 31.68, 24, 84, 4832596
0.11, 1.30, 24.30, 31.64, 25, 84, 4844424
0.11, 1.63, 24.33, 39.60, 25, 84, 4856256
0.11, 1.30, 24.27, 31.61, 25, 84, 4868104
0.11, 1.30, 24.41, 31.78, 25, 85, 4879912
0.12, 1.30, 24.27, 31.61, 25, 84, 4891744
0.12, 1.63, 24.30, 39.55, 25, 84, 4903568
0.12, 1.30, 24.41, 31.78, 25, 84, 4915404
0.12, 1.30, 24.41, 31.78, 25, 84, 4927224
0.12, 1.63, 24.38, 39.69, 25, 84, 4939060
0.12, 1.63, 24.33, 39.60, 25, 84, 4950880
0.12, 1.63, 24.38, 39.69, 25, 84, 4962708
0.12, 1.63, 24.33, 39.60, 25, 84, 4974540
0.12, 1.63, 24.33, 39.60, 25, 84, 4986368
0.12, 1.63, 24.33, 39.60, 25, 84, 4998200
0.13, 1.30, 24.38, 31.75, 25, 84, 5010020
0.12, 1.63, 24.25, 39.47, 25, 84, 5021856
0.12, 1.63, 24.33, 39.60, 25, 84, 5033680
0.12, 1.30, 24.41, 31.78, 26, 84, 5045516
0.12, 1.30, 24.41, 31.78, 26, 84, 5057332
0.13, 1.63, 24.30, 39.55, 26, 84, 5069160
0.13, 1.63, 24.27, 39.51, 26, 84, 5080992
0.13, 1.95, 24.36, 47.57, 26, 84, 5092816
0.13, 1.63, 24.30, 39.55, 26, 84, 5104652
0.13, 1.95, 24.25, 47.36, 26, 84, 5116476
0.14, 1.63, 24.44, 39.77, 26, 84, 5128324
0.13, 1.63, 24.38, 39.69, 26, 85, 5140132
0.13, 1.63, 24.27, 39.51, 26, 84, 5151968
0.13, 1.95, 24.25, 47.36, 26, 84, 5163788
0.14, 1.63, 24.36, 39.64, 26, 84, 5175624
0.14, 1.63, 24.38, 39.69, 26, 84, 5187444
0.14, 1.63, 24.27, 39.51, 26, 84, 5199276
0.13, 1.95, 24.36, 47.57, 26, 84, 5211108
0.13, 1.95, 24.33, 47.52, 26, 84, 5222932
0.14, 1.63, 24.41, 39.73, 26, 84, 5234764
0.14, 1.63, 24.33, 39.60, 27, 84, 5246588
0.14, 1.95, 24.33, 47.52, 27, 84, 5258424
0.14, 2.28, 24.36, 55.50, 27, 84, 5270244
0.14, 1.63, 24.41, 39.73, 27, 84, 5282080
0.14, 1.95, 24.30, 47.46, 27, 84, 5293900
0.14, 1.95, 24.27, 47.41, 27, 84, 5305728
0.14, 2.28, 24.33, 55.44, 27, 84, 5317560
0.14, 1.95, 24.27, 47.41, 27, 84, 5329396
0.14, 1.95, 24.36, 47.57, 27, 84, 5341212
0.14, 1.95, 24.38, 47.62, 27, 84, 5353032
0.15, 2.28, 24.36, 55.50, 27, 84, 5364864
0.15, 1.95, 24.30, 47.46, 27, 84, 5376684
0.15, 1.63, 24.36, 39.64, 27, 84, 5388520
0.15, 1.63, 24.41, 39.73, 27, 84, 5400340
0.15, 1.95, 24.30, 47.46, 27, 84, 5412172
0.15, 1.95, 24.33, 47.52, 27, 84, 5424000
0.15, 2.28, 24.33, 55.44, 27, 84, 5435824
0.15, 1.95, 24.27, 47.41, 28, 84, 5447660
0.15, 1.95, 24.25, 47.36, 28, 84, 5459484
0.15, 2.28, 24.33, 55.44, 28, 84, 5471320
0.15, 2.28, 24.38, 55.56, 28, 84, 5483140
0.15, 1.95, 24.27, 47.41, 28, 84, 5494972
0.15, 2.28, 24.22, 55.19, 28, 84, 5506796
0.16, 2.28, 24.33, 55.44, 28, 84, 5518628
0.16, 2.28, 24.33, 55.44, 28, 84, 5530448
0.16, 2.28, 24.38, 55.56, 28, 84, 5542272
0.16, 2.28, 24.25, 55.25, 28, 84, 5554108
0.16, 2.28, 24.22, 55.19, 28, 84, 5565932
0.16, 2.28, 24.36, 55.50, 28, 84, 5577764
0.16, 1.95, 24.44, 47.73, 28, 84, 5589600
0.16, 2.28, 24.38, 55.56, 28, 84, 5601420
0.16, 2.28, 24.41, 55.62, 28, 84, 5613240
0.16, 2.28, 24.25, 55.25, 28, 84, 5625072
0.16, 2.28, 24.30, 55.38, 28, 84, 5636892
0.16, 1.95, 24.30, 47.46, 29, 84, 5648720
0.16, 1.95, 24.41, 47.68, 29, 84, 5660544
0.16, 1.95, 24.41, 47.68, 29, 84, 5672372
0.16, 2.28, 24.22, 55.19, 29, 84, 5684204
0.16, 2.28, 24.30, 55.38, 29, 84, 5696024
0.17, 2.28, 24.36, 55.50, 29, 84, 5707856
0.17, 2.28, 24.44, 55.68, 29, 84, 5719676
0.17, 2.28, 24.33, 55.44, 29, 84, 5731508
0.17, 2.28, 24.22, 55.19, 29, 84, 5743328
0.17, 2.60, 24.33, 63.36, 29, 84, 5755160
0.17, 2.60, 24.33, 63.36, 29, 84, 5766984
0.17, 2.28, 24.33, 55.44, 29, 84, 5778812
0.17, 2.28, 24.25, 55.25, 29, 84, 5790636
0.17, 2.28, 24.27, 55.31, 29, 84, 5802464
0.17, 2.60, 24.33, 63.36, 29, 84, 5814300
0.17, 2.60, 24.36, 63.43, 29, 84, 5826120
0.17, 2.28, 24.44, 55.68, 29, 84, 5837952
0.17, 2.60, 24.25, 63.15, 30, 84, 5849784
0.17, 2.60, 24.25, 63.15, 30, 84, 5861608
0.17, 2.60, 24.25, 63.15, 30, 84, 5873424
0.18, 2.60, 24.36, 63.43, 30, 84, 5885256
0.18, 2.60, 24.36, 63.43, 30, 84, 5897076
0.18, 2.60, 24.30, 63.29, 30, 84, 5908904
0.17, 2.60, 24.22, 63.08, 30, 84, 5920736
0.18, 2.60, 24.30, 63.29, 30, 84, 5932556
0.18, 2.60, 24.38, 63.50, 30, 84, 5944392
0.18, 2.60, 24.41, 63.57, 30, 84, 5956216
0.19, 2.60, 24.27, 63.22, 30, 84, 5968052
0.18, 2.60, 24.25, 63.15, 30, 84, 5979868
0.18, 2.60, 24.36, 63.43, 30, 84, 5991708
0.18, 2.60, 24.38, 63.50, 30, 84, 6003528
0.18, 2.60, 24.30, 63.29, 30, 84, 6015360
0.19, 2.93, 24.25, 71.04, 30, 84, 6027192
0.19, 2.60, 24.30, 63.29, 30, 85, 6039016
0.19, 2.60, 24.36, 63.43, 31, 84, 6050848
0.18, 2.60, 24.38, 63.50, 31, 84, 6062672
0.18, 2.93, 24.25, 71.04, 31, 84, 6074508
0.19, 2.93, 24.25, 71.04, 31, 84, 6086324
0.19, 2.93, 24.36, 71.36, 31, 84, 6098160
0.19, 2.93, 24.27, 71.12, 31, 84, 6109980
0.19, 2.93, 24.36, 71.36, 31, 84, 6121808
0.19, 2.93, 24.33, 71.28, 31, 84, 6133632
0.19, 2.93, 24.14, 70.72, 31, 84, 6145464
0.20, 3.26, 24.33, 79.20, 31, 84, 6157292
0.20, 3.26, 24.36, 79.28, 31, 84, 6169116
0.20, 2.93, 24.38, 71.43, 31, 84, 6180944
0.20, 2.93, 24.38, 71.43, 31, 84, 6192768
0.20, 2.93, 24.17, 70.80, 31, 84, 6204600
0.20, 2.93, 24.30, 71.20, 31, 84, 6216424
0.20, 2.93, 24.27, 71.12, 31, 84, 6228272
0.20, 2.93, 24.36, 71.36, 31, 85, 6240080
0.20, 3.26, 24.17, 78.67, 32, 84, 6251908
0.20, 3.26, 24.33, 79.20, 32, 84, 6263744
0.20, 3.26, 24.27, 79.02, 32, 84, 6275564
0.20, 2.93, 24.30, 71.20, 32, 84, 6287400
0.20, 2.93, 24.41, 71.51, 32, 84, 6299224
0.20, 3.26, 24.22, 78.84, 32, 84, 6311056
0.21, 3.58, 24.27, 86.92, 32, 84, 6322880
0.21, 2.93, 24.44, 71.59, 32, 84, 6334716
0.21, 3.26, 24.38, 79.37, 32, 84, 6346540
0.21, 3.58, 24.22, 86.73, 32, 84, 6358368
0.21, 3.26, 24.27, 79.02, 32, 84, 6370196
0.21, 3.58, 24.33, 87.12, 32, 84, 6382016
0.21, 2.93, 24.44, 71.59, 32, 84, 6393852
0.21, 3.26, 24.41, 79.46, 32, 84, 6405672
0.21, 3.26, 24.22, 78.84, 32, 84, 6417504
0.21, 3.26, 24.22, 78.84, 32, 84, 6429328
0.21, 3.58, 24.33, 87.12, 32, 84, 6441156
0.21, 3.91, 24.30, 94.93, 33, 84, 6452976
0.21, 3.26, 24.19, 78.76, 33, 84, 6464808
0.21, 3.26, 24.38, 79.37, 33, 84, 6476632
0.21, 3.58, 24.30, 87.02, 33, 84, 6488472
0.22, 3.58, 24.33, 87.12, 33, 84, 6500296
0.22, 3.58, 24.36, 87.21, 33, 84, 6512116
0.22, 3.58, 24.30, 87.02, 33, 84, 6523948
0.22, 3.58, 24.38, 87.31, 33, 84, 6535768
0.22, 3.58, 24.38, 87.31, 33, 84, 6547600
0.22, 3.58, 24.22, 86.73, 33, 84, 6559420
0.22, 3.58, 24.33, 87.12, 33, 84, 6571256
0.22, 3.58, 24.41, 87.40, 33, 84, 6583076
0.22, 3.58, 24.25, 86.83, 33, 84, 6594900
0.22, 3.58, 24.30, 87.02, 33, 84, 6606728
0.22, 3.58, 24.19, 86.63, 33, 84, 6618556
0.21, 3.91, 24.33, 95.03, 33, 84, 6630388
0.22, 3.91, 24.33, 95.03, 33, 84, 6642208
0.23, 3.58, 24.25, 86.83, 34, 84, 6654044
0.22, 3.58, 24.17, 86.54, 34, 84, 6665864
0.22, 3.91, 24.27, 94.82, 34, 84, 6677700
0.23, 3.91, 24.25, 94.72, 34, 84, 6689520
0.24, 4.23, 24.36, 103.07, 34, 84, 6701352
0.23, 3.91, 24.33, 95.03, 34, 84, 6713176
0.23, 4.23, 24.19, 102.38, 34, 84, 6725004
0.23, 4.23, 24.22, 102.50, 34, 84, 6736836
0.23, 3.91, 24.17, 94.40, 34, 84, 6748656
0.24, 3.91, 24.41, 95.35, 34, 84, 6760488
0.24, 4.23, 24.30, 102.84, 34, 84, 6772308
0.24, 3.58, 24.30, 87.02, 34, 84, 6784144
0.23, 3.91, 24.27, 94.82, 34, 84, 6795964
0.24, 3.91, 24.14, 94.30, 34, 84, 6807792
0.24, 3.91, 24.19, 94.51, 34, 84, 6819616
0.24, 4.23, 24.30, 102.84, 34, 84, 6831440
0.24, 4.23, 24.27, 102.73, 34, 84, 6843268
0.24, 4.23, 24.36, 103.07, 35, 84, 6855096
0.24, 4.23, 24.03, 101.70, 35, 84, 6866928
0.24, 4.23, 24.09, 101.93, 35, 84, 6878752
0.25, 4.56, 24.22, 110.38, 35, 84, 6890584
0.25, 4.56, 24.22, 110.38, 35, 84, 6902408
0.25, 3.91, 24.30, 94.93, 35, 84, 6914240
0.25, 4.23, 24.41, 103.30, 35, 84, 6926064
0.25, 4.23, 24.09, 101.93, 35, 84, 6937896
0.25, 4.56, 24.27, 110.63, 35, 84, 6949736
0.25, 4.23, 24.36, 103.07, 35, 84, 6961548
0.25, 4.23, 24.36, 103.07, 35, 84, 6973380
0.25, 4.23, 24.30, 102.84, 35, 84, 6985200
0.25, 4.56, 24.06, 109.64, 35, 84, 6997036
0.25, 4.23, 24.19, 102.38, 35, 84, 7008852
0.25, 4.56, 24.19, 110.26, 35, 84, 7020684
0.25, 4.88, 24.14, 117.87, 35, 84, 7032508
0.25, 4.23, 24.33, 102.95, 35, 84, 7044340
0.25, 3.91, 24.38, 95.25, 36, 84, 7056164
0.25, 3.91, 24.36, 95.14, 36, 84, 7067992
0.26, 4.56, 24.03, 109.52, 36, 85, 7079820
0.26, 4.88, 24.25, 118.40, 36, 84, 7091652
0.26, 4.56, 24.33, 110.87, 36, 84, 7103488
0.26, 4.23, 24.38, 103.18, 36, 84, 7115308
0.26, 4.56, 24.19, 110.26, 36, 84, 7127144
0.26, 4.56, 24.22, 110.38, 36, 84, 7138964
0.27, 4.88, 24.25, 118.40, 36, 84, 7150800
0.27, 5.21, 24.27, 126.43, 36, 84, 7162620
0.27, 4.88, 24.27, 118.53, 36, 84, 7174456
0.27, 4.23, 24.44, 103.41, 36, 84, 7186280
0.27, 4.56, 24.09, 109.77, 36, 84, 7198108
0.27, 4.56, 24.38, 111.12, 36, 84, 7209956
0.26, 5.21, 24.27, 126.43, 36, 85, 7221764
0.26, 4.56, 24.38, 111.12, 36, 84, 7233592
0.27, 4.88, 24.30, 118.66, 36, 84, 7245412
0.27, 4.56, 24.44, 111.37, 37, 84, 7257248
0.27, 4.88, 24.44, 119.32, 37, 84, 7269068
0.27, 5.21, 24.06, 125.31, 37, 84, 7280900
0.27, 4.88, 24.06, 117.48, 37, 84, 7292720
0.27, 5.21, 24.33, 126.71, 37, 84, 7304548
0.28, 5.53, 24.25, 134.18, 37, 84, 7316372
0.28, 5.53, 24.38, 134.93, 37, 84, 7328196
0.28, 4.88, 24.41, 119.19, 37, 84, 7340032
0.29, 4.56, 24.41, 111.24, 37, 84, 7351852
0.29, 5.21, 24.14, 125.73, 37, 84, 7363688
0.28, 5.21, 24.14, 125.73, 37, 84, 7375504
0.28, 5.21, 24.27, 126.43, 37, 84, 7387340
0.29, 5.21, 24.25, 126.29, 37, 85, 7399160
0.28, 4.88, 24.19, 118.13, 37, 84, 7410992
0.28, 4.88, 24.41, 119.19, 37, 84, 7422812
0.29, 4.88, 24.19, 118.13, 37, 84, 7434636
0.28, 5.21, 24.03, 125.17, 37, 84, 7446472
0.28, 5.21, 24.11, 125.59, 38, 84, 7458292
0.28, 4.88, 24.49, 119.58, 38, 84, 7470140
0.29, 5.53, 24.11, 133.44, 38, 85, 7481944
0.29, 5.21, 24.46, 127.42, 38, 84, 7493776
0.29, 5.53, 24.41, 135.08, 38, 84, 7505596
0.29, 5.21, 24.30, 126.57, 38, 84, 7517432
0.29, 5.21, 24.03, 125.17, 38, 84, 7529252
0.30, 5.86, 24.11, 141.29, 38, 84, 7541076
0.31, 5.53, 24.06, 133.14, 38, 84, 7552904
0.31, 5.86, 24.27, 142.24, 38, 84, 7564732
0.30, 5.21, 24.33, 126.71, 38, 84, 7576568
0.30, 5.21, 24.09, 125.45, 38, 84, 7588404
0.30, 5.53, 24.22, 134.04, 38, 84, 7600220
0.30, 5.53, 24.17, 133.74, 38, 84, 7612040
0.30, 5.86, 24.22, 141.92, 38, 84, 7623880
0.30, 6.18, 24.25, 149.97, 38, 84, 7635700
0.31, 5.53, 24.25, 134.18, 38, 84, 7647532
0.30, 5.21, 24.38, 126.99, 39, 84, 7659356
0.30, 5.53, 24.17, 133.74, 39, 84, 7671180
0.30, 5.86, 24.09, 141.13, 39, 84, 7683020
0.30, 5.86, 24.06, 140.97, 39, 84, 7694840
0.30, 5.86, 24.27, 142.24, 39, 84, 7706676
0.31, 6.51, 24.27, 158.04, 39, 84, 7718492
0.31, 5.86, 24.25, 142.08, 39, 84, 7730328
0.32, 5.86, 24.11, 141.29, 39, 84, 7742152
0.32, 6.51, 24.17, 157.34, 39, 84, 7753984
0.31, 6.51, 24.22, 157.69, 39, 84, 7765812
0.32, 5.86, 24.33, 142.55, 39, 84, 7777636
0.31, 5.86, 24.38, 142.87, 39, 84, 7789468
0.31, 5.53, 24.44, 135.23, 39, 85, 7801292
0.31, 5.86, 24.03, 140.81, 39, 84, 7813128
0.31, 6.18, 24.03, 148.64, 39, 84, 7824952
0.32, 6.51, 24.22, 157.69, 39, 84, 7836784
0.32, 5.86, 24.36, 142.71, 39, 84, 7848624
0.31, 6.18, 24.25, 149.97, 40, 84, 7860440
0.31, 5.86, 24.36, 142.71, 40, 84, 7872264
0.31, 6.51, 24.17, 157.34, 40, 84, 7884100
0.32, 6.18, 24.11, 149.14, 40, 84, 7895920
0.33, 6.51, 24.22, 157.69, 40, 84, 7907748
0.33, 6.51, 24.19, 157.51, 40, 84, 7919584
0.33, 6.84, 24.30, 166.13, 40, 84, 7931400
0.33, 6.18, 24.30, 150.30, 40, 84, 7943232
0.33, 6.51, 24.25, 157.86, 40, 84, 7955056
0.33, 6.51, 23.92, 155.76, 40, 84, 7966888
0.33, 6.51, 24.09, 156.81, 40, 84, 7978708
0.33, 6.84, 24.25, 165.76, 40, 84, 7990540
0.33, 6.84, 24.11, 164.84, 40, 84, 8002360
0.33, 6.18, 24.54, 151.81, 40, 84, 8014188
0.33, 6.18, 24.38, 150.81, 40, 84, 8026020
0.33, 6.18, 24.33, 150.47, 40, 84, 8037848
0.33, 6.51, 24.06, 156.64, 40, 84, 8049684
0.33, 6.84, 23.98, 163.91, 41, 84, 8061504
0.33, 6.84, 24.30, 166.13, 41, 84, 8073340
0.33, 6.84, 24.33, 166.31, 41, 84, 8085164
0.33, 5.86, 24.27, 142.24, 41, 84, 8096996
0.33, 6.84, 24.06, 164.47, 41, 84, 8108832
0.34, 7.16, 24.09, 172.49, 41, 84, 8120652
0.35, 7.16, 24.09, 172.49, 41, 84, 8132476
0.35, 7.49, 24.36, 182.35, 41, 84, 8144304
0.35, 6.84, 24.44, 167.05, 41, 84, 8156136
0.35, 7.16, 24.25, 173.65, 41, 84, 8167956
0.35, 6.84, 24.36, 166.50, 41, 84, 8179792
0.35, 6.84, 24.30, 166.13, 41, 84, 8191608
0.35, 6.84, 24.09, 164.65, 41, 84, 8203444
0.36, 6.84, 24.36, 166.50, 41, 84, 8215264
0.35, 7.16, 24.01, 171.91, 41, 84, 8227096
0.35, 7.16, 24.03, 172.11, 41, 84, 8238916
0.35, 7.16, 24.36, 174.42, 41, 84, 8250744
0.35, 6.84, 24.33, 166.31, 42, 84, 8262572
0.36, 7.81, 24.27, 189.65, 42, 84, 8274400
0.35, 6.84, 24.41, 166.86, 42, 84, 8286228
0.36, 6.84, 24.38, 166.68, 42, 84, 8298052
0.36, 7.16, 24.11, 172.69, 42, 84, 8309884
0.36, 6.84, 24.33, 166.31, 42, 84, 8321704
0.37, 7.49, 23.92, 179.12, 42, 84, 8333536
0.37, 7.49, 24.01, 179.73, 42, 84, 8345356
0.36, 7.49, 24.38, 182.55, 42, 84, 8357192
0.37, 7.81, 24.17, 188.81, 42, 84, 8369016
0.37, 7.81, 24.27, 189.65, 42, 84, 8380844
0.37, 7.16, 24.25, 173.65, 42, 84, 8392680
0.36, 7.16, 24.36, 174.42, 42, 84, 8404500
0.37, 7.81, 24.19, 189.02, 42, 84, 8416336
0.37, 7.49, 24.03, 179.93, 42, 84, 8428156
0.37, 7.81, 24.25, 189.44, 42, 84, 8439992
0.37, 7.81, 24.25, 189.44, 42, 84, 8451812
0.37, 7.49, 24.38, 182.55, 43, 84, 8463648
0.37, 7.16, 24.49, 175.39, 43, 84, 8475468
0.36, 7.49, 24.11, 180.53, 43, 84, 8487296
0.37, 7.81, 24.09, 188.17, 43, 84, 8499128
0.38, 7.81, 23.84, 186.28, 43, 84, 8510952
0.38, 8.46, 24.22, 205.00, 43, 84, 8522784
0.39, 8.46, 24.09, 203.85, 43, 84, 8534608
0.38, 7.49, 24.38, 182.55, 43, 84, 8546444
0.39, 7.81, 24.38, 190.49, 43, 84, 8558268
0.39, 8.79, 24.11, 211.93, 43, 84, 8570116
0.38, 8.14, 24.11, 196.23, 43, 84, 8581920
0.39, 8.46, 23.98, 202.94, 43, 84, 8593748
0.39, 8.14, 23.92, 194.70, 43, 84, 8605576
0.39, 8.79, 24.09, 211.69, 43, 84, 8617404
0.39, 8.14, 24.38, 198.43, 43, 84, 8629236
0.38, 8.46, 24.06, 203.63, 43, 84, 8641056
0.38, 8.14, 24.38, 198.43, 43, 84, 8652888
0.38, 8.46, 24.27, 205.45, 44, 84, 8664708
0.39, 7.81, 24.06, 187.96, 44, 84, 8676544
0.38, 7.81, 24.41, 190.70, 44, 84, 8688360
0.38, 8.46, 23.95, 202.71, 44, 84, 8700192
0.40, 8.14, 24.38, 198.43, 44, 84, 8712016
0.39, 8.79, 24.01, 210.98, 44, 84, 8723844
0.40, 8.79, 24.03, 211.22, 44, 84, 8735680
0.40, 8.79, 24.03, 211.22, 44, 84, 8747500
0.40, 8.79, 24.25, 213.12, 44, 84, 8759332
0.40, 8.79, 24.25, 213.12, 44, 84, 8771156
0.40, 7.81, 24.52, 191.54, 44, 84, 8782992
0.41, 8.14, 24.41, 198.65, 44, 84, 8794812
0.40, 8.14, 24.17, 196.67, 44, 84, 8806644
0.40, 8.46, 24.19, 204.77, 44, 84, 8818468
0.40, 8.46, 24.36, 206.14, 44, 84, 8830316
0.39, 8.46, 24.01, 203.17, 44, 85, 8842124
0.40, 9.44, 24.09, 227.38, 44, 84, 8853956
0.40, 8.79, 24.17, 212.41, 45, 84, 8865788
0.41, 9.11, 24.09, 219.54, 45, 84, 8877608
0.41, 8.46, 23.98, 202.94, 45, 84, 8889440
0.41, 8.79, 24.27, 213.35, 45, 84, 8901260
0.41, 8.46, 24.27, 205.45, 45, 84, 8913096
0.41, 8.79, 24.44, 214.78, 45, 84, 8924912
0.41, 9.44, 23.92, 225.85, 45, 84, 8936748
0.41, 8.46, 24.27, 205.45, 45, 84, 8948568
0.42, 9.44, 24.09, 227.38, 45, 84, 8960400
0.42, 9.44, 24.03, 226.87, 45, 84, 8972232
0.42, 9.77, 24.01, 234.43, 45, 84, 8984056
0.42, 9.44, 24.30, 229.41, 45, 84, 8995888
0.41, 9.11, 24.33, 221.75, 45, 84, 9007708
0.41, 8.14, 24.38, 198.43, 45, 84, 9019544
0.41, 8.79, 24.25, 213.12, 45, 84, 9031364
0.41, 8.79, 24.01, 210.98, 45, 84, 9043200
0.42, 9.11, 23.92, 218.06, 45, 84, 9055024
0.42, 9.44, 24.14, 227.89, 46, 84, 9066848
0.41, 9.44, 24.06, 227.12, 46, 84, 9078680
0.41, 10.09, 24.09, 243.06, 46, 84, 9090504
0.42, 9.44, 24.33, 229.67, 46, 84, 9102340
0.43, 9.77, 24.36, 237.85, 46, 84, 9114164
0.43, 9.44, 24.27, 229.16, 46, 84, 9125992
0.43, 9.44, 24.27, 229.16, 46, 84, 9137816
0.43, 9.77, 24.36, 237.85, 46, 84, 9149648
0.43, 9.11, 24.27, 221.26, 46, 84, 9161468
0.43, 9.77, 23.95, 233.90, 46, 84, 9173304
0.44, 9.44, 24.17, 228.14, 46, 84, 9185124
0.43, 9.44, 24.03, 226.87, 46, 84, 9196956
0.43, 9.44, 24.36, 229.92, 46, 84, 9208800
0.43, 10.09, 24.14, 243.60, 46, 85, 9220608
0.43, 9.77, 24.09, 235.22, 46, 84, 9232444
0.44, 9.77, 23.92, 233.64, 46, 84, 9244264
0.43, 10.09, 24.19, 244.15, 46, 84, 9256096
0.43, 10.42, 24.03, 250.34, 47, 84, 9267920
0.44, 9.77, 24.33, 237.59, 47, 84, 9279756
0.44, 10.74, 24.25, 260.48, 47, 84, 9291576
0.43, 10.09, 24.30, 245.23, 47, 84, 9303400
0.44, 10.09, 24.41, 246.32, 47, 84, 9315224
0.44, 10.42, 24.27, 252.86, 47, 84, 9327056
0.45, 9.77, 24.17, 236.01, 47, 84, 9338892
0.45, 9.77, 24.17, 236.01, 47, 84, 9350712
0.45, 10.09, 24.01, 242.24, 47, 84, 9362548
0.44, 9.77, 24.19, 236.27, 47, 84, 9374368
0.44, 10.42, 23.87, 248.65, 47, 84, 9386200
0.45, 10.09, 24.14, 243.60, 47, 84, 9398020
0.45, 9.44, 24.06, 227.12, 47, 84, 9409852
0.45, 10.09, 23.92, 241.42, 47, 85, 9421676
0.45, 10.09, 23.90, 241.15, 47, 84, 9433504
0.44, 10.42, 23.82, 248.09, 47, 84, 9445336
0.45, 10.09, 23.84, 240.61, 47, 84, 9457156
0.44, 9.77, 24.30, 237.32, 48, 84, 9469008
0.45, 10.74, 23.90, 256.71, 48, 84, 9480812
0.46, 11.07, 24.19, 267.77, 48, 84, 9492648
0.45, 11.07, 24.17, 267.47, 48, 84, 9504468
0.46, 10.74, 24.27, 260.77, 48, 84, 9516304
0.46, 11.07, 23.87, 264.19, 48, 84, 9528124
0.45, 10.74, 24.30, 261.06, 48, 84, 9539952
0.46, 10.74, 24.33, 261.35, 48, 84, 9551780
0.46, 10.42, 24.27, 252.86, 48, 84, 9563608
0.46, 10.42, 24.06, 250.62, 48, 84, 9575444
0.47, 10.42, 24.11, 251.18, 48, 84, 9587268
0.47, 10.74, 23.84, 256.13, 48, 84, 9599100
0.47, 10.74, 24.19, 259.90, 48, 84, 9610920
0.47, 10.42, 24.03, 250.34, 48, 84, 9622752
0.47, 10.42, 24.11, 251.18, 48, 84, 9634572
0.46, 11.39, 23.87, 271.96, 48, 84, 9646404
0.46, 10.74, 23.92, 257.00, 48, 84, 9658232
0.47, 10.74, 23.98, 257.58, 49, 84, 9670056
0.47, 11.07, 23.87, 264.19, 49, 84, 9681888
0.47, 11.07, 23.87, 264.19, 49, 84, 9693712
0.47, 11.72, 24.06, 281.94, 49, 84, 9705544
0.47, 11.07, 23.98, 265.38, 49, 84, 9717364
0.48, 12.04, 24.06, 289.78, 49, 84, 9729204
0.48, 11.72, 23.76, 278.47, 49, 85, 9741024
0.48, 11.39, 24.22, 275.96, 49, 84, 9752860
0.48, 11.39, 23.92, 272.58, 49, 84, 9764680
0.48, 11.39, 24.41, 278.11, 49, 84, 9776508
0.48, 11.72, 24.19, 283.52, 49, 84, 9788344
0.48, 11.72, 24.11, 282.58, 49, 84, 9800164
0.48, 11.39, 24.25, 276.26, 49, 84, 9812000
0.48, 11.72, 24.22, 283.84, 49, 84, 9823824
0.49, 11.39, 24.38, 277.80, 49, 84, 9835656
0.48, 11.39, 24.33, 277.18, 49, 84, 9847476
0.48, 11.07, 24.11, 266.88, 49, 84, 9859316
0.48, 11.39, 24.27, 276.57, 50, 84, 9871132
0.48, 11.07, 24.09, 266.58, 50, 84, 9882960
0.49, 11.07, 24.30, 268.97, 50, 84, 9894788
0.49, 11.72, 24.27, 284.47, 50, 84, 9906616
0.49, 11.39, 24.33, 277.18, 50, 84, 9918448
0.50, 11.72, 23.84, 279.41, 50, 84, 9930284
0.50, 11.39, 24.36, 277.49, 50, 84, 9942100
0.50, 12.37, 24.11, 298.27, 50, 84, 9953916
0.49, 12.37, 24.17, 298.94, 50, 84, 9965752
0.48, 12.37, 24.19, 299.28, 50, 84, 9977572
0.49, 11.72, 24.30, 284.79, 50, 84, 9989404
0.50, 12.37, 24.06, 297.61, 50, 84, 10001220
0.50, 12.37, 24.06, 297.61, 50, 84, 10013048
0.49, 12.37, 24.03, 297.27, 50, 84, 10024876
0.50, 12.37, 23.74, 293.60, 50, 84, 10036700
0.50, 12.70, 24.14, 306.47, 50, 84, 10048536
0.50, 12.70, 23.76, 301.67, 50, 85, 10060360
0.50, 12.70, 24.14, 306.47, 51, 84, 10072188
0.48, 13.02, 23.71, 308.71, 51, 84, 10084008
0.50, 13.02, 24.01, 312.57, 51, 84, 10095840
0.51, 12.37, 23.65, 292.60, 51, 84, 10107660
0.51, 12.70, 24.38, 309.55, 51, 84, 10119496
0.51, 13.02, 23.74, 309.06, 51, 84, 10131312
0.50, 12.37, 23.92, 295.94, 51, 84, 10143144
0.51, 12.70, 24.06, 305.44, 51, 84, 10154980
0.51, 13.02, 23.71, 308.71, 51, 84, 10166804
0.52, 13.02, 24.03, 312.92, 51, 84, 10178632
0.52, 12.70, 24.49, 310.92, 51, 84, 10190476
0.51, 12.70, 23.84, 302.70, 51, 84, 10202292
0.51, 13.67, 23.71, 324.14, 51, 84, 10214116
0.52, 13.02, 24.03, 312.92, 51, 84, 10225948
0.51, 13.02, 23.68, 308.35, 51, 84, 10237772
0.51, 13.35, 23.79, 317.50, 51, 84, 10249600
0.52, 12.37, 23.65, 292.60, 51, 84, 10261432
0.52, 12.70, 24.01, 304.75, 52, 84, 10273256
0.52, 14.00, 23.87, 334.12, 52, 84, 10285092
0.52, 12.70, 24.01, 304.75, 52, 84, 10296908
0.52, 14.32, 23.68, 339.19, 52, 84, 10308748
0.53, 13.02, 23.74, 309.06, 52, 84, 10320572
0.53, 13.67, 23.68, 323.77, 52, 84, 10332404
0.53, 12.70, 24.01, 304.75, 52, 84, 10344220
0.52, 13.67, 23.63, 323.03, 52, 84, 10356052
0.53, 12.70, 24.27, 308.18, 52, 84, 10367876
0.53, 12.70, 23.90, 303.38, 52, 84, 10379708
0.53, 13.02, 23.87, 310.81, 52, 84, 10391544
0.52, 13.67, 24.25, 331.52, 52, 84, 10403360
0.52, 12.70, 24.19, 307.15, 52, 84, 10415196
0.53, 12.70, 24.25, 307.84, 52, 84, 10427016
0.54, 13.02, 24.09, 313.62, 52, 84, 10438852
0.53, 12.70, 24.14, 306.47, 52, 84, 10450688
0.53, 13.35, 24.22, 323.26, 52, 84, 10462504
0.54, 14.65, 23.79, 348.48, 53, 84, 10474324
0.53, 14.00, 24.14, 337.90, 53, 84, 10486152
0.53, 14.32, 23.87, 341.89, 53, 84, 10497984
0.54, 13.02, 24.30, 316.43, 53, 84, 10509812
0.55, 14.97, 24.11, 361.07, 53, 84, 10521644
0.54, 14.97, 23.79, 356.22, 53, 84, 10533464
0.54, 14.97, 24.01, 359.45, 53, 84, 10545296
0.55, 14.32, 23.87, 341.89, 53, 84, 10557124
0.55, 13.02, 24.33, 316.78, 53, 84, 10568972
0.54, 14.32, 23.90, 342.28, 53, 84, 10580780
0.55, 15.30, 24.03, 367.68, 53, 84, 10592604
0.55, 13.67, 23.74, 324.51, 53, 84, 10604432
0.55, 13.67, 24.03, 328.57, 53, 84, 10616260
0.55, 14.00, 23.87, 334.12, 53, 84, 10628092
0.55, 13.67, 23.90, 326.72, 53, 84, 10639920
0.54, 14.00, 23.82, 333.37, 53, 84, 10651752
0.55, 13.35, 24.30, 324.34, 53, 84, 10663572
0.55, 13.35, 24.17, 322.54, 54, 84, 10675408
0.54, 13.35, 24.22, 323.26, 54, 84, 10687228
0.55, 14.65, 23.68, 346.90, 54, 84, 10699064
0.55, 13.67, 24.25, 331.52, 54, 84, 10710884
0.57, 14.00, 24.30, 340.16, 54, 84, 10722712
0.57, 14.00, 24.14, 337.90, 54, 84, 10734548
0.56, 14.00, 24.60, 344.32, 54, 84, 10746372
0.56, 14.32, 24.01, 343.83, 54, 84, 10758204
0.57, 14.65, 24.46, 358.36, 54, 84, 10770028
0.57, 14.65, 24.03, 352.03, 54, 84, 10781856
0.56, 15.63, 23.87, 372.97, 54, 84, 10793680
0.57, 14.97, 24.14, 361.47, 54, 84, 10805512
0.56, 15.30, 23.63, 361.49, 54, 84, 10817336
0.57, 14.32, 24.30, 348.07, 54, 84, 10829172
0.57, 14.97, 23.84, 357.03, 54, 85, 10840984
0.55, 14.32, 24.14, 345.76, 54, 84, 10852808
0.57, 15.63, 23.76, 371.29, 54, 84, 10864644
0.57, 14.65, 24.11, 353.22, 55, 84, 10876464
0.57, 15.63, 23.98, 374.66, 55, 84, 10888296
0.57, 15.63, 24.09, 376.35, 55, 84, 10900116
0.57, 15.95, 24.25, 386.77, 55, 84, 10911948
0.58, 15.95, 23.60, 376.44, 55, 84, 10923768
0.58, 14.97, 24.33, 364.30, 55, 84, 10935604
0.58, 15.95, 23.60, 376.44, 55, 84, 10947420
0.57, 15.63, 23.38, 365.39, 55, 84, 10959248
0.58, 15.30, 23.63, 361.49, 55, 84, 10971080
0.58, 14.97, 24.19, 362.28, 55, 84, 10982900
0.58, 14.65, 24.11, 353.22, 55, 84, 10994736
0.59, 14.97, 24.25, 363.09, 55, 84, 11006552
0.58, 15.63, 23.98, 374.66, 55, 84, 11018388
0.59, 15.95, 23.65, 377.30, 55, 84, 11030204
0.59, 16.28, 23.87, 388.52, 55, 84, 11042036
0.58, 15.30, 24.11, 368.92, 55, 84, 11053856
0.58, 16.28, 23.63, 384.56, 55, 84, 11065684
0.58, 14.65, 24.14, 353.61, 56, 84, 11077508
0.59, 15.95, 23.38, 373.00, 56, 84, 11089352
0.59, 15.63, 24.19, 378.03, 56, 84, 11101168
0.59, 16.60, 23.92, 397.18, 56, 84, 11112992
0.60, 17.58, 24.01, 421.97, 56, 84, 11124820
0.60, 16.60, 23.49, 390.02, 56, 84, 11136644
0.59, 16.60, 23.87, 396.29, 56, 84, 11148476
0.60, 15.95, 24.11, 384.62, 56, 84, 11160292
0.60, 15.63, 24.14, 377.19, 56, 84, 11172128
0.60, 16.60, 24.14, 400.76, 56, 84, 11183948
0.60, 15.95, 24.06, 383.76, 56, 84, 11195780
0.60, 16.93, 24.06, 407.25, 56, 84, 11207612
0.61, 17.25, 23.68, 408.57, 56, 84, 11219436
0.60, 17.25, 23.82, 410.90, 56, 84, 11231272
0.60, 16.60, 23.60, 391.81, 56, 84, 11243088
0.60, 16.28, 23.63, 384.56, 56, 84, 11254924
0.61, 16.60, 24.30, 403.45, 56, 84, 11266744
0.61, 16.93, 24.25, 410.45, 57, 84, 11278572
0.59, 17.25, 23.92, 412.76, 57, 84, 11290396
0.60, 17.25, 24.01, 414.15, 57, 84, 11302224
0.61, 16.28, 23.95, 389.83, 57, 84, 11314048
0.61, 16.28, 24.22, 394.22, 57, 84, 11325872
0.62, 16.28, 23.98, 390.27, 57, 84, 11337708
0.63, 17.25, 24.01, 414.15, 57, 84, 11349528
0.63, 17.58, 23.98, 421.49, 57, 84, 11361360
0.62, 17.25, 23.76, 409.96, 57, 84, 11373184
0.62, 17.58, 23.36, 410.59, 57, 84, 11385012
0.64, 17.25, 24.01, 414.15, 57, 84, 11396832
0.62, 16.60, 24.33, 403.90, 57, 84, 11408664
0.62, 17.90, 23.87, 427.37, 57, 84, 11420484
0.61, 17.90, 23.90, 427.85, 57, 84, 11432312
0.62, 17.58, 23.60, 414.86, 57, 84, 11444140
0.63, 16.28, 24.14, 392.91, 57, 84, 11455964
0.62, 16.93, 24.14, 408.62, 57, 84, 11467800
0.63, 17.58, 23.79, 418.17, 58, 84, 11479616
0.62, 17.90, 24.01, 429.78, 58, 84, 11491452
0.63, 17.58, 23.63, 415.33, 58, 84, 11503272
0.62, 17.25, 23.90, 412.29, 58, 84, 11515104
0.63, 17.25, 24.25, 418.34, 58, 84, 11526924
0.64, 17.25, 23.95, 413.22, 58, 84, 11538756
0.64, 18.88, 23.74, 448.13, 58, 84, 11550580
0.64, 17.90, 23.60, 422.54, 58, 84, 11562404
0.64, 17.90, 23.90, 427.85, 58, 84, 11574236
0.64, 17.25, 24.19, 417.41, 58, 84, 11586060
0.64, 17.25, 24.17, 416.94, 58, 84, 11597888
0.64, 18.23, 23.63, 430.71, 58, 84, 11609708
0.63, 18.55, 23.87, 442.91, 58, 84, 11621544
0.63, 17.25, 24.14, 416.48, 58, 84, 11633364
0.64, 17.90, 24.27, 434.61, 58, 84, 11645200
0.63, 18.23, 24.57, 447.92, 58, 84, 11657024
0.65, 17.58, 24.46, 430.03, 58, 84, 11668852
0.65, 18.23, 23.71, 432.19, 59, 84, 11680680
0.63, 17.90, 23.52, 421.09, 59, 84, 11692508
0.64, 17.58, 23.71, 416.75, 59, 84, 11704344
0.65, 18.23, 24.54, 447.43, 59, 84, 11716168
0.65, 18.23, 24.19, 441.04, 59, 84, 11728004
0.65, 18.23, 23.65, 431.20, 59, 84, 11739824
0.65, 18.88, 23.76, 448.64, 59, 84, 11751656
0.66, 17.90, 24.30, 435.09, 59, 84, 11763480
0.65, 17.90, 23.98, 429.30, 59, 84, 11775308
0.65, 19.21, 23.52, 451.71, 59, 84, 11787136
0.66, 18.23, 23.87, 435.14, 59, 84, 11798960
0.66, 19.21, 23.71, 455.34, 59, 84, 11810816
0.66, 18.88, 23.92, 451.70, 59, 84, 11822620
0.65, 19.21, 24.38, 468.29, 59, 84, 11834456
0.66, 19.21, 23.60, 453.27, 59, 84, 11846276
0.65, 19.53, 23.82, 465.16, 59, 84, 11858108
0.65, 18.88, 24.14, 455.77, 59, 84, 11869928
0.65, 19.86, 24.36, 483.63, 60, 84, 11881760
0.65, 19.21, 23.52, 451.71, 60, 84, 11893584
0.66, 19.21, 23.28, 447.05, 60, 84, 11905408
0.67, 18.23, 24.14, 440.05, 60, 84, 11917244
0.66, 19.86, 23.98, 476.13, 60, 84, 11929068
0.66, 19.86, 23.95, 475.60, 60, 84, 11940900
0.67, 18.55, 23.79, 441.41, 60, 84, 11952724
0.67, 18.88, 24.25, 457.81, 60, 84, 11964556
0.68, 20.51, 24.06, 493.40, 60, 84, 11976384
0.67, 20.18, 23.55, 475.23, 60, 84, 11988216
0.68, 19.21, 24.22, 465.18, 60, 84, 12000036
0.67, 19.21, 24.36, 467.77, 60, 84, 12011864
0.66, 19.86, 23.38, 464.35, 60, 84, 12023692
0.66, 18.55, 23.74, 440.41, 60, 84, 12035520
0.67, 19.53, 24.19, 472.54, 60, 84, 12047352
0.67, 19.86, 23.68, 470.24, 60, 84, 12059172
0.66, 20.51, 24.11, 494.51, 60, 84, 12071024
0.67, 19.21, 23.90, 458.97, 61, 84, 12082832
0.69, 19.86, 24.30, 482.56, 61, 84, 12094668
0.68, 20.51, 23.76, 487.32, 61, 84, 12106484
0.68, 20.51, 23.47, 481.23, 61, 84, 12118316
0.68, 18.88, 24.03, 453.73, 61, 84, 12130140
0.68, 20.83, 23.82, 496.18, 61, 84, 12141968
0.69, 20.51, 23.47, 481.23, 61, 84, 12153800
0.69, 21.16, 24.25, 513.06, 61, 84, 12165624
0.70, 20.51, 23.90, 490.08, 61, 84, 12177456
0.68, 20.83, 24.27, 505.73, 61, 84, 12189296
0.69, 20.51, 23.95, 491.19, 61, 84, 12201116
0.69, 20.18, 23.68, 477.95, 61, 84, 12212936
0.68, 21.81, 23.90, 521.20, 61, 84, 12224768
0.69, 20.18, 23.98, 483.94, 61, 84, 12236592
0.69, 19.86, 24.19, 480.42, 61, 84, 12248420
0.69, 20.83, 23.52, 489.99, 61, 84, 12260240
0.70, 19.86, 24.06, 477.74, 61, 84, 12272072
0.69, 20.83, 23.92, 498.42, 62, 84, 12283904
0.70, 20.18, 23.68, 477.95, 62, 84, 12295724
0.70, 20.83, 23.82, 496.18, 62, 84, 12307564
0.70, 22.46, 23.63, 530.70, 62, 84, 12319380
0.71, 21.48, 23.60, 507.05, 62, 84, 12331220
0.70, 19.86, 23.84, 473.45, 62, 84, 12343040
0.71, 19.86, 24.06, 477.74, 62, 84, 12354876
0.72, 20.51, 23.57, 483.44, 62, 84, 12366696
0.73, 20.18, 23.82, 480.67, 62, 84, 12378520
0.71, 22.14, 24.03, 531.96, 62, 84, 12390356
0.70, 20.83, 24.14, 502.92, 62, 84, 12402176
0.70, 20.83, 23.92, 498.42, 62, 84, 12414012
0.71, 22.14, 23.49, 520.02, 62, 84, 12425832
0.72, 21.48, 23.90, 513.42, 62, 84, 12437660
0.71, 20.18, 23.74, 479.04, 62, 84, 12449500
0.72, 21.81, 23.47, 511.79, 62, 84, 12461316
0.72, 21.81, 23.84, 520.02, 62, 84, 12473136
0.71, 22.14, 23.71, 524.80, 63, 84, 12484960
0.71, 21.16, 23.79, 503.36, 63, 84, 12496788
0.71, 20.83, 23.33, 486.06, 63, 84, 12508616
0.71, 22.79, 23.84, 543.31, 63, 84, 12520448
0.71, 21.81, 23.65, 515.90, 63, 84, 12532272
0.73, 22.14, 24.11, 533.75, 63, 84, 12544104
0.73, 21.16, 23.74, 502.22, 63, 84, 12555924
0.72, 22.14, 24.65, 545.69, 63, 84, 12567756
0.73, 22.14, 23.17, 512.86, 63, 84, 12579580
0.73, 21.16, 23.68, 501.07, 63, 84, 12591416
0.74, 23.11, 23.30, 538.60, 63, 84, 12603236
0.73, 21.16, 24.17, 511.35, 63, 84, 12615064
0.72, 22.46, 24.09, 541.00, 63, 84, 12626904
0.72, 23.44, 23.36, 547.45, 63, 84, 12638724
0.72, 21.48, 24.17, 519.21, 63, 84, 12650560
0.73, 23.76, 23.55, 559.54, 63, 84, 12662380
0.73, 23.44, 23.36, 547.45, 63, 84, 12674216
0.72, 22.14, 23.60, 522.41, 64, 84, 12686036
0.73, 22.46, 23.52, 528.28, 64, 84, 12697872
0.73, 23.11, 23.76, 549.20, 64, 84, 12709692
0.74, 23.11, 23.30, 538.60, 64, 84, 12721520
0.75, 23.44, 23.90, 560.09, 64, 84, 12733344
0.74, 22.46, 23.44, 526.46, 64, 84, 12745172
0.75, 22.79, 23.95, 545.77, 64, 84, 12757004
0.76, 23.76, 23.38, 555.70, 64, 84, 12768824
0.76, 22.46, 24.11, 541.60, 64, 84, 12780656
0.75, 23.44, 23.74, 556.30, 64, 84, 12792484
0.74, 22.79, 23.82, 542.69, 64, 84, 12804316
0.75, 22.14, 23.38, 517.63, 64, 84, 12816132
0.75, 21.81, 23.74, 517.67, 64, 84, 12827968
0.73, 23.44, 24.17, 566.42, 64, 84, 12839788
0.74, 23.44, 24.33, 570.21, 64, 84, 12851620
0.75, 24.74, 23.52, 581.87, 64, 84, 12863456
0.75, 22.46, 23.95, 537.97, 64, 84, 12875280
0.75, 23.44, 23.41, 548.72, 65, 84, 12887112
0.75, 22.14, 23.95, 530.17, 65, 84, 12898936
0.74, 23.44, 24.41, 572.11, 65, 84, 12910768
0.75, 23.11, 23.74, 548.57, 65, 84, 12922592
0.77, 24.41, 24.17, 590.02, 65, 84, 12934424
0.76, 23.44, 23.41, 548.72, 65, 84, 12946248
0.75, 23.11, 23.79, 549.82, 65, 84, 12958080
0.76, 23.76, 23.49, 558.26, 65, 84, 12969916
0.76, 25.07, 24.19, 606.43, 65, 84, 12981736
0.76, 23.11, 22.98, 531.12, 65, 84, 12993572
0.77, 26.04, 23.87, 621.62, 65, 84, 13005392
0.76, 23.11, 23.63, 546.08, 65, 84, 13017224
0.77, 24.09, 23.44, 564.61, 65, 84, 13029044
0.78, 23.44, 23.76, 556.93, 65, 84, 13040880
0.76, 25.07, 23.09, 578.71, 65, 84, 13052700
0.78, 23.44, 24.11, 565.15, 65, 84, 13064528
0.78, 24.09, 23.44, 564.61, 65, 84, 13076356
0.77, 24.74, 23.82, 589.21, 66, 84, 13088184
0.76, 23.44, 23.47, 549.98, 66, 84, 13100016
0.77, 24.41, 23.17, 565.65, 66, 84, 13111836
0.77, 23.44, 23.03, 539.86, 66, 84, 13123676
0.77, 24.09, 23.28, 560.71, 66, 84, 13135496
0.78, 23.44, 23.49, 550.61, 66, 84, 13147328
0.79, 25.72, 23.52, 604.84, 66, 84, 13159148
0.79, 25.39, 23.44, 595.13, 66, 84, 13171000
0.79, 23.11, 23.57, 544.83, 66, 85, 13182808
0.79, 24.09, 23.71, 571.10, 66, 84, 13194636
0.78, 24.09, 24.01, 578.25, 66, 84, 13206472
0.77, 25.39, 23.52, 597.18, 66, 84, 13218288
0.78, 22.79, 23.68, 539.62, 66, 84, 13230124
0.78, 25.07, 23.44, 587.50, 66, 84, 13241944
0.78, 24.74, 23.76, 587.87, 66, 84, 13253780
0.80, 23.76, 24.25, 576.21, 66, 84, 13265600
0.79, 25.07, 24.14, 605.07, 66, 84, 13277432
0.79, 24.41, 23.90, 583.43, 67, 84, 13289252
0.79, 24.74, 23.63, 584.54, 67, 84, 13301076
0.78, 26.04, 23.44, 610.39, 67, 84, 13312904
0.78, 25.39, 24.38, 619.10, 67, 84, 13324732
0.80, 25.39, 23.57, 598.55, 67, 84, 13336568
0.80, 24.41, 23.90, 583.43, 67, 84, 13348388
0.81, 24.74, 23.28, 575.86, 67, 84, 13360220
0.81, 26.69, 23.63, 630.69, 67, 84, 13372040
0.81, 24.74, 23.52, 581.87, 67, 84, 13383872
0.80, 24.09, 23.65, 569.80, 67, 84, 13395696
0.81, 25.72, 23.38, 601.37, 67, 84, 13407528
0.81, 25.07, 24.30, 609.13, 67, 84, 13419352
0.80, 26.04, 23.52, 612.49, 67, 84, 13431192
0.81, 25.07, 23.60, 591.55, 67, 84, 13443008
0.81, 25.39, 23.52, 597.18, 67, 84, 13454828
0.81, 25.07, 23.79, 596.29, 67, 84, 13466664
0.80, 27.02, 23.38, 631.82, 67, 84, 13478488
0.80, 24.09, 23.38, 563.31, 68, 84, 13490320
0.79, 25.72, 23.38, 601.37, 68, 84, 13502144
0.81, 25.39, 24.33, 617.73, 68, 84, 13513980
0.81, 25.07, 24.09, 603.72, 68, 84, 13525804
0.80, 26.69, 24.01, 640.76, 68, 84, 13537632
0.83, 24.41, 23.65, 577.50, 68, 84, 13549472
0.82, 26.04, 23.41, 609.68, 68, 84, 13561284
0.81, 25.72, 23.28, 598.59, 68, 84, 13573116
0.81, 26.69, 24.06, 642.20, 68, 84, 13584936
0.81, 24.74, 23.25, 575.20, 68, 84, 13596768
0.83, 26.04, 23.60, 614.60, 68, 84, 13608592
0.81, 25.72, 24.57, 631.89, 68, 84, 13620428
0.82, 26.04, 23.47, 611.09, 68, 84, 13632252
0.83, 26.04, 23.55, 613.20, 68, 84, 13644084
0.81, 27.67, 23.63, 653.76, 68, 84, 13655904
0.82, 25.72, 24.14, 620.79, 68, 84, 13667732
0.82, 26.69, 23.33, 622.77, 68, 84, 13679564
0.82, 25.72, 23.55, 605.53, 69, 84, 13691404
0.81, 27.67, 23.98, 663.46, 69, 84, 13703220
0.83, 28.65, 23.79, 681.47, 69, 84, 13715040
0.84, 25.39, 23.79, 604.03, 69, 84, 13726872
0.83, 28.32, 23.47, 664.56, 69, 84, 13738696
0.83, 27.02, 23.87, 644.94, 69, 84, 13750528
0.82, 27.34, 23.60, 645.33, 69, 84, 13762348
0.83, 26.69, 23.17, 618.45, 69, 84, 13774172
0.83, 27.67, 23.44, 648.54, 69, 84, 13786000
0.83, 27.67, 23.68, 655.25, 69, 84, 13797828
0.83, 25.39, 23.14, 587.59, 69, 84, 13809680
0.84, 25.72, 23.87, 613.85, 69, 84, 13821480
0.84, 26.69, 23.14, 617.73, 69, 84, 13833316
0.83, 26.69, 23.20, 619.17, 69, 84, 13845140
0.84, 26.69, 24.27, 647.96, 69, 84, 13856976
0.83, 27.02, 23.36, 631.09, 69, 84, 13868800
0.83, 28.32, 23.20, 656.92, 69, 84, 13880632
0.83, 27.02, 23.30, 629.63, 70, 84, 13892452
0.83, 28.97, 23.03, 667.33, 70, 84, 13904280
0.84, 26.69, 24.19, 645.80, 70, 84, 13916116
0.84, 27.02, 23.20, 626.72, 70, 84, 13927940
0.85, 27.67, 23.98, 663.46, 70, 84, 13939768
0.84, 29.62, 23.52, 696.71, 70, 84, 13951588
0.84, 28.65, 23.98, 686.88, 70, 84, 13963424
0.86, 27.67, 23.49, 650.03, 70, 84, 13975244
0.86, 26.37, 23.79, 627.26, 70, 84, 13987080
0.85, 27.99, 23.95, 670.51, 70, 84, 13998900
0.85, 29.62, 24.25, 718.28, 70, 84, 14010732
0.85, 28.65, 24.22, 693.83, 70, 84, 14022560
0.84, 28.32, 23.84, 675.25, 70, 84, 14034384
0.85, 26.37, 23.20, 611.62, 70, 84, 14046220
0.86, 26.69, 23.71, 632.85, 70, 84, 14058036
0.84, 27.99, 23.71, 663.72, 70, 84, 14069872
0.84, 29.62, 23.25, 688.72, 70, 84, 14081692
0.84, 27.67, 23.65, 654.51, 71, 84, 14093524
0.86, 28.97, 24.49, 709.53, 71, 84, 14105340
0.85, 27.99, 23.49, 657.68, 71, 84, 14117176
0.86, 27.67, 23.98, 663.46, 71, 84, 14128996
0.88, 28.32, 23.79, 673.72, 71, 84, 14140828
0.86, 29.62, 23.65, 700.71, 71, 84, 14152664
0.87, 29.62, 24.03, 711.89, 71, 84, 14164484
0.87, 29.30, 24.46, 716.71, 71, 84, 14176320
0.87, 27.67, 23.90, 661.22, 71, 84, 14188140
0.87, 27.34, 23.47, 641.64, 71, 84, 14199972
0.86, 28.65, 23.17, 663.70, 71, 84, 14211796
0.88, 31.58, 23.41, 739.24, 71, 84, 14223632
0.87, 30.27, 24.17, 731.62, 71, 84, 14235452
0.87, 29.30, 24.11, 706.44, 71, 84, 14247284
0.88, 29.30, 24.17, 708.02, 71, 84, 14259112
0.87, 28.97, 24.11, 698.59, 71, 84, 14270940
0.85, 28.97, 24.01, 695.46, 71, 84, 14282772
0.86, 28.97, 23.60, 683.74, 72, 84, 14294600
0.87, 29.30, 23.06, 675.62, 72, 84, 14306432
0.85, 28.97, 23.17, 671.24, 72, 84, 14318252
0.87, 29.95, 24.25, 726.18, 72, 84, 14330088
0.88, 28.65, 23.38, 669.88, 72, 84, 14341912
0.88, 29.95, 23.68, 709.21, 72, 84, 14353740
0.89, 28.65, 23.79, 681.47, 72, 84, 14365568
0.89, 29.62, 24.36, 721.48, 72, 84, 14377396
0.88, 29.95, 23.65, 708.41, 72, 84, 14389228
0.88, 28.97, 23.44, 679.05, 72, 85, 14401052
0.88, 29.95, 23.55, 705.17, 72, 84, 14412884
0.87, 30.92, 23.65, 731.51, 72, 84, 14424708
0.89, 31.58, 23.49, 741.80, 72, 84, 14436544
0.88, 30.60, 23.68, 724.63, 72, 84, 14448364
0.88, 29.62, 23.57, 698.31, 72, 84, 14460196
0.89, 30.27, 23.65, 716.11, 72, 84, 14472016
0.87, 29.62, 24.09, 713.49, 72, 84, 14483848
0.88, 29.62, 23.76, 703.90, 73, 84, 14495680
0.87, 30.60, 23.57, 721.33, 73, 84, 14507500
0.89, 30.27, 23.60, 714.47, 73, 84, 14519336
0.88, 30.27, 24.17, 731.62, 73, 84, 14531160
0.89, 29.62, 23.92, 708.70, 73, 84, 14542996
0.90, 29.95, 23.90, 715.68, 73, 84, 14554816
0.89, 29.95, 23.12, 692.25, 73, 84, 14566652
0.91, 31.58, 23.17, 731.58, 73, 84, 14578476
0.89, 31.90, 23.22, 740.84, 73, 84, 14590300
0.89, 29.95, 23.84, 714.06, 73, 85, 14602128
0.90, 29.62, 23.33, 691.12, 73, 84, 14613956
0.89, 31.58, 22.98, 725.61, 73, 84, 14625788
0.91, 31.25, 23.33, 729.09, 73, 84, 14637612
0.89, 31.90, 22.93, 731.37, 73, 84, 14649444
0.90, 30.92, 23.14, 715.66, 73, 84, 14661268
0.89, 31.90, 23.25, 741.70, 73, 84, 14673100
0.89, 31.25, 23.60, 737.52, 73, 84, 14684920
0.90, 31.58, 23.03, 727.32, 74, 84, 14696756
0.88, 30.27, 23.38, 707.94, 74, 84, 14708572
0.89, 29.95, 22.98, 688.21, 74, 84, 14720400
0.90, 31.25, 23.28, 727.41, 74, 84, 14732232
0.93, 32.88, 23.71, 779.48, 74, 84, 14744052
0.92, 30.92, 23.76, 734.84, 74, 84, 14755888
0.92, 32.55, 24.09, 784.05, 74, 84, 14767708
0.92, 31.25, 23.79, 743.42, 74, 84, 14779540
0.91, 31.90, 23.25, 741.70, 74, 84, 14791376
0.92, 31.25, 23.36, 729.93, 74, 84, 14803196
0.91, 32.88, 23.55, 774.16, 74, 84, 14815016
0.90, 31.25, 23.84, 745.11, 74, 84, 14826848
0.92, 33.20, 23.47, 779.14, 74, 84, 14838672
0.92, 32.55, 23.76, 773.52, 74, 84, 14850500
0.92, 32.23, 23.30, 751.01, 74, 84, 14862328
0.91, 31.90, 22.87, 729.65, 74, 84, 14874152
0.91, 33.20, 23.33, 774.66, 74, 84, 14885984
0.91, 32.23, 23.41, 754.48, 75, 84, 14897808
0.92, 33.20, 23.52, 780.93, 75, 84, 14909656
0.92, 31.58, 23.52, 742.65, 75, 84, 14921460
0.93, 32.88, 23.09, 759.08, 75, 84, 14933296
0.93, 32.55, 24.22, 788.44, 75, 84, 14945116
0.93, 31.90, 23.63, 753.75, 75, 84, 14956940
0.93, 31.90, 23.47, 748.58, 75, 84, 14968776
0.93, 33.20, 23.12, 767.50, 75, 84, 14980596
0.94, 33.53, 23.63, 792.20, 75, 84, 14992428
0.93, 33.85, 23.36, 790.76, 75, 84, 15004252
0.94, 33.53, 22.87, 766.88, 75, 84, 15016088
0.93, 32.55, 23.65, 770.01, 75, 84, 15027904
0.93, 33.53, 23.92, 802.15, 75, 84, 15039740
0.93, 32.88, 23.22, 763.52, 75, 84, 15051576
0.93, 32.23, 23.44, 755.35, 75, 84, 15063388
0.94, 33.85, 23.47, 794.41, 75, 84, 15075212
0.92, 33.53, 22.71, 761.45, 75, 84, 15087040
0.93, 34.51, 23.09, 796.66, 76, 84, 15098876
0.93, 31.90, 23.17, 739.12, 76, 84, 15110696
0.93, 32.55, 23.44, 762.98, 76, 84, 15122528
0.93, 32.88, 23.87, 784.80, 76, 84, 15134348
0.94, 35.16, 23.71, 833.50, 76, 84, 15146180
0.95, 33.85, 23.63, 799.89, 76, 84, 15158004
0.95, 33.53, 23.49, 787.68, 76, 84, 15169852
0.95, 34.51, 23.47, 809.69, 76, 85, 15181660
0.93, 33.85, 23.33, 789.85, 76, 84, 15193488
0.92, 33.20, 23.14, 768.39, 76, 84, 15205324
0.93, 33.53, 23.60, 791.30, 76, 84, 15217148
0.95, 35.16, 23.44, 824.02, 76, 84, 15228984
0.95, 34.51, 23.36, 805.97, 76, 85, 15240808
0.94, 34.18, 23.57, 805.74, 76, 84, 15252644
0.95, 33.85, 22.98, 777.98, 76, 84, 15264464
0.95, 35.48, 23.33, 827.82, 76, 84, 15276300
0.95, 33.53, 23.30, 781.35, 76, 84, 15288124
0.95, 34.51, 23.82, 821.79, 77, 84, 15299952
0.94, 32.88, 22.93, 753.76, 77, 84, 15311800
0.95, 35.16, 23.03, 809.80, 77, 85, 15323608
0.94, 34.83, 23.14, 806.06, 77, 84, 15335440
0.94, 34.18, 23.30, 796.52, 77, 84, 15347264
0.95, 34.18, 23.63, 807.58, 77, 84, 15359100
0.96, 36.13, 23.38, 844.96, 77, 84, 15370924
0.96, 35.48, 23.52, 834.52, 77, 84, 15382760
0.95, 35.16, 23.38, 822.12, 77, 84, 15394584
0.95, 35.16, 22.95, 806.95, 77, 84, 15406408
0.95, 36.46, 23.63, 861.42, 77, 84, 15418236
0.95, 35.16, 23.33, 820.23, 77, 84, 15430080
0.95, 35.48, 23.03, 817.30, 77, 84, 15441900
0.95, 34.83, 23.44, 816.39, 77, 84, 15453720
0.95, 35.16, 23.47, 824.97, 77, 84, 15465556
0.96, 37.43, 23.57, 882.48, 77, 84, 15477380
0.97, 35.48, 23.57, 836.44, 77, 84, 15489216
0.95, 33.85, 23.52, 796.24, 78, 84, 15501036
0.95, 34.51, 24.06, 830.17, 78, 84, 15512872
0.96, 35.16, 23.17, 814.54, 78, 84, 15524696
0.95, 36.46, 23.44, 854.54, 78, 84, 15536524
0.97, 34.83, 23.41, 815.45, 78, 84, 15548356
0.98, 36.46, 23.47, 855.52, 78, 84, 15560176
0.97, 36.13, 23.30, 842.04, 78, 84, 15572012
0.98, 35.48, 23.49, 833.57, 78, 84, 15583836
0.97, 35.48, 23.90, 847.92, 78, 84, 15595664
0.97, 37.43, 23.49, 879.45, 78, 84, 15607488
0.97, 35.48, 23.14, 821.12, 78, 84, 15619320
0.96, 36.13, 23.84, 861.53, 78, 84, 15631140
0.96, 37.43, 23.25, 870.36, 78, 84, 15642968
0.97, 36.13, 23.36, 843.99, 78, 84, 15654800
0.98, 36.78, 23.36, 859.19, 78, 84, 15666628
0.97, 37.11, 23.90, 886.82, 78, 84, 15678464
0.97, 36.46, 23.22, 846.67, 78, 84, 15690284
0.96, 35.81, 23.20, 830.59, 79, 84, 15702116
0.97, 36.46, 23.36, 851.59, 79, 84, 15713940
0.97, 36.46, 23.01, 838.81, 79, 84, 15725772
0.97, 36.46, 24.09, 878.14, 79, 84, 15737592
0.98, 37.43, 22.63, 847.14, 79, 84, 15749424
0.97, 36.46, 23.20, 845.69, 79, 85, 15761248
0.98, 36.78, 23.92, 880.03, 79, 84, 15773076
0.99, 37.11, 23.57, 874.80, 79, 84, 15784908
0.97, 35.81, 23.36, 836.38, 79, 84, 15796728
0.98, 36.78, 23.47, 863.16, 79, 84, 15808564
0.99, 38.09, 22.79, 868.04, 79, 84, 15820388
0.98, 36.13, 23.17, 837.16, 79, 84, 15832220
0.99, 38.41, 22.49, 864.06, 79, 84, 15844040
0.99, 36.13, 23.60, 852.76, 79, 84, 15855872
0.99, 38.41, 23.82, 914.82, 79, 84, 15867696
0.98, 38.74, 23.01, 891.23, 79, 84, 15879524
0.98, 36.78, 23.71, 872.09, 79, 84, 15891348
0.98, 38.41, 23.22, 892.03, 80, 84, 15903180
0.98, 36.78, 23.44, 862.17, 80, 84, 15915012
0.99, 37.43, 23.25, 870.36, 80, 84, 15926832
0.99, 38.41, 22.98, 882.71, 80, 84, 15938668
0.98, 37.43, 23.92, 895.60, 80, 84, 15950488
0.98, 38.41, 22.82, 876.49, 80, 84, 15962320
1.00, 38.09, 23.47, 893.72, 80, 84, 15974140
1.00, 39.39, 23.22, 914.71, 80, 84, 15985972
0.99, 37.43, 23.90, 894.59, 80, 84, 15997792
1.00, 38.74, 23.09, 894.37, 80, 84, 16009620
1.00, 37.76, 23.49, 887.10, 80, 84, 16021456
1.00, 38.41, 22.74, 873.38, 80, 84, 16033272
1.00, 37.11, 23.17, 859.79, 80, 84, 16045108
1.00, 39.06, 22.63, 883.97, 80, 84, 16056928
1.01, 37.76, 23.25, 877.93, 80, 84, 16068760
1.00, 37.76, 22.66, 855.52, 80, 84, 16080580
1.00, 37.43, 23.22, 869.35, 80, 84, 16092416
0.99, 38.41, 22.93, 880.63, 81, 84, 16104232
0.99, 37.11, 22.76, 844.78, 81, 84, 16116064
1.00, 38.09, 23.63, 899.88, 81, 84, 16127888
1.00, 38.41, 23.25, 893.07, 81, 84, 16139716
1.01, 39.71, 22.63, 898.70, 81, 84, 16151548
0.99, 39.06, 23.36, 912.42, 81, 84, 16163372
1.00, 38.74, 22.76, 881.83, 81, 84, 16175200
1.01, 39.71, 23.12, 917.98, 81, 84, 16187020
1.00, 38.09, 23.06, 878.31, 81, 84, 16198856
1.01, 40.36, 22.90, 924.32, 81, 84, 16210676
1.00, 38.74, 22.82, 883.92, 81, 84, 16222512
0.99, 38.41, 22.66, 870.27, 81, 84, 16234332
1.00, 37.76, 23.25, 877.93, 81, 84, 16246156
1.00, 39.71, 23.14, 919.06, 81, 84, 16257988
1.01, 38.09, 23.49, 894.74, 81, 84, 16269828
0.99, 40.36, 23.14, 934.12, 81, 84, 16281644
0.99, 40.69, 23.03, 937.27, 81, 84, 16293464
1.00, 37.43, 22.79, 853.20, 82, 84, 16305296
1.01, 38.74, 23.12, 895.41, 82, 84, 16317116
1.01, 39.71, 23.33, 926.55, 82, 84, 16328952
1.01, 37.76, 23.33, 880.99, 82, 84, 16340768
1.02, 39.39, 23.33, 918.96, 82, 84, 16352596
1.02, 39.71, 23.98, 952.26, 82, 84, 16364424
1.02, 38.74, 22.79, 882.87, 82, 84, 16376252
1.02, 40.69, 23.95, 974.58, 82, 84, 16388084
1.01, 39.71, 23.41, 929.77, 82, 84, 16399904
1.02, 39.06, 23.82, 930.33, 82, 84, 16411752
1.02, 41.02, 23.52, 964.68, 82, 84, 16423556
1.02, 39.06, 22.74, 888.19, 82, 84, 16435388
1.01, 40.04, 22.63, 906.07, 82, 84, 16447212
1.00, 40.04, 24.09, 964.39, 82, 84, 16459040
1.01, 39.71, 23.84, 946.91, 82, 84, 16470864
1.02, 41.67, 23.28, 969.87, 82, 84, 16482688
1.02, 39.71, 24.11, 957.62, 82, 84, 16494524
1.01, 40.04, 23.79, 952.51, 83, 84, 16506344
1.01, 39.06, 23.71, 926.12, 83, 84, 16518172
1.01, 40.69, 23.49, 955.92, 83, 84, 16530012
1.02, 40.69, 23.68, 963.61, 83, 84, 16541828
1.03, 39.71, 23.33, 926.55, 83, 84, 16553652
1.03, 40.04, 22.76, 911.47, 83, 84, 16565484
1.03, 41.34, 23.03, 952.26, 83, 84, 16577304
1.03, 40.04, 23.79, 952.51, 83, 84, 16589128
1.03, 40.36, 23.60, 952.63, 83, 84, 16600952
1.01, 40.04, 23.30, 933.07, 83, 84, 16612784
1.02, 41.34, 23.55, 973.45, 83, 84, 16624616
1.03, 42.32, 23.68, 1002.15, 83, 84, 16636440
1.04, 39.71, 22.98, 912.63, 83, 84, 16648268
1.04, 40.69, 23.17, 942.75, 83, 84, 16660088
1.01, 39.71, 23.28, 924.41, 83, 84, 16671940
1.02, 40.04, 23.71, 949.27, 83, 84, 16683744
1.02, 41.34, 23.52, 972.33, 83, 84, 16695580
1.04, 41.02, 23.28, 954.72, 84, 84, 16707404
1.04, 42.97, 22.95, 986.28, 84, 84, 16719232
1.02, 40.69, 23.49, 955.92, 84, 84, 16731064
1.03, 40.36, 23.09, 931.95, 84, 84, 16742888
1.02, 41.67, 23.12, 963.13, 84, 84, 16754724
1.02, 41.99, 22.93, 962.73, 84, 84, 16766544
1.03, 40.04, 23.63, 946.03, 84, 84, 16778380
1.03, 41.02, 22.90, 939.23, 84, 84, 16790216
1.05, 40.04, 23.55, 942.79, 84, 84, 16802036
1.04, 40.69, 23.28, 947.14, 84, 84, 16813860
1.03, 42.97, 23.22, 997.87, 84, 84, 16825688
1.04, 40.69, 23.47, 954.83, 84, 84, 16837516
1.03, 40.36, 23.20, 936.30, 84, 84, 16849344
1.03, 40.69, 23.22, 944.95, 84, 84, 16861176
1.03, 41.67, 23.36, 973.25, 84, 84, 16873000
1.05, 41.34, 23.25, 961.18, 84, 84, 16884832
1.04, 42.64, 22.93, 977.65, 84, 84, 16896656
1.02, 41.67, 23.76, 990.10, 85, 84, 16908488
1.03, 41.02, 23.09, 946.98, 85, 84, 16920312
1.05, 42.97, 23.22, 997.87, 85, 84, 16932160
1.03, 41.67, 23.12, 963.13, 85, 85, 16943964
1.04, 41.34, 23.20, 958.95, 85, 84, 16955788
1.05, 41.99, 23.12, 970.66, 85, 84, 16967620
1.05, 42.32, 23.09, 977.04, 85, 84, 16979440
1.05, 40.69, 23.03, 937.27, 85, 84, 16991276
1.05, 42.97, 22.98, 987.43, 85, 84, 17003096
1.05, 42.32, 23.25, 983.89, 85, 84, 17014932
1.04, 41.99, 23.60, 991.04, 85, 84, 17026752
1.04, 41.34, 23.01, 951.15, 85, 84, 17038588
1.05, 41.67, 23.28, 969.87, 85, 84, 17050412
1.05, 41.67, 22.90, 954.14, 85, 84, 17062240
1.05, 42.64, 23.12, 985.70, 85, 84, 17074064
1.06, 44.27, 23.30, 1031.69, 85, 84, 17085896
1.04, 42.64, 22.63, 965.00, 85, 84, 17097732
1.05, 43.29, 22.93, 992.58, 86, 84, 17109552
1.05, 42.64, 23.09, 984.55, 86, 84, 17121392
1.05, 43.62, 23.33, 1017.69, 86, 84, 17133212
1.05, 41.99, 23.22, 975.19, 86, 84, 17145044
1.04, 43.29, 23.57, 1020.61, 86, 84, 17156868
1.06, 43.29, 23.25, 1006.59, 86, 84, 17168704
1.05, 43.62, 23.74, 1035.34, 86, 84, 17180524
1.06, 42.97, 23.41, 1005.98, 86, 84, 17192348
1.05, 43.29, 23.38, 1012.43, 86, 84, 17204184
1.05, 43.62, 23.63, 1030.63, 86, 84, 17216008
1.07, 42.97, 23.14, 994.39, 86, 84, 17227836
1.06, 42.64, 23.44, 999.51, 86, 84, 17239660
1.06, 43.62, 23.74, 1035.34, 86, 84, 17251492
1.05, 42.64, 23.30, 993.76, 86, 84, 17263316
1.05, 42.97, 23.63, 1015.25, 86, 84, 17275148
1.06, 44.27, 23.03, 1019.75, 86, 84, 17286964
1.06, 43.62, 22.93, 1000.04, 86, 84, 17298792
1.05, 43.29, 22.44, 971.56, 87, 84, 17310620
1.05, 43.29, 23.14, 1001.92, 87, 84, 17322448
1.07, 44.27, 22.82, 1010.19, 87, 84, 17334276
1.07, 41.99, 22.90, 961.60, 87, 84, 17346096
1.05, 42.97, 23.17, 995.55, 87, 84, 17357928
1.08, 43.29, 23.30, 1008.93, 87, 84, 17369752
1.06, 43.95, 23.14, 1016.99, 87, 84, 17381584
1.06, 44.60, 23.20, 1034.46, 87, 84, 17393404
1.07, 43.29, 23.74, 1027.61, 87, 84, 17405236
1.08, 43.95, 23.01, 1011.06, 87, 84, 17417056
1.08, 45.57, 22.95, 1046.05, 87, 84, 17428884
1.07, 44.27, 23.12, 1023.33, 87, 84, 17440716
1.08, 44.60, 23.65, 1054.91, 87, 84, 17452536
1.06, 44.60, 23.36, 1041.68, 87, 84, 17464368
1.07, 43.62, 23.25, 1014.16, 87, 84, 17476188
1.08, 44.60, 23.06, 1028.45, 87, 84, 17488020
1.07, 43.95, 22.52, 989.73, 87, 84, 17499840
1.08, 43.95, 22.82, 1002.76, 88, 84, 17511672
1.07, 44.92, 23.55, 1057.76, 88, 84, 17523496
1.07, 44.92, 23.33, 1048.07, 88, 84, 17535320
1.08, 44.60, 22.85, 1018.82, 88, 84, 17547144
1.08, 44.60, 22.90, 1021.23, 88, 84, 17558972
1.07, 44.60, 22.93, 1022.43, 88, 84, 17570804
1.07, 43.62, 22.87, 997.69, 88, 84, 17582624
1.08, 45.25, 23.30, 1054.44, 88, 84, 17594460
1.07, 44.92, 22.90, 1028.68, 88, 84, 17606276
1.08, 44.27, 22.87, 1012.58, 88, 84, 17618112
1.08, 44.92, 23.17, 1040.80, 88, 84, 17629928
1.10, 44.27, 23.47, 1038.85, 88, 84, 17641764
1.09, 45.90, 22.63, 1038.67, 88, 84, 17653584
1.06, 45.90, 23.44, 1075.81, 88, 84, 17665408
1.09, 44.27, 22.76, 1007.80, 88, 84, 17677240
1.09, 44.92, 23.17, 1040.80, 88, 84, 17689068
1.09, 45.90, 23.71, 1088.19, 88, 84, 17700896
1.09, 44.27, 22.82, 1010.19, 89, 84, 17712716
1.09, 43.95, 22.90, 1006.32, 89, 84, 17724552
1.08, 46.22, 23.14, 1069.72, 89, 84, 17736372
1.08, 45.25, 23.47, 1061.77, 89, 84, 17748204
1.09, 45.57, 23.25, 1059.57, 89, 84, 17760024
1.09, 45.57, 23.49, 1070.63, 89, 84, 17771848
1.09, 46.55, 23.14, 1077.25, 89, 84, 17783680
1.08, 46.22, 23.12, 1068.47, 89, 84, 17795512
1.09, 46.55, 23.09, 1074.74, 89, 84, 17807344
1.11, 45.90, 23.22, 1065.90, 89, 84, 17819164
1.10, 45.90, 22.60, 1037.43, 89, 84, 17830996
1.10, 45.57, 23.28, 1060.80, 89, 84, 17842816
1.10, 45.90, 23.12, 1060.95, 89, 84, 17854652
1.11, 44.60, 23.30, 1039.27, 89, 84, 17866472
1.10, 45.90, 23.17, 1063.43, 89, 84, 17878304
1.10, 46.22, 22.93, 1059.75, 89, 84, 17890140
1.10, 46.22, 23.36, 1079.69, 89, 84, 17901948
1.07, 46.88, 22.66, 1062.03, 90, 84, 17913784
1.08, 44.60, 23.14, 1032.05, 90, 84, 17925604
1.09, 46.22, 23.09, 1067.23, 90, 84, 17937436
1.09, 47.85, 23.01, 1100.93, 90, 84, 17949260
1.09, 47.53, 22.71, 1079.34, 90, 84, 17961092
1.11, 46.22, 23.12, 1068.47, 90, 84, 17972916
1.12, 45.90, 23.01, 1056.00, 90, 84, 17984752
1.11, 47.53, 23.06, 1096.01, 90, 84, 17996572
1.11, 46.55, 22.90, 1065.95, 90, 84, 18008400
1.10, 46.55, 23.65, 1101.11, 90, 84, 18020228
1.11, 47.85, 23.52, 1125.46, 90, 84, 18032076
1.10, 46.22, 23.38, 1080.94, 90, 84, 18043892
1.11, 46.88, 23.30, 1092.37, 90, 84, 18055712
1.09, 46.55, 22.79, 1060.93, 90, 84, 18067548
1.09, 48.50, 23.22, 1126.38, 90, 84, 18079372
1.10, 46.55, 23.25, 1082.28, 90, 84, 18091200
1.09, 47.53, 23.17, 1101.14, 90, 84, 18103020
1.12, 46.55, 23.12, 1076.00, 91, 84, 18114856
1.11, 47.85, 23.44, 1121.58, 91, 84, 18126676
1.10, 46.88, 23.33, 1093.64, 91, 84, 18138504
1.12, 47.53, 22.95, 1090.88, 91, 84, 18150356
1.11, 47.20, 23.47, 1107.60, 91, 84, 18162164
1.12, 47.20, 23.30, 1099.96, 91, 84, 18173996
1.12, 48.50, 23.03, 1117.22, 91, 84, 18185816
1.10, 47.20, 23.38, 1103.78, 91, 84, 18197648
1.11, 46.22, 22.98, 1062.24, 91, 84, 18209472
1.11, 46.88, 22.93, 1074.67, 91, 84, 18221308
1.12, 47.20, 22.66, 1069.40, 91, 84, 18233132
1.12, 48.18, 23.25, 1120.12, 91, 84, 18244956
1.11, 49.48, 22.98, 1137.05, 91, 84, 18256784
1.11, 46.55, 23.30, 1084.79, 91, 84, 18268608
1.11, 48.18, 23.12, 1113.62, 91, 84, 18280444
1.11, 47.53, 23.03, 1094.73, 91, 84, 18292280
1.11, 48.18, 22.58, 1087.63, 91, 84, 18304100
1.11, 48.83, 23.20, 1132.62, 92, 84, 18315916
1.13, 47.85, 23.14, 1107.39, 92, 84, 18327752
1.13, 49.15, 23.20, 1140.17, 92, 84, 18339568
1.11, 47.53, 23.44, 1113.95, 92, 84, 18351404
1.12, 46.88, 22.87, 1072.14, 92, 84, 18363224
1.12, 49.15, 22.44, 1103.05, 92, 84, 18375052
1.13, 48.83, 23.33, 1139.21, 92, 84, 18386880
1.14, 48.83, 23.17, 1131.30, 92, 84, 18398700
1.12, 48.50, 23.01, 1115.91, 92, 84, 18410548
1.12, 50.46, 22.95, 1158.13, 92, 85, 18422352
1.13, 49.15, 23.03, 1132.22, 92, 84, 18434184
1.13, 48.83, 22.90, 1118.13, 92, 84, 18446008
1.13, 47.85, 22.87, 1094.48, 92, 84, 18457844
1.12, 49.15, 22.87, 1124.26, 92, 84, 18469664
1.13, 47.85, 23.79, 1138.36, 92, 84, 18481492
1.13, 49.15, 22.74, 1117.63, 92, 84, 18493320
1.12, 48.50, 23.17, 1123.76, 92, 84, 18505148
1.14, 49.15, 22.95, 1128.24, 93, 84, 18516980
1.13, 49.80, 23.36, 1163.33, 93, 84, 18528804
1.13, 50.46, 23.01, 1160.85, 93, 84, 18540636
1.14, 50.46, 23.41, 1181.26, 93, 84, 18552476
1.14, 48.83, 23.47, 1145.79, 93, 84, 18564296
1.13, 50.46, 23.30, 1175.82, 93, 84, 18576116
1.14, 49.15, 22.28, 1095.10, 93, 84, 18587952
1.14, 49.15, 22.93, 1126.91, 93, 84, 18599772
1.13, 50.78, 23.14, 1175.19, 93, 84, 18611596
1.14, 50.13, 23.47, 1176.35, 93, 84, 18623432
1.15, 50.78, 22.95, 1165.60, 93, 84, 18635252
1.14, 49.15, 22.55, 1108.35, 93, 84, 18647084
1.14, 50.13, 23.28, 1166.88, 93, 84, 18658908
1.14, 49.48, 22.90, 1133.04, 93, 84, 18670736
1.14, 50.78, 22.93, 1164.23, 93, 84, 18682556
1.13, 49.15, 23.03, 1132.22, 93, 84, 18694392
1.13, 50.78, 23.12, 1173.82, 93, 84, 18706212
1.15, 50.13, 23.68, 1187.16, 94, 84, 18718040
1.14, 49.80, 22.95, 1143.18, 94, 84, 18729864
1.16, 50.46, 22.63, 1141.80, 94, 84, 18741692
1.15, 50.13, 23.68, 1187.16, 94, 84, 18753528
1.13, 50.13, 23.33, 1169.58, 94, 84, 18765344
1.14, 51.76, 23.17, 1199.18, 94, 84, 18777176
1.15, 50.46, 23.22, 1171.74, 94, 84, 18789000
1.15, 51.11, 23.25, 1188.23, 94, 84, 18800832
1.14, 52.08, 23.33, 1215.15, 94, 84, 18812656
1.14, 50.78, 23.01, 1168.34, 94, 84, 18824488
1.15, 49.80, 22.44, 1117.66, 94, 84, 18836308
1.14, 50.13, 22.58, 1131.73, 94, 84, 18848132
1.14, 50.13, 22.66, 1135.78, 94, 84, 18859968
1.15, 49.48, 22.49, 1113.02, 94, 84, 18871788
1.14, 51.76, 23.22, 1201.97, 94, 84, 18883624
1.15, 51.43, 23.12, 1188.87, 94, 84, 18895440
1.15, 51.76, 22.95, 1188.01, 94, 84, 18907272
1.16, 50.13, 22.74, 1139.84, 95, 84, 18919096
1.14, 51.43, 22.79, 1172.22, 95, 84, 18930928
1.16, 50.46, 22.36, 1128.19, 95, 84, 18942752
1.17, 50.46, 22.66, 1143.16, 95, 84, 18954576
1.16, 50.46, 22.52, 1136.35, 95, 84, 18966404
1.16, 52.08, 23.41, 1219.37, 95, 84, 18978236
1.15, 51.43, 23.44, 1205.51, 95, 84, 18990068
1.17, 51.11, 22.58, 1153.77, 95, 84, 19001896
1.14, 50.13, 22.85, 1145.25, 95, 84, 19013728
1.17, 52.73, 23.55, 1241.72, 95, 84, 19025552
1.17, 52.41, 22.98, 1204.37, 95, 84, 19037384
1.15, 52.08, 23.47, 1222.18, 95, 84, 19049208
1.17, 52.41, 23.68, 1241.12, 95, 84, 19061036
1.16, 51.43, 23.20, 1193.03, 95, 84, 19072860
1.15, 50.13, 22.17, 1111.44, 95, 84, 19084688
1.16, 51.76, 22.47, 1162.89, 95, 84, 19096516
1.16, 51.11, 22.41, 1145.50, 95, 84, 19108336
1.15, 50.13, 22.66, 1135.78, 96, 84, 19120176
1.15, 49.80, 22.76, 1133.78, 96, 84, 19131992
1.16, 50.46, 22.55, 1137.71, 96, 84, 19143824
1.16, 53.06, 23.82, 1263.70, 96, 84, 19155648
1.17, 51.11, 22.58, 1153.77, 96, 84, 19167480
1.17, 52.08, 22.63, 1178.63, 96, 84, 19179300
1.16, 53.71, 23.55, 1264.72, 96, 84, 19191128
1.17, 51.11, 22.39, 1144.12, 96, 84, 19202956
1.19, 52.41, 23.06, 1208.61, 96, 84, 19214780
1.18, 51.43, 22.47, 1155.57, 96, 84, 19226612
1.16, 51.11, 22.66, 1157.91, 96, 84, 19238432
1.15, 50.78, 22.66, 1150.53, 96, 84, 19250268
1.18, 53.39, 22.95, 1225.37, 96, 84, 19262088
1.18, 52.08, 23.65, 1232.01, 96, 84, 19273924
1.18, 52.08, 22.36, 1164.58, 96, 84, 19285740
1.16, 51.11, 22.09, 1128.96, 96, 84, 19297576
1.15, 51.43, 22.68, 1166.67, 96, 84, 19309396
1.16, 51.11, 22.09, 1128.96, 97, 84, 19321224
1.17, 51.11, 22.49, 1149.64, 97, 84, 19333056
1.17, 51.43, 22.44, 1154.18, 97, 84, 19344876
1.16, 54.04, 23.65, 1278.21, 97, 84, 19356712
1.17, 54.04, 23.36, 1262.18, 97, 84, 19368532
1.16, 53.71, 23.41, 1257.47, 97, 84, 19380368
1.17, 51.43, 22.55, 1159.73, 97, 84, 19392184
1.19, 54.04, 22.76, 1230.11, 97, 84, 19404020
1.19, 53.71, 22.90, 1229.95, 97, 84, 19415836
1.20, 51.11, 22.93, 1171.69, 97, 84, 19427668
1.18, 54.04, 23.25, 1256.35, 97, 84, 19439496
1.17, 52.41, 22.98, 1204.37, 97, 84, 19451328
1.18, 51.76, 22.23, 1150.32, 97, 84, 19463160
1.16, 52.73, 22.17, 1169.18, 97, 84, 19474984
1.16, 52.73, 22.06, 1163.49, 97, 84, 19486820
1.19, 53.39, 23.28, 1242.65, 97, 84, 19498640
1.20, 52.08, 22.25, 1158.96, 97, 84, 19510492
1.18, 52.41, 22.36, 1171.86, 98, 85, 19522296
1.17, 52.41, 22.76, 1193.06, 98, 84, 19534132
1.19, 55.01, 23.47, 1290.92, 98, 84, 19545956
1.19, 53.39, 22.76, 1215.29, 98, 84, 19557780
1.17, 55.01, 23.30, 1282.02, 98, 84, 19569616
1.19, 55.66, 23.55, 1310.71, 98, 84, 19581440
1.19, 55.66, 23.44, 1304.70, 98, 84, 19593272
1.20, 55.34, 22.85, 1264.23, 98, 84, 19605096
1.18, 55.01, 23.47, 1290.92, 98, 84, 19616932
1.17, 52.41, 21.98, 1152.07, 98, 84, 19628748
1.18, 55.01, 22.74, 1250.86, 98, 84, 19640588
1.18, 54.04, 22.76, 1230.11, 98, 84, 19652424
1.20, 52.41, 22.23, 1164.79, 98, 84, 19664236
1.19, 55.99, 22.98, 1286.66, 98, 84, 19676068
1.17, 53.39, 22.95, 1225.37, 98, 84, 19687892
1.17, 53.39, 22.17, 1183.62, 98, 84, 19699728
1.18, 53.39, 22.79, 1216.73, 98, 84, 19711552
1.20, 54.04, 22.28, 1203.88, 99, 84, 19723388
1.18, 52.73, 22.06, 1163.49, 99, 84, 19735208
1.19, 56.32, 22.85, 1286.54, 99, 84, 19747044
1.19, 55.01, 23.30, 1282.02, 99, 84, 19758864
1.18, 55.01, 22.93, 1261.25, 99, 84, 19770712
1.20, 53.06, 22.49, 1193.57, 99, 85, 19782520
1.20, 55.34, 23.36, 1292.59, 99, 84, 19794348
1.19, 54.36, 22.14, 1203.80, 99, 84, 19806184
1.18, 54.36, 23.12, 1256.59, 99, 84, 19818004
1.19, 56.32, 22.60, 1272.87, 99, 84, 19829840
1.21, 56.32, 22.90, 1289.58, 99, 84, 19841664
1.19, 55.99, 22.36, 1251.92, 99, 84, 19853496
1.20, 54.04, 23.01, 1243.23, 99, 84, 19865320
1.21, 53.71, 22.25, 1195.18, 99, 84, 19877156
1.20, 56.32, 23.41, 1318.44, 99, 84, 19888976
1.20, 53.71, 22.71, 1219.81, 99, 84, 19900804
1.19, 56.64, 23.17, 1312.31, 99, 84, 19912652
1.18, 57.29, 22.60, 1294.95, 100, 85, 19924456
1.17, 53.71, 22.25, 1195.18, 100, 84, 19936288
1.18, 55.34, 22.28, 1232.89, 100, 84, 19948108
1.19, 54.69, 22.12, 1209.53, 100, 84, 19959944
1.19, 54.04, 22.28, 1203.88, 100, 84, 19971764
1.20, 55.99, 22.58, 1264.00, 100, 84, 19983596
1.21, 57.29, 23.33, 1336.67, 100, 84, 19995416
1.20, 56.97, 22.95, 1307.56, 100, 84, 20007240
1.19, 56.64, 22.63, 1281.76, 100, 84, 20019068
