0.03, -0.33, 24.17, -7.87, 1, 18, 528
0.03, -0.33, 24.14, -7.86, 1, 155, 6992
0.03, -0.33, 24.14, -7.86, 1, 84, 18820
0.03, -0.33, 24.14, -7.86, 1, 84, 30660
0.03, -0.33, 24.14, -7.86, 1, 84, 42484
0.03, -0.33, 24.14, -7.86, 1, 84, 54320
0.03, -0.33, 24.14, -7.86, 1, 84, 66148
0.03, -0.33, 24.14, -7.86, 1, 84, 77984
0.03, -0.33, 24.14, -7.86, 1, 84, 89808
0.03, -0.33, 24.14, -7.86, 1, 84, 101644
0.03, -0.33, 24.14, -7.86, 1, 84, 113472
0.03, -0.33, 24.14, -7.86, 1, 84, 125300
0.03, -0.33, 24.14, -7.86, 1, 84, 137128
0.03, -0.33, 24.14, -7.86, 1, 84, 148956
0.03, -0.65, 24.14, -15.72, 1, 84, 160792
0.03, -0.33, 24.14, -7.86, 1, 84, 172616
0.03, -0.33, 24.14, -7.86, 1, 84, 184452
0.03, -0.65, 24.14, -15.72, 1, 84, 196276
0.03, -0.65, 24.14, -15.72, 1, 84, 208112
0.03, -0.65, 24.14, -15.72, 2, 84, 219936
0.03, -0.65, 24.14, -15.72, 2, 84, 231764
0.03, -0.65, 24.14, -15.72, 2, 84, 243592
0.03, -0.65, 24.14, -15.72, 2, 84, 255420
0.03, -0.65, 24.14, -15.72, 2, 84, 267256
0.03, -0.65, 24.14, -15.72, 2, 84, 279080
0.03, -0.65, 24.14, -15.72, 2, 84, 290916
0.03, -0.33, 24.14, -7.86, 2, 84, 302736
0.03, -0.33, 24.14, -7.86, 2, 84, 314572
0.03, -0.65, 24.14, -15.72, 2, 84, 326396
0.03, -0.65, 24.14, -15.72, 2, 84, 338232
0.03, -0.33, 24.14, -7.86, 2, 84, 350056
0.03, -0.65, 24.14, -15.72, 2, 84, 361892
0.03, -0.33, 24.14, -7.86, 2, 84, 373724
0.03, -0.33, 24.14, -7.86, 2, 84, 385548
0.03, -0.33, 24.14, -7.86, 2, 84, 397384
0.03, -0.65, 24.14, -15.72, 2, 84, 409208
0.03, -0.65, 24.14, -15.72, 3, 84, 421044
0.03, -0.65, 24.14, -15.72, 3, 84, 432868
0.03, -0.65, 24.14, -15.72, 3, 84, 444704
0.03, -0.65, 24.14, -15.72, 3, 84, 456528
0.03, -0.65, 24.14, -15.72, 3, 84, 468356
0.03, -0.65, 24.17, -15.73, 3, 84, 480196
0.03, -0.65, 24.14, -15.72, 3, 85, 492020
0.03, -0.65, 24.14, -15.72, 3, 84, 503856
0.03, -0.33, 24.14, -7.86, 3, 84, 515680
0.03, -0.65, 24.14, -15.72, 3, 84, 527516
0.03, -0.33, 24.14, -7.86, 3, 84, 539344
0.03, -0.33, 24.14, -7.86, 3, 84, 551180
0.03, -0.33, 24.14, -7.86, 3, 84, 563004
0.03, -0.65, 24.14, -15.72, 3, 84, 574836
0.03, -0.33, 24.14, -7.86, 3, 84, 586668
0.03, -0.33, 24.14, -7.86, 3, 84, 598500
0.03, -0.65, 24.14, -15.72, 3, 84, 610336
0.03, -0.33, 24.14, -7.86, 4, 84, 622160
0.03, -0.33, 24.14, -7.86, 4, 84, 633996
0.03, -0.65, 24.14, -15.72, 4, 84, 645816
0.03, -0.65, 24.14, -15.72, 4, 84, 657652
0.03, -0.65, 24.14, -15.72, 4, 84, 669476
0.03, -0.33, 24.14, -7.86, 4, 84, 681324
0.03, -0.33, 24.14, -7.86, 4, 85, 693136
0.03, -0.33, 24.14, -7.86, 4, 84, 704968
0.03, -0.65, 24.14, -15.72, 4, 84, 716800
0.03, -0.65, 24.14, -15.72, 4, 84, 728624
0.03, -0.65, 24.17, -15.73, 4, 84, 740476
0.03, -0.33, 24.14, -7.86, 4, 84, 752284
0.03, -0.33, 24.14, -7.86, 4, 84, 764120
0.03, -0.65, 24.14, -15.72, 4, 84, 775944
0.03, -0.65, 24.14, -15.72, 4, 84, 787784
0.03, -0.65, 24.14, -15.72, 4, 84, 799604
0.03, -0.65, 24.14, -15.72, 4, 84, 811436
0.03, -0.33, 24.14, -7.86, 5, 84, 823272
0.03, -0.65, 24.14, -15.72, 5, 84, 835096
0.03, -0.65, 24.11, -15.70, 5, 84, 846932
0.03, -0.65, 24.14, -15.72, 5, 84, 858756
0.03, -0.33, 24.14, -7.86, 5, 84, 870596
0.03, -0.33, 24.14, -7.86, 5, 84, 882416
0.04, -0.33, 24.14, -7.86, 5, 84, 894256
0.04, -0.33, 24.14, -7.86, 5, 84, 906080
0.04, -0.33, 24.14, -7.86, 5, 84, 917908
0.03, -0.33, 24.14, -7.86, 5, 84, 929744
0.04, -0.33, 24.14, -7.86, 5, 84, 941584
0.03, -0.33, 24.14, -7.86, 5, 84, 953404
0.04, -0.33, 24.14, -7.86, 5, 84, 965228
0.04, -0.65, 24.14, -15.72, 5, 84, 977068
0.04, -0.33, 24.14, -7.86, 5, 84, 988892
0.04, -0.33, 24.14, -7.86, 5, 84, 1000732
0.04, -0.33, 24.14, -7.86, 5, 85, 1012556
0.04, -0.33, 24.14, -7.86, 6, 84, 1024384
0.04, -0.33, 24.14, -7.86, 6, 84, 1036220
0.04, -0.33, 24.14, -7.86, 6, 84, 1048044
0.04, -0.33, 24.14, -7.86, 6, 84, 1059884
0.04, -0.33, 24.14, -7.86, 6, 84, 1071712
0.04, -0.33, 24.14, -7.86, 6, 84, 1083548
0.04, -0.65, 24.14, -15.72, 6, 84, 1095372
0.04, -0.33, 24.14, -7.86, 6, 84, 1107208
0.04, -0.33, 24.14, -7.86, 6, 84, 1119032
0.04, -0.33, 24.14, -7.86, 6, 84, 1130864
0.04, -0.65, 24.14, -15.72, 6, 84, 1142696
0.04, -0.33, 24.14, -7.86, 6, 84, 1154528
0.03, -0.33, 24.14, -7.86, 6, 84, 1166360
0.03, -0.65, 24.14, -15.72, 6, 84, 1178184
0.03, -0.65, 24.14, -15.72, 6, 84, 1190020
0.04, -0.33, 24.14, -7.86, 6, 84, 1201840
0.03, -0.33, 24.14, -7.86, 6, 84, 1213676
0.04, -0.65, 24.14, -15.72, 7, 84, 1225500
0.03, -0.33, 24.14, -7.86, 7, 84, 1237332
0.03, -0.33, 24.14, -7.86, 7, 84, 1249160
0.03, -0.65, 24.14, -15.72, 7, 84, 1260992
0.04, -0.33, 24.14, -7.86, 7, 84, 1272828
0.04, -0.33, 24.14, -7.86, 7, 84, 1284652
0.04, -0.33, 24.14, -7.86, 7, 84, 1296488
0.04, -0.65, 24.14, -15.72, 7, 84, 1308312
0.04, -0.65, 24.14, -15.72, 7, 84, 1320152
0.04, -0.33, 24.14, -7.86, 7, 84, 1331972
0.04, -0.65, 24.14, -15.72, 7, 84, 1343808
0.04, -0.33, 24.14, -7.86, 7, 84, 1355632
0.04, -0.33, 24.14, -7.86, 7, 84, 1367460
0.04, -0.33, 24.14, -7.86, 7, 84, 1379296
0.04, -0.65, 24.14, -15.72, 7, 85, 1391120
0.04, -0.33, 24.14, -7.86, 7, 84, 1402956
0.04, -0.33, 24.14, -7.86, 7, 84, 1414780
0.04, -0.33, 24.14, -7.86, 8, 84, 1426620
0.04, -0.33, 24.14, -7.86, 8, 84, 1438444
0.04, -0.33, 24.14, -7.86, 8, 84, 1450280
0.04, -0.33, 24.14, -7.86, 8, 84, 1462104
0.04, -0.33, 24.14, -7.86, 8, 84, 1473940
0.04, -0.33, 24.14, -7.86, 8, 84, 1485776
0.04, -0.33, 24.14, -7.86, 8, 84, 1497600
0.04, -0.33, 24.14, -7.86, 8, 84, 1509440
0.04, -0.33, 24.14, -7.86, 8, 84, 1521264
0.04, -0.33, 24.14, -7.86, 8, 84, 1533100
0.04, -0.33, 24.14, -7.86, 8, 84, 1544928
0.04, -0.33, 24.14, -7.86, 8, 84, 1556760
0.04, -0.33, 24.14, -7.86, 8, 84, 1568580
0.04, -0.65, 24.17, -15.73, 8, 84, 1580428
0.04, -0.65, 24.14, -15.72, 8, 84, 1592248
0.04, -0.33, 24.14, -7.86, 8, 84, 1604072
0.04, -0.33, 24.14, -7.86, 8, 84, 1615908
0.04, -0.33, 24.14, -7.86, 9, 84, 1627736
0.04, -0.33, 24.14, -7.86, 9, 84, 1639568
0.04, -0.33, 24.11, -7.85, 9, 84, 1651392
0.04, -0.33, 24.14, -7.86, 9, 84, 1663228
0.04, -0.33, 24.14, -7.86, 9, 84, 1675056
0.04, -0.33, 24.14, -7.86, 9, 84, 1686884
0.05, -0.33, 24.14, -7.86, 9, 84, 1698712
0.04, -0.33, 24.14, -7.86, 9, 84, 1710540
0.04, -0.33, 24.14, -7.86, 9, 84, 1722376
0.05, -0.33, 24.11, -7.85, 9, 84, 1734200
0.05, -0.33, 24.14, -7.86, 9, 84, 1746036
0.05, -0.33, 24.14, -7.86, 9, 84, 1757864
0.05, -0.33, 24.11, -7.85, 9, 84, 1769700
0.05, -0.33, 24.14, -7.86, 9, 84, 1781544
0.05, -0.33, 24.14, -7.86, 9, 84, 1793356
0.05, -0.33, 24.11, -7.85, 9, 84, 1805192
0.05, -0.33, 24.14, -7.86, 9, 84, 1817016
0.05, -0.33, 24.14, -7.86, 10, 84, 1828856
0.05, -0.65, 24.14, -15.72, 10, 84, 1840700
0.05, -0.33, 24.14, -7.86, 10, 84, 1852524
0.05, -0.33, 24.11, -7.85, 10, 84, 1864344
0.05, -0.33, 24.14, -7.86, 10, 84, 1876184
0.05, -0.33, 24.14, -7.86, 10, 84, 1888008
0.05, -0.33, 24.14, -7.86, 10, 84, 1899844
0.05, -0.33, 24.14, -7.86, 10, 85, 1911672
0.05, -0.33, 24.14, -7.86, 10, 84, 1923500
0.05, -0.33, 24.11, -7.85, 10, 84, 1935340
0.06, -0.33, 24.14, -7.86, 10, 84, 1947164
0.05, -0.33, 24.14, -7.86, 10, 84, 1959004
0.06, -0.33, 24.14, -7.86, 10, 84, 1970824
0.05, -0.33, 24.11, -7.85, 10, 84, 1982664
0.06, -0.33, 24.14, -7.86, 10, 84, 1994488
0.05, -0.33, 24.11, -7.85, 10, 84, 2006320
0.06, -0.33, 24.11, -7.85, 10, 84, 2018148
0.06, -0.33, 24.11, -7.85, 11, 84, 2029976
0.06, -0.33, 24.14, -7.86, 11, 84, 2041832
0.06, -0.33, 24.11, -7.85, 11, 84, 2053636
0.06, -0.33, 24.11, -7.85, 11, 84, 2065476
0.07, -0.33, 24.14, -7.86, 11, 84, 2077296
0.06, -0.33, 24.14, -7.86, 11, 84, 2089132
0.07, -0.33, 24.14, -7.86, 11, 84, 2100956
0.06, -0.33, 24.11, -7.85, 11, 84, 2112792
0.07, -0.33, 24.14, -7.86, 11, 84, 2124616
0.06, -0.33, 24.11, -7.85, 11, 84, 2136448
0.07, -0.33, 24.14, -7.86, 11, 84, 2148288
0.06, -0.33, 24.14, -7.86, 11, 84, 2160108
0.07, -0.33, 24.14, -7.86, 11, 84, 2171944
0.07, -0.33, 24.14, -7.86, 11, 84, 2183768
0.07, -0.33, 24.11, -7.85, 11, 84, 2195604
0.07, -0.33, 24.14, -7.86, 11, 84, 2207432
0.07, -0.33, 24.11, -7.85, 11, 84, 2219268
0.07, -0.33, 24.14, -7.86, 12, 84, 2231092
0.07, -0.33, 24.14, -7.86, 12, 84, 2242924
0.07, -0.33, 24.11, -7.85, 12, 84, 2254756
0.07, -0.33, 24.11, -7.85, 12, 84, 2266584
0.07, -0.33, 24.11, -7.85, 12, 84, 2278424
0.07, -0.33, 24.11, -7.85, 12, 84, 2290252
0.07, -0.33, 24.11, -7.85, 12, 84, 2302084
0.08, -0.33, 24.14, -7.86, 12, 84, 2313908
0.08, -0.33, 24.14, -7.86, 12, 84, 2325744
0.08, -0.33, 24.14, -7.86, 12, 84, 2337568
0.08, -0.33, 24.14, -7.86, 12, 84, 2349396
0.08, -0.33, 24.17, -7.87, 12, 84, 2361224
0.08, -0.33, 24.14, -7.86, 12, 84, 2373056
0.08, -0.33, 24.14, -7.86, 12, 84, 2384888
0.08, -0.33, 24.14, -7.86, 12, 84, 2396712
0.08, -0.33, 24.14, -7.86, 12, 84, 2408552
0.08, -0.33, 24.14, -7.86, 12, 84, 2420376
0.08, -0.33, 24.11, -7.85, 13, 84, 2432212
0.08, -0.00, 24.14, -0.00, 13, 84, 2444036
0.08, -0.00, 24.11, -0.00, 13, 84, 2455872
0.08, -0.00, 24.14, -0.00, 13, 84, 2467700
0.09, -0.00, 24.14, -0.00, 13, 84, 2479528
0.09, -0.33, 24.11, -7.85, 13, 84, 2491360
0.09, -0.00, 24.11, -0.00, 13, 84, 2503188
0.09, -0.33, 24.11, -7.85, 13, 84, 2515024
0.09, -0.00, 24.11, -0.00, 13, 84, 2526852
0.09, -0.00, 24.11, -0.00, 13, 84, 2538684
0.09, -0.00, 24.14, -0.00, 13, 84, 2550516
0.09, -0.00, 24.14, -0.00, 13, 84, 2562352
0.09, -0.00, 24.14, -0.00, 13, 84, 2574176
0.09, -0.00, 24.11, -0.00, 13, 84, 2586008
0.10, -0.00, 24.14, -0.00, 13, 84, 2597844
0.10, -0.00, 24.11, -0.00, 13, 84, 2609668
0.10, -0.00, 24.11, -0.00, 13, 84, 2621508
0.10, -0.00, 24.11, -0.00, 14, 84, 2633332
0.10, -0.00, 24.09, -0.00, 14, 84, 2645172
0.10, -0.00, 24.14, -0.00, 14, 84, 2656992
0.10, -0.00, 24.14, -0.00, 14, 84, 2668832
0.10, -0.33, 24.17, -7.87, 14, 84, 2680672
0.10, -0.00, 24.14, -0.00, 14, 84, 2692488
0.10, -0.00, 24.11, -0.00, 14, 84, 2704328
0.10, -0.00, 24.09, -0.00, 14, 84, 2716152
0.11, -0.00, 24.11, -0.00, 14, 84, 2727992
0.11, -0.00, 24.14, -0.00, 14, 84, 2739816
0.11, -0.00, 24.14, -0.00, 14, 84, 2751648
0.11, -0.00, 24.11, -0.00, 14, 84, 2763480
0.11, -0.00, 24.14, -0.00, 14, 84, 2775316
0.11, -0.00, 24.11, -0.00, 14, 84, 2787140
0.11, -0.00, 24.11, -0.00, 14, 84, 2798972
0.11, -0.00, 24.14, -0.00, 14, 84, 2810808
0.11, -0.00, 24.14, -0.00, 14, 84, 2822632
0.11, -0.00, 24.09, -0.00, 15, 84, 2834468
0.11, -0.00, 24.14, -0.00, 15, 84, 2846296
0.11, -0.00, 24.14, -0.00, 15, 84, 2858132
0.11, -0.00, 24.14, -0.00, 15, 84, 2869960
0.12, -0.00, 24.09, -0.00, 15, 84, 2881812
0.12, -0.00, 24.11, -0.00, 15, 84, 2893620
0.12, -0.00, 24.11, -0.00, 15, 84, 2905452
0.12, -0.00, 24.11, -0.00, 15, 84, 2917280
0.12, -0.00, 24.14, -0.00, 15, 84, 2929108
0.12, -0.00, 24.14, -0.00, 15, 84, 2940960
0.12, -0.00, 24.11, -0.00, 15, 85, 2952768
0.12, -0.00, 24.11, -0.00, 15, 84, 2964604
0.12, -0.00, 24.11, -0.00, 15, 84, 2976428
0.12, -0.00, 24.09, -0.00, 15, 84, 2988264
0.13, -0.00, 24.11, -0.00, 15, 84, 3000084
0.13, -0.00, 24.14, -0.00, 15, 84, 3011916
0.13, -0.00, 24.14, -0.00, 15, 84, 3023744
0.13, -0.00, 24.11, -0.00, 16, 84, 3035576
0.13, 0.33, 24.11, 7.85, 16, 84, 3047412
0.13, -0.00, 24.09, -0.00, 16, 84, 3059240
0.13, -0.00, 24.09, -0.00, 16, 84, 3071076
0.13, -0.00, 24.11, -0.00, 16, 84, 3082900
0.13, 0.33, 24.17, 7.87, 16, 84, 3094732
0.13, 0.33, 24.11, 7.85, 16, 84, 3106556
0.14, -0.00, 24.11, -0.00, 16, 84, 3118396
0.14, 0.33, 24.09, 7.84, 16, 84, 3130216
0.14, 0.33, 24.11, 7.85, 16, 84, 3142060
0.14, 0.33, 24.09, 7.84, 16, 84, 3153880
0.14, 0.33, 24.14, 7.86, 16, 84, 3165704
0.14, 0.33, 24.14, 7.86, 16, 84, 3177540
0.14, 0.33, 24.14, 7.86, 16, 84, 3189364
0.14, -0.00, 24.11, -0.00, 16, 84, 3201200
0.14, 0.33, 24.11, 7.85, 16, 84, 3213028
0.14, 0.33, 24.11, 7.85, 16, 84, 3224868
0.14, 0.33, 24.09, 7.84, 17, 84, 3236688
0.14, 0.33, 24.09, 7.84, 17, 84, 3248524
0.14, -0.00, 24.14, -0.00, 17, 84, 3260360
0.15, 0.33, 24.11, 7.85, 17, 84, 3272184
0.15, 0.33, 24.14, 7.86, 17, 84, 3284024
0.15, 0.33, 24.11, 7.85, 17, 84, 3295848
0.15, 0.33, 24.14, 7.86, 17, 84, 3307680
0.15, 0.33, 24.11, 7.85, 17, 84, 3319508
0.15, 0.33, 24.09, 7.84, 17, 84, 3331340
0.16, 0.33, 24.09, 7.84, 17, 84, 3343164
0.16, 0.33, 24.11, 7.85, 17, 84, 3354992
0.16, 0.33, 24.11, 7.85, 17, 84, 3366828
0.16, 0.33, 24.11, 7.85, 17, 84, 3378656
0.16, 0.33, 24.11, 7.85, 17, 84, 3390492
0.16, 0.33, 24.11, 7.85, 17, 84, 3402316
0.16, 0.33, 24.11, 7.85, 17, 84, 3414156
0.16, 0.33, 24.11, 7.85, 17, 84, 3425980
0.16, 0.33, 24.09, 7.84, 18, 84, 3437816
0.16, 0.33, 24.11, 7.85, 18, 84, 3449644
0.16, -0.00, 24.14, -0.00, 18, 84, 3461472
0.16, 0.33, 24.11, 7.85, 18, 84, 3473304
0.17, 0.65, 24.11, 15.70, 18, 84, 3485132
0.17, 0.33, 24.11, 7.85, 18, 84, 3496968
0.17, 0.33, 24.06, 7.83, 18, 84, 3508792
0.17, 0.33, 24.09, 7.84, 18, 84, 3520632
0.17, 0.33, 24.11, 7.85, 18, 84, 3532452
0.17, 0.33, 24.14, 7.86, 18, 84, 3544284
0.17, 0.65, 24.11, 15.70, 18, 84, 3556112
0.17, 0.65, 24.14, 15.72, 18, 84, 3567944
0.17, 0.33, 24.09, 7.84, 18, 84, 3579768
0.18, 0.65, 24.09, 15.68, 18, 84, 3591596
0.18, 0.65, 24.11, 15.70, 18, 84, 3603432
0.18, 0.65, 24.14, 15.72, 18, 84, 3615260
0.18, 0.33, 24.14, 7.86, 18, 84, 3627092
0.18, 0.65, 24.11, 15.70, 19, 84, 3638920
0.18, 0.65, 24.11, 15.70, 19, 84, 3650756
0.18, 0.65, 24.09, 15.68, 19, 84, 3662584
0.18, 0.65, 24.14, 15.72, 19, 84, 3674420
0.18, 0.65, 24.06, 15.66, 19, 84, 3686244
0.19, 0.65, 24.09, 15.68, 19, 84, 3698072
0.19, 0.65, 24.14, 15.72, 19, 84, 3709908
0.19, 0.65, 24.11, 15.70, 19, 84, 3721732
0.19, 0.65, 24.11, 15.70, 19, 84, 3733568
0.19, 0.65, 24.09, 15.68, 19, 84, 3745388
0.19, 0.65, 24.11, 15.70, 19, 84, 3757228
0.19, 0.65, 24.06, 15.66, 19, 84, 3769052
0.19, 0.65, 24.14, 15.72, 19, 84, 3780900
0.19, 0.65, 24.14, 15.72, 19, 85, 3792708
0.19, 0.65, 24.11, 15.70, 19, 84, 3804536
0.20, 0.65, 24.11, 15.70, 19, 84, 3816376
0.20, 0.65, 24.09, 15.68, 19, 84, 3828196
0.20, 0.65, 24.11, 15.70, 20, 84, 3840036
0.20, 0.65, 24.03, 15.65, 20, 84, 3851860
0.20, 0.65, 24.09, 15.68, 20, 84, 3863696
0.20, 0.65, 24.17, 15.73, 20, 84, 3875516
0.20, 0.65, 24.11, 15.70, 20, 84, 3887352
0.21, 0.65, 24.11, 15.70, 20, 84, 3899176
0.21, 0.65, 24.11, 15.70, 20, 84, 3911004
0.21, 0.65, 24.06, 15.66, 20, 84, 3922836
0.21, 0.65, 24.03, 15.65, 20, 84, 3934664
0.21, 0.98, 24.09, 23.52, 20, 84, 3946504
0.21, 0.98, 24.14, 23.57, 20, 84, 3958328
0.21, 0.98, 24.14, 23.57, 20, 84, 3970168
0.21, 0.98, 24.06, 23.50, 20, 84, 3982008
0.21, 0.65, 24.14, 15.72, 20, 84, 3993832
0.21, 0.98, 24.11, 23.55, 20, 84, 4005656
0.22, 0.65, 24.14, 15.72, 20, 84, 4017484
0.22, 0.98, 24.09, 23.52, 20, 84, 4029320
0.22, 0.65, 24.11, 15.70, 21, 84, 4041164
0.22, 0.98, 24.06, 23.50, 21, 84, 4052988
0.22, 0.98, 24.09, 23.52, 21, 84, 4064812
0.22, 0.65, 24.03, 15.65, 21, 84, 4076648
0.22, 0.98, 24.11, 23.55, 21, 84, 4088476
0.23, 0.98, 24.14, 23.57, 21, 84, 4100316
0.23, 0.98, 24.11, 23.55, 21, 84, 4112140
0.23, 0.98, 24.11, 23.55, 21, 84, 4123976
0.23, 0.98, 24.09, 23.52, 21, 84, 4135796
0.23, 0.98, 24.06, 23.50, 21, 84, 4147632
0.23, 0.98, 24.11, 23.55, 21, 84, 4159464
0.23, 0.98, 24.14, 23.57, 21, 84, 4171288
0.23, 0.98, 24.09, 23.52, 21, 84, 4183120
0.23, 0.98, 24.11, 23.55, 21, 84, 4194944
0.23, 0.98, 24.11, 23.55, 21, 84, 4206784
0.23, 0.98, 24.11, 23.55, 21, 84, 4218604
0.24, 0.98, 24.09, 23.52, 21, 84, 4230440
0.24, 0.98, 24.09, 23.52, 22, 84, 4242280
0.24, 0.98, 24.06, 23.50, 22, 84, 4254096
0.24, 1.30, 24.01, 31.26, 22, 84, 4265932
0.24, 0.98, 24.11, 23.55, 22, 84, 4277760
0.24, 0.98, 24.14, 23.57, 22, 84, 4289592
0.25, 0.98, 24.06, 23.50, 22, 84, 4301420
0.25, 1.30, 24.09, 31.36, 22, 84, 4313256
0.25, 1.30, 24.06, 31.33, 22, 84, 4325076
0.25, 1.30, 24.09, 31.36, 22, 84, 4336916
0.25, 1.30, 24.03, 31.29, 22, 84, 4348736
0.25, 0.98, 24.19, 23.63, 22, 84, 4360568
0.26, 0.98, 24.14, 23.57, 22, 84, 4372396
0.26, 0.98, 24.11, 23.55, 22, 84, 4384224
0.26, 1.30, 24.11, 31.40, 22, 84, 4396064
0.26, 1.30, 24.09, 31.36, 22, 84, 4407884
0.26, 1.30, 24.06, 31.33, 22, 84, 4419720
0.26, 1.30, 24.06, 31.33, 22, 84, 4431544
0.26, 1.30, 24.01, 31.26, 23, 84, 4443384
0.26, 1.30, 24.14, 31.43, 23, 84, 4455208
0.26, 1.30, 24.06, 31.33, 23, 84, 4467036
0.26, 1.30, 24.17, 31.47, 23, 84, 4478868
0.27, 1.30, 24.14, 31.43, 23, 84, 4490700
0.27, 1.30, 24.17, 31.47, 23, 84, 4502536
0.28, 1.63, 24.09, 39.20, 23, 84, 4514364
0.28, 1.63, 24.11, 39.25, 23, 84, 4526200
0.28, 1.63, 24.06, 39.16, 23, 84, 4538024
0.28, 1.63, 24.11, 39.25, 23, 84, 4549860
0.28, 1.30, 24.06, 31.33, 23, 84, 4561684
0.28, 1.63, 24.03, 39.11, 23, 84, 4573516
0.28, 1.30, 24.17, 31.47, 23, 84, 4585344
0.28, 1.30, 24.14, 31.43, 23, 84, 4597172
0.28, 1.30, 24.17, 31.47, 23, 84, 4609012
0.28, 1.30, 24.11, 31.40, 23, 84, 4620836
0.28, 1.30, 24.14, 31.43, 23, 84, 4632672
0.28, 1.63, 24.09, 39.20, 24, 84, 4644500
0.28, 1.30, 24.09, 31.36, 24, 84, 4656340
0.28, 1.63, 24.09, 39.20, 24, 84, 4668164
0.29, 1.30, 24.11, 31.40, 24, 84, 4680000
0.29, 1.63, 24.06, 39.16, 24, 85, 4691828
0.29, 1.95, 23.98, 46.83, 24, 84, 4703656
0.30, 1.63, 24.01, 39.07, 24, 84, 4715496
0.30, 1.63, 24.01, 39.07, 24, 84, 4727324
0.30, 1.63, 24.01, 39.07, 24, 84, 4739156
0.30, 1.63, 24.14, 39.29, 24, 84, 4750984
0.30, 1.63, 24.14, 39.29, 24, 84, 4762820
0.30, 1.63, 24.09, 39.20, 24, 84, 4774648
0.30, 1.63, 24.09, 39.20, 24, 84, 4786484
0.30, 1.63, 24.09, 39.20, 24, 84, 4798312
0.30, 1.95, 24.11, 47.10, 24, 84, 4810144
0.30, 1.63, 24.09, 39.20, 24, 84, 4821980
0.30, 1.95, 24.09, 47.04, 24, 84, 4833804
0.30, 1.95, 24.09, 47.04, 25, 84, 4845640
0.30, 1.95, 24.01, 46.89, 25, 84, 4857468
0.31, 1.95, 24.14, 47.15, 25, 84, 4869304
0.31, 1.63, 24.11, 39.25, 25, 84, 4881144
0.31, 1.95, 23.95, 46.78, 25, 84, 4892968
0.32, 1.63, 24.14, 39.29, 25, 84, 4904792
0.32, 1.63, 24.03, 39.11, 25, 84, 4916624
0.32, 1.95, 24.06, 46.99, 25, 84, 4928460
0.32, 1.63, 24.17, 39.33, 25, 84, 4940288
0.32, 1.95, 24.14, 47.15, 25, 84, 4952124
0.32, 1.95, 24.14, 47.15, 25, 84, 4963952
0.33, 1.63, 24.17, 39.33, 25, 84, 4975788
0.33, 1.95, 24.09, 47.04, 25, 84, 4987608
0.33, 1.95, 24.11, 47.10, 25, 84, 4999444
0.33, 1.95, 24.01, 46.89, 25, 84, 5011272
0.33, 1.95, 24.06, 46.99, 25, 84, 5023096
0.33, 1.95, 23.98, 46.83, 25, 84, 5034936
0.33, 1.63, 24.17, 39.33, 26, 84, 5046760
0.33, 1.95, 24.09, 47.04, 26, 84, 5058592
0.33, 1.95, 24.11, 47.10, 26, 84, 5070420
0.33, 2.28, 23.98, 54.64, 26, 84, 5082276
0.34, 1.95, 24.11, 47.10, 26, 84, 5094084
0.34, 2.28, 24.06, 54.82, 26, 84, 5105920
0.34, 2.28, 24.09, 54.88, 26, 84, 5117748
0.35, 2.28, 24.06, 54.82, 26, 84, 5129576
0.35, 1.95, 24.09, 47.04, 26, 84, 5141412
0.35, 2.28, 23.95, 54.58, 26, 84, 5153240
0.35, 2.28, 24.03, 54.76, 26, 84, 5165076
0.35, 1.95, 24.14, 47.15, 26, 84, 5176904
0.35, 2.28, 23.98, 54.64, 26, 84, 5188740
0.35, 1.95, 24.14, 47.15, 26, 84, 5200564
0.35, 1.95, 24.17, 47.20, 26, 84, 5212400
0.35, 2.28, 24.09, 54.88, 26, 84, 5224224
0.35, 2.28, 24.14, 55.01, 26, 84, 5236056
0.35, 2.28, 24.06, 54.82, 27, 84, 5247884
0.35, 2.28, 23.98, 54.64, 27, 84, 5259712
0.35, 2.28, 23.92, 54.52, 27, 84, 5271552
0.36, 2.60, 24.09, 62.72, 27, 84, 5283372
0.36, 2.60, 23.92, 62.30, 27, 84, 5295208
0.37, 2.28, 24.11, 54.95, 27, 84, 5307032
0.37, 2.28, 24.14, 55.01, 27, 84, 5318872
0.37, 2.60, 24.09, 62.72, 27, 84, 5330692
0.37, 2.60, 24.01, 62.51, 27, 84, 5342544
0.38, 2.60, 24.09, 62.72, 27, 85, 5354356
0.38, 2.60, 23.92, 62.30, 27, 84, 5366184
0.38, 2.60, 24.03, 62.58, 27, 84, 5378020
0.38, 2.60, 23.92, 62.30, 27, 84, 5389844
0.38, 2.28, 24.11, 54.95, 27, 84, 5401680
0.37, 2.60, 24.09, 62.72, 27, 84, 5413508
0.38, 2.28, 24.03, 54.76, 27, 84, 5425340
0.38, 2.28, 24.14, 55.01, 27, 84, 5437164
0.37, 2.60, 24.03, 62.58, 28, 84, 5449004
0.37, 2.60, 24.09, 62.72, 28, 84, 5460824
0.38, 2.60, 24.11, 62.79, 28, 84, 5472656
0.38, 2.60, 24.06, 62.65, 28, 84, 5484496
0.39, 2.93, 24.03, 70.41, 28, 84, 5496316
0.39, 2.93, 24.01, 70.33, 28, 84, 5508156
0.39, 2.60, 23.98, 62.44, 28, 84, 5519980
0.39, 2.93, 24.01, 70.33, 28, 84, 5531820
0.40, 2.60, 24.14, 62.86, 28, 84, 5543644
0.40, 2.60, 24.17, 62.94, 28, 84, 5555480
0.40, 2.93, 24.06, 70.49, 28, 84, 5567300
0.40, 2.93, 24.09, 70.56, 28, 84, 5579132
0.40, 2.93, 24.06, 70.49, 28, 84, 5590968
0.40, 2.93, 24.03, 70.41, 28, 84, 5602792
0.40, 2.93, 23.98, 70.25, 28, 84, 5614628
0.40, 2.93, 23.98, 70.25, 28, 84, 5626452
0.40, 2.93, 23.92, 70.09, 28, 84, 5638288
0.40, 2.60, 24.03, 62.58, 29, 84, 5650112
0.40, 2.60, 24.19, 63.01, 29, 84, 5661948
0.40, 3.26, 24.06, 78.32, 29, 84, 5673776
0.41, 2.93, 24.11, 70.64, 29, 84, 5685604
0.41, 3.26, 24.03, 78.23, 29, 84, 5697440
0.42, 3.26, 24.09, 78.41, 29, 84, 5709268
0.42, 2.60, 24.19, 63.01, 29, 84, 5721124
0.42, 2.93, 23.90, 70.01, 29, 85, 5732936
0.42, 3.26, 24.03, 78.23, 29, 84, 5744772
0.42, 2.93, 23.95, 70.17, 29, 84, 5756596
0.42, 3.26, 23.92, 77.88, 29, 84, 5768436
0.42, 2.93, 24.09, 70.56, 29, 84, 5780256
0.42, 3.26, 23.95, 77.97, 29, 84, 5792088
0.42, 2.93, 24.17, 70.80, 29, 84, 5803924
0.42, 2.93, 24.17, 70.80, 29, 84, 5815752
0.42, 2.93, 24.14, 70.72, 29, 84, 5827592
0.42, 2.93, 24.11, 70.64, 29, 84, 5839420
0.42, 3.26, 24.09, 78.41, 30, 84, 5851256
0.42, 3.26, 23.95, 77.97, 30, 84, 5863080
0.42, 3.58, 24.06, 86.15, 30, 84, 5874916
0.43, 3.26, 23.95, 77.97, 30, 84, 5886740
0.43, 3.26, 23.98, 78.05, 30, 84, 5898572
0.44, 3.26, 24.06, 78.32, 30, 84, 5910396
0.44, 3.26, 24.14, 78.58, 30, 84, 5922228
0.44, 3.26, 24.14, 78.58, 30, 84, 5934064
0.44, 3.26, 24.06, 78.32, 30, 84, 5945888
0.44, 3.26, 24.17, 78.67, 30, 84, 5957724
0.45, 3.58, 24.03, 86.05, 30, 84, 5969548
0.45, 2.93, 24.25, 71.04, 30, 84, 5981400
0.45, 3.58, 24.03, 86.05, 30, 85, 5993212
0.45, 3.58, 24.14, 86.44, 30, 84, 6005048
0.45, 3.58, 23.87, 85.47, 30, 84, 6016868
0.45, 3.58, 23.87, 85.47, 30, 84, 6028700
0.45, 3.91, 24.06, 93.98, 30, 84, 6040536
0.45, 3.26, 24.22, 78.84, 31, 85, 6052360
0.45, 3.26, 24.11, 78.49, 31, 84, 6064196
0.45, 3.58, 24.19, 86.63, 31, 84, 6076020
0.45, 3.58, 24.11, 86.34, 31, 84, 6087856
0.46, 3.91, 24.03, 93.88, 31, 84, 6099680
0.46, 3.91, 24.06, 93.98, 31, 84, 6111516
0.47, 3.91, 24.03, 93.88, 31, 84, 6123344
0.47, 3.91, 24.03, 93.88, 31, 84, 6135172
0.47, 3.91, 24.03, 93.88, 31, 84, 6147012
0.47, 3.91, 23.98, 93.67, 31, 84, 6158836
0.47, 4.23, 24.09, 101.93, 31, 84, 6170676
0.47, 3.91, 24.11, 94.19, 31, 84, 6182516
0.47, 3.91, 23.92, 93.45, 31, 84, 6194336
0.47, 3.91, 24.06, 93.98, 31, 84, 6206156
0.47, 3.91, 23.84, 93.14, 31, 84, 6217996
0.47, 3.91, 23.92, 93.45, 31, 84, 6229824
0.47, 3.58, 24.06, 86.15, 31, 84, 6241656
0.47, 3.58, 24.09, 86.25, 32, 84, 6253484
0.47, 3.58, 24.17, 86.54, 32, 84, 6265316
0.47, 3.58, 24.11, 86.34, 32, 84, 6277152
0.48, 3.91, 24.09, 94.09, 32, 84, 6288980
0.48, 3.91, 24.19, 94.51, 32, 84, 6300816
0.49, 4.56, 23.92, 109.03, 32, 84, 6312640
0.49, 4.56, 24.09, 109.77, 32, 84, 6324480
0.49, 4.56, 24.01, 109.40, 32, 84, 6336304
0.50, 4.56, 24.09, 109.77, 32, 84, 6348132
0.50, 4.56, 23.90, 108.91, 32, 84, 6359964
0.50, 4.23, 23.90, 101.13, 32, 84, 6371796
0.50, 4.56, 24.01, 109.40, 32, 84, 6383632
0.50, 4.23, 23.90, 101.13, 32, 84, 6395460
0.50, 4.56, 23.84, 108.66, 32, 84, 6407296
0.50, 4.23, 24.09, 101.93, 32, 84, 6419120
0.50, 4.23, 23.98, 101.47, 32, 84, 6430956
0.50, 4.56, 23.90, 108.91, 32, 84, 6442800
0.50, 4.23, 24.09, 101.93, 33, 84, 6454616
0.50, 3.91, 24.09, 94.09, 33, 84, 6466444
0.50, 4.56, 24.09, 109.77, 33, 84, 6478276
0.51, 4.56, 24.11, 109.89, 33, 84, 6490108
0.51, 4.56, 24.19, 110.26, 33, 84, 6501932
0.52, 4.88, 24.03, 117.34, 33, 84, 6513768
0.52, 4.56, 23.90, 108.91, 33, 84, 6525592
0.52, 4.88, 24.01, 117.21, 33, 84, 6537428
0.53, 4.88, 23.71, 115.76, 33, 84, 6549252
0.53, 4.88, 23.98, 117.08, 33, 84, 6561092
0.53, 4.56, 24.09, 109.77, 33, 84, 6572916
0.53, 4.56, 24.17, 110.14, 33, 84, 6584752
0.53, 4.88, 23.84, 116.42, 33, 84, 6596588
0.54, 4.56, 24.17, 110.14, 33, 84, 6608412
0.54, 4.56, 24.03, 109.52, 33, 84, 6620252
0.53, 4.56, 24.14, 110.01, 33, 84, 6632076
0.53, 4.88, 24.09, 117.61, 33, 84, 6643912
0.53, 4.88, 23.98, 117.08, 34, 84, 6655740
0.54, 4.56, 23.95, 109.15, 34, 84, 6667576
0.53, 5.21, 24.11, 125.59, 34, 84, 6679400
0.54, 5.21, 23.82, 124.04, 34, 84, 6691232
0.55, 5.21, 23.98, 124.89, 34, 84, 6703072
0.55, 4.88, 23.82, 116.29, 34, 84, 6714896
0.56, 5.21, 23.92, 124.61, 34, 84, 6726732
0.56, 5.21, 23.92, 124.61, 34, 84, 6738556
0.56, 5.21, 23.74, 123.62, 34, 84, 6750388
0.56, 4.88, 24.22, 118.27, 34, 84, 6762216
0.56, 5.21, 23.87, 124.32, 34, 84, 6774052
0.56, 5.21, 24.19, 126.01, 34, 84, 6785876
0.57, 5.21, 24.06, 125.31, 34, 84, 6797708
0.57, 4.88, 24.22, 118.27, 34, 84, 6809544
0.57, 5.21, 23.74, 123.62, 34, 84, 6821388
0.57, 5.21, 24.01, 125.03, 34, 84, 6833208
0.57, 5.86, 24.06, 140.97, 34, 84, 6845028
0.57, 5.21, 24.06, 125.31, 35, 84, 6856868
0.57, 5.53, 23.76, 131.50, 35, 84, 6868684
0.57, 5.86, 24.01, 140.66, 35, 84, 6880524
0.57, 5.53, 23.98, 132.69, 35, 84, 6892348
0.58, 5.86, 23.74, 139.08, 35, 84, 6904180
0.58, 5.53, 24.09, 133.29, 35, 84, 6916008
0.58, 5.21, 24.19, 126.01, 35, 84, 6927832
0.59, 5.53, 24.09, 133.29, 35, 84, 6939672
0.59, 5.53, 24.09, 133.29, 35, 84, 6951496
0.59, 5.86, 24.19, 141.76, 35, 84, 6963328
0.59, 5.86, 23.90, 140.02, 35, 84, 6975152
0.59, 5.86, 23.92, 140.18, 35, 84, 6986988
0.59, 6.18, 23.98, 148.30, 35, 84, 6998812
0.60, 5.86, 24.17, 141.60, 35, 84, 7010640
0.59, 5.86, 23.76, 139.23, 35, 84, 7022472
0.59, 5.53, 24.06, 133.14, 35, 84, 7034296
0.59, 5.86, 23.84, 139.71, 35, 84, 7046136
0.59, 5.53, 24.14, 133.59, 36, 84, 7057956
0.59, 5.53, 24.19, 133.89, 36, 84, 7069792
0.59, 5.86, 23.92, 140.18, 36, 84, 7081628
0.60, 5.86, 24.09, 141.13, 36, 85, 7093448
0.61, 5.86, 23.92, 140.18, 36, 84, 7105272
0.61, 5.86, 24.11, 141.29, 36, 84, 7117108
0.62, 6.51, 23.98, 156.11, 36, 84, 7128932
0.62, 6.18, 24.09, 148.97, 36, 84, 7140764
0.62, 6.51, 23.98, 156.11, 36, 84, 7152600
0.62, 6.51, 23.84, 155.23, 36, 84, 7164420
0.63, 6.18, 23.84, 147.47, 36, 84, 7176256
0.63, 6.18, 23.95, 148.14, 36, 84, 7188080
0.63, 6.51, 23.71, 154.35, 36, 84, 7199920
0.63, 6.18, 23.92, 147.97, 36, 84, 7211744
0.63, 6.18, 23.65, 146.30, 36, 84, 7223580
0.63, 6.18, 24.01, 148.47, 36, 84, 7235404
0.63, 6.18, 23.84, 147.47, 36, 84, 7247236
0.63, 6.18, 23.65, 146.30, 37, 84, 7259076
0.63, 6.18, 24.11, 149.14, 37, 84, 7270900
0.63, 6.51, 23.84, 155.23, 37, 84, 7282752
0.63, 6.51, 24.19, 157.51, 37, 85, 7294560
0.64, 6.18, 24.19, 149.64, 37, 84, 7306396
0.65, 6.18, 24.09, 148.97, 37, 84, 7318224
0.65, 6.18, 24.14, 149.30, 37, 84, 7330060
0.65, 6.51, 24.19, 157.51, 37, 84, 7341888
0.65, 6.51, 24.19, 157.51, 37, 84, 7353720
0.65, 6.51, 24.14, 157.16, 37, 84, 7365548
0.66, 7.16, 23.95, 171.53, 37, 84, 7377380
0.66, 7.16, 24.01, 171.91, 37, 84, 7389220
0.66, 6.84, 23.76, 162.44, 37, 84, 7401040
0.66, 6.84, 23.90, 163.36, 37, 84, 7412876
0.66, 6.51, 23.95, 155.93, 37, 84, 7424696
0.66, 6.84, 23.92, 163.55, 37, 84, 7436536
0.66, 6.51, 24.25, 157.86, 37, 84, 7448356
0.66, 6.84, 24.06, 164.47, 38, 84, 7460184
0.66, 7.16, 23.92, 171.33, 38, 84, 7472016
0.66, 7.81, 23.90, 186.70, 38, 84, 7483844
0.67, 7.16, 24.01, 171.91, 38, 84, 7495680
0.67, 7.16, 23.65, 169.40, 38, 84, 7507504
0.68, 7.49, 23.76, 177.91, 38, 84, 7519340
0.68, 7.16, 23.82, 170.56, 38, 84, 7531164
0.69, 7.81, 23.90, 186.70, 38, 84, 7543016
0.69, 7.16, 23.90, 171.14, 38, 84, 7554824
0.69, 7.81, 23.71, 185.22, 38, 84, 7566660
0.69, 7.16, 23.98, 171.72, 38, 84, 7578488
0.69, 7.49, 24.06, 180.13, 38, 84, 7590316
0.70, 7.16, 23.82, 170.56, 38, 84, 7602152
0.69, 7.81, 24.03, 187.75, 38, 84, 7613980
0.69, 7.81, 23.98, 187.33, 38, 84, 7625816
0.69, 7.81, 23.76, 185.64, 38, 84, 7637640
0.69, 7.81, 23.87, 186.49, 38, 84, 7649476
0.69, 7.49, 23.65, 177.10, 39, 84, 7661300
0.69, 7.81, 23.92, 186.91, 39, 84, 7673140
0.70, 7.49, 23.71, 177.51, 39, 84, 7684964
0.70, 7.81, 24.03, 187.75, 39, 84, 7696792
0.71, 7.81, 23.60, 184.38, 39, 84, 7708632
0.71, 7.49, 24.01, 179.73, 39, 84, 7720460
0.72, 7.49, 24.19, 181.14, 39, 84, 7732292
0.72, 8.14, 24.01, 195.36, 39, 84, 7744120
0.72, 7.81, 24.03, 187.75, 39, 84, 7755956
0.72, 8.46, 23.95, 202.71, 39, 84, 7767780
0.73, 8.46, 24.03, 203.40, 39, 84, 7779616
0.73, 8.46, 23.79, 201.34, 39, 84, 7791444
0.73, 8.14, 23.57, 191.84, 39, 84, 7803272
0.73, 8.14, 23.65, 192.50, 39, 84, 7815112
0.73, 8.46, 23.82, 201.57, 39, 84, 7826936
0.73, 8.14, 23.65, 192.50, 39, 84, 7838768
0.73, 8.14, 24.06, 195.79, 39, 84, 7850592
0.73, 7.81, 24.11, 188.38, 40, 84, 7862432
0.73, 8.79, 23.79, 209.09, 40, 84, 7874252
0.73, 8.79, 23.90, 210.04, 40, 84, 7886088
0.74, 8.79, 23.79, 209.09, 40, 84, 7897912
0.74, 8.79, 23.74, 208.61, 40, 84, 7909736
0.75, 8.79, 23.95, 210.51, 40, 84, 7921592
0.75, 8.14, 24.14, 196.45, 40, 84, 7933400
0.76, 8.79, 23.98, 210.75, 40, 84, 7945236
0.76, 8.46, 24.14, 204.31, 40, 84, 7957056
0.76, 8.79, 24.06, 211.46, 40, 84, 7968892
0.76, 9.11, 23.74, 216.34, 40, 84, 7980716
0.76, 9.11, 23.76, 216.59, 40, 84, 7992552
0.76, 9.11, 23.71, 216.09, 40, 84, 8004376
0.76, 9.11, 23.79, 216.83, 40, 84, 8016208
0.76, 8.46, 24.14, 204.31, 40, 84, 8028036
0.76, 8.14, 24.14, 196.45, 40, 84, 8039868
0.76, 8.46, 23.92, 202.48, 40, 84, 8051704
0.76, 9.11, 23.92, 218.06, 41, 84, 8063524
0.76, 8.79, 24.03, 211.22, 41, 84, 8075364
0.76, 9.44, 23.74, 224.07, 41, 84, 8087192
0.77, 9.44, 23.84, 225.08, 41, 84, 8099028
0.78, 9.11, 23.47, 213.88, 41, 84, 8110852
0.78, 9.44, 23.95, 226.10, 41, 84, 8122692
0.78, 8.46, 24.14, 204.31, 41, 84, 8134512
0.78, 8.79, 24.06, 211.46, 41, 84, 8146348
0.78, 9.11, 23.82, 217.08, 41, 84, 8158184
0.78, 8.79, 24.14, 212.17, 41, 84, 8170008
0.79, 9.11, 23.76, 216.59, 41, 84, 8181864
0.79, 9.77, 23.84, 232.85, 41, 85, 8193672
0.79, 9.77, 23.98, 234.16, 41, 84, 8205508
0.79, 9.77, 23.60, 230.48, 41, 84, 8217332
0.79, 9.44, 24.01, 226.61, 41, 84, 8229168
0.79, 9.44, 23.79, 224.57, 41, 84, 8240996
0.79, 9.11, 24.25, 221.01, 41, 84, 8252824
0.79, 9.11, 23.98, 218.55, 42, 84, 8264664
0.79, 9.44, 23.92, 225.85, 42, 84, 8276484
0.79, 9.77, 23.95, 233.90, 42, 84, 8288316
0.80, 10.09, 23.68, 238.97, 42, 84, 8300140
0.81, 9.44, 23.74, 224.07, 42, 84, 8311976
0.81, 9.44, 23.71, 223.81, 42, 84, 8323800
0.81, 9.77, 23.76, 232.06, 42, 84, 8335636
0.82, 9.44, 24.03, 226.87, 42, 84, 8347456
0.82, 9.44, 24.17, 228.14, 42, 84, 8359288
0.82, 10.09, 23.98, 241.97, 42, 84, 8371116
0.82, 9.44, 24.17, 228.14, 42, 84, 8382960
0.82, 10.09, 23.65, 238.70, 42, 84, 8394784
0.82, 9.77, 23.68, 231.27, 42, 84, 8406604
0.82, 9.44, 24.03, 226.87, 42, 84, 8418440
0.82, 9.77, 24.06, 234.95, 42, 84, 8430260
0.82, 10.42, 23.95, 249.49, 42, 84, 8442100
0.82, 11.07, 23.82, 263.59, 42, 84, 8453920
0.83, 10.42, 23.63, 246.12, 43, 84, 8465748
0.83, 10.09, 23.71, 239.25, 43, 84, 8477580
0.83, 10.09, 24.06, 242.78, 43, 84, 8489408
0.84, 9.77, 24.03, 234.69, 43, 84, 8501244
0.84, 10.74, 24.03, 258.16, 43, 85, 8513068
0.85, 11.72, 23.87, 279.73, 43, 84, 8524904
0.85, 11.07, 23.65, 261.80, 43, 84, 8536728
0.85, 11.07, 23.63, 261.50, 43, 84, 8548564
0.85, 10.74, 23.87, 256.42, 43, 84, 8560388
0.85, 10.74, 23.90, 256.71, 43, 84, 8572224
0.85, 10.09, 24.06, 242.78, 43, 84, 8584052
0.86, 10.74, 24.06, 258.45, 43, 84, 8595884
0.86, 11.07, 23.92, 264.79, 43, 84, 8607716
0.86, 11.07, 23.87, 264.19, 43, 84, 8619544
0.86, 11.39, 23.71, 270.12, 43, 84, 8631384
0.86, 11.39, 23.71, 270.12, 43, 84, 8643224
0.86, 11.39, 23.57, 268.58, 43, 84, 8655044
0.87, 10.09, 24.14, 243.60, 44, 84, 8666868
0.87, 11.07, 23.65, 261.80, 44, 84, 8678708
0.87, 11.07, 24.14, 267.18, 44, 84, 8690532
0.87, 10.74, 23.74, 254.97, 44, 84, 8702360
0.88, 11.39, 23.98, 273.19, 44, 84, 8714200
0.88, 11.39, 23.55, 268.27, 44, 84, 8726024
0.88, 11.72, 23.52, 275.62, 44, 84, 8737856
0.88, 11.07, 24.25, 268.37, 44, 84, 8749680
0.89, 10.42, 24.09, 250.90, 44, 84, 8761516
0.89, 11.72, 24.27, 284.47, 44, 84, 8773340
0.89, 11.72, 24.09, 282.26, 44, 84, 8785176
0.88, 11.39, 23.60, 268.89, 44, 84, 8797000
0.88, 12.04, 23.76, 286.20, 44, 84, 8808828
0.89, 11.72, 23.60, 276.57, 44, 84, 8820664
0.88, 11.39, 24.41, 278.11, 44, 84, 8832488
0.88, 11.72, 23.98, 281.00, 44, 84, 8844320
0.88, 12.04, 23.71, 285.55, 44, 84, 8856144
0.88, 12.37, 23.76, 293.94, 45, 84, 8867980
0.88, 11.07, 23.68, 262.10, 45, 84, 8879804
0.89, 11.39, 23.84, 271.65, 45, 84, 8891640
0.89, 11.07, 23.98, 265.38, 45, 84, 8903464
0.89, 11.39, 23.92, 272.58, 45, 84, 8915292
0.90, 12.37, 23.60, 291.94, 45, 84, 8927120
0.90, 12.04, 23.55, 283.60, 45, 84, 8938948
0.90, 11.72, 23.82, 279.10, 45, 84, 8950780
0.91, 11.72, 24.06, 281.94, 45, 84, 8962608
0.91, 12.04, 23.95, 288.48, 45, 84, 8974440
0.91, 12.37, 23.44, 289.93, 45, 84, 8986264
0.91, 12.70, 23.65, 300.30, 45, 84, 8998100
0.91, 12.04, 24.01, 289.13, 45, 84, 9009920
0.91, 12.04, 23.95, 288.48, 45, 84, 9021772
0.91, 12.37, 23.98, 296.61, 45, 85, 9033580
0.91, 12.70, 23.74, 301.33, 45, 84, 9045408
0.91, 12.70, 23.52, 298.59, 45, 84, 9057244
0.91, 12.04, 23.57, 283.93, 46, 84, 9069068
0.91, 12.04, 24.01, 289.13, 46, 84, 9080904
0.91, 13.02, 24.03, 312.92, 46, 84, 9092724
0.92, 13.02, 23.84, 310.46, 46, 84, 9104560
0.93, 13.02, 23.76, 309.41, 46, 84, 9116388
0.93, 13.02, 23.28, 303.09, 46, 84, 9128224
0.93, 12.04, 23.92, 288.15, 46, 84, 9140044
0.94, 12.70, 23.65, 300.30, 46, 84, 9151872
0.94, 13.02, 23.92, 311.51, 46, 84, 9163708
0.94, 13.67, 23.65, 323.40, 46, 84, 9175532
0.94, 12.70, 23.68, 300.64, 46, 84, 9187364
0.94, 12.04, 23.98, 288.80, 46, 84, 9199188
0.94, 13.02, 24.06, 313.27, 46, 84, 9211024
0.94, 13.02, 23.76, 309.41, 46, 84, 9222848
0.94, 13.35, 23.98, 320.02, 46, 84, 9234684
0.94, 13.02, 23.49, 305.90, 46, 84, 9246508
0.94, 12.37, 23.82, 294.60, 46, 84, 9258332
0.94, 13.35, 23.76, 317.14, 47, 84, 9270164
0.94, 12.70, 24.03, 305.10, 47, 84, 9282012
0.95, 13.67, 23.57, 322.30, 47, 84, 9293828
0.95, 13.02, 23.65, 308.00, 47, 84, 9305652
0.96, 13.67, 23.60, 322.67, 47, 84, 9317492
0.96, 13.35, 24.01, 320.38, 47, 84, 9329312
0.96, 13.35, 24.01, 320.38, 47, 84, 9341152
0.97, 14.65, 23.84, 349.27, 47, 84, 9352972
0.97, 14.00, 24.06, 336.77, 47, 84, 9364812
0.97, 14.32, 23.65, 338.80, 47, 84, 9376640
0.97, 13.35, 24.09, 321.46, 47, 84, 9388472
0.97, 12.70, 23.84, 302.70, 47, 84, 9400308
0.97, 13.67, 23.52, 321.56, 47, 84, 9412132
0.97, 14.00, 24.06, 336.77, 47, 84, 9423968
0.97, 14.00, 23.12, 323.55, 47, 84, 9435796
0.97, 13.67, 23.38, 319.72, 47, 84, 9447632
0.97, 14.00, 23.71, 331.86, 47, 84, 9459460
0.97, 14.00, 23.74, 332.24, 48, 84, 9471292
0.97, 14.00, 23.98, 335.63, 48, 84, 9483124
0.97, 13.67, 23.71, 324.14, 48, 84, 9494956
0.97, 14.32, 23.36, 334.55, 48, 84, 9506792
0.97, 14.32, 23.95, 343.05, 48, 84, 9518616
0.98, 14.00, 23.82, 333.37, 48, 84, 9530452
0.98, 14.32, 23.76, 340.35, 48, 84, 9542276
0.99, 14.65, 23.92, 350.45, 48, 84, 9554116
0.99, 13.67, 23.41, 320.08, 48, 84, 9565940
0.99, 15.30, 23.55, 360.25, 48, 84, 9577780
0.99, 14.00, 23.98, 335.63, 48, 84, 9589604
0.99, 14.65, 23.87, 349.66, 48, 84, 9601428
0.99, 14.97, 23.57, 352.99, 48, 84, 9613264
0.99, 14.32, 23.71, 339.58, 48, 84, 9625092
0.99, 14.32, 23.95, 343.05, 48, 84, 9636928
0.99, 14.65, 23.09, 338.21, 48, 84, 9648748
0.99, 14.97, 23.87, 357.43, 48, 84, 9660588
0.99, 13.02, 23.60, 307.30, 49, 84, 9672412
0.99, 14.65, 24.11, 353.22, 49, 84, 9684248
0.99, 14.97, 23.79, 356.22, 49, 84, 9696076
0.99, 14.65, 23.74, 347.69, 49, 84, 9707904
1.00, 14.97, 23.74, 355.41, 49, 84, 9719740
1.01, 14.32, 23.95, 343.05, 49, 84, 9731568
1.01, 15.30, 23.36, 357.36, 49, 84, 9743416
1.01, 15.63, 23.68, 370.02, 49, 85, 9755232
1.01, 15.30, 23.74, 363.14, 49, 84, 9767068
1.01, 14.32, 23.60, 338.03, 49, 84, 9778896
1.02, 14.65, 24.03, 352.03, 49, 84, 9790728
1.02, 15.63, 23.79, 371.71, 49, 84, 9802552
1.02, 15.63, 24.38, 380.98, 49, 84, 9814380
1.02, 15.63, 23.57, 368.34, 49, 84, 9826212
1.02, 15.30, 23.74, 363.14, 49, 84, 9838044
1.02, 14.32, 23.87, 341.89, 49, 84, 9849880
1.02, 14.97, 23.63, 353.80, 49, 84, 9861708
1.02, 15.95, 23.63, 376.87, 50, 84, 9873544
1.02, 14.65, 23.68, 346.90, 50, 84, 9885368
1.02, 14.65, 24.25, 355.20, 50, 84, 9897204
1.02, 16.28, 23.55, 383.25, 50, 84, 9909032
1.03, 16.28, 23.52, 382.81, 50, 84, 9920856
1.04, 15.95, 23.36, 372.57, 50, 84, 9932688
1.04, 16.60, 24.14, 400.76, 50, 84, 9944516
1.04, 15.95, 23.84, 380.31, 50, 84, 9956356
1.05, 15.63, 23.74, 370.87, 50, 84, 9968176
1.05, 15.30, 24.33, 372.22, 50, 84, 9980016
1.05, 16.28, 23.87, 388.52, 50, 84, 9991836
1.05, 15.95, 23.82, 379.88, 50, 84, 10003688
1.05, 15.30, 23.68, 362.32, 50, 84, 10015496
1.06, 15.30, 23.63, 361.49, 50, 84, 10027332
1.06, 16.28, 23.44, 381.49, 50, 84, 10039152
1.06, 15.95, 23.68, 377.73, 50, 84, 10050984
1.06, 15.30, 23.71, 362.73, 50, 84, 10062820
1.06, 16.60, 23.87, 396.29, 51, 84, 10074644
1.06, 16.93, 23.28, 394.01, 51, 84, 10086476
1.06, 14.97, 24.01, 359.45, 51, 84, 10098304
1.06, 15.95, 23.60, 376.44, 51, 84, 10110140
1.07, 15.63, 24.25, 378.87, 51, 84, 10121980
1.08, 17.25, 23.71, 409.03, 51, 84, 10133804
1.08, 15.95, 23.74, 378.59, 51, 84, 10145628
1.09, 17.58, 23.82, 418.65, 51, 84, 10157456
1.09, 16.93, 23.71, 401.32, 51, 84, 10169296
1.09, 16.60, 23.82, 395.39, 51, 84, 10181120
1.09, 15.95, 23.68, 377.73, 51, 84, 10192956
1.09, 17.58, 23.65, 415.80, 51, 84, 10204780
1.09, 16.28, 23.79, 387.20, 51, 84, 10216620
1.09, 15.95, 23.60, 376.44, 51, 84, 10228444
1.10, 16.28, 24.06, 391.59, 51, 84, 10240280
1.10, 16.93, 23.33, 394.92, 51, 84, 10252104
1.10, 16.60, 23.49, 390.02, 51, 84, 10263932
1.10, 16.28, 23.84, 388.08, 52, 84, 10275768
1.10, 16.60, 23.44, 389.12, 52, 84, 10287592
1.10, 16.93, 23.30, 394.47, 52, 84, 10299424
1.10, 17.58, 23.76, 417.70, 52, 84, 10311248
1.11, 18.23, 23.63, 430.71, 52, 84, 10323084
1.12, 16.28, 23.90, 388.95, 52, 84, 10334908
1.12, 16.93, 24.01, 406.34, 52, 84, 10346744
1.12, 17.58, 23.28, 409.17, 52, 84, 10358568
1.12, 17.58, 23.14, 406.80, 52, 84, 10370400
1.12, 16.93, 23.84, 403.60, 52, 84, 10382244
1.12, 18.23, 23.38, 426.29, 52, 84, 10394060
1.13, 17.58, 23.47, 412.48, 52, 84, 10405896
1.13, 16.93, 23.87, 404.06, 52, 84, 10417720
1.13, 17.58, 23.87, 419.60, 52, 84, 10429556
1.13, 16.93, 23.55, 398.58, 52, 84, 10441380
1.13, 16.93, 23.79, 402.69, 52, 84, 10453216
1.13, 17.58, 23.25, 408.69, 52, 84, 10465036
1.13, 17.58, 23.65, 415.80, 53, 84, 10476872
1.13, 17.25, 24.03, 414.62, 53, 84, 10488700
1.13, 17.58, 23.25, 408.69, 53, 84, 10500524
1.14, 16.93, 23.60, 399.49, 53, 84, 10512364
1.14, 17.90, 23.79, 425.92, 53, 84, 10524184
1.15, 18.55, 23.63, 438.40, 53, 84, 10536024
1.15, 17.58, 23.87, 419.60, 53, 84, 10547844
1.15, 17.90, 23.92, 428.33, 53, 84, 10559684
1.15, 16.93, 23.76, 402.23, 53, 84, 10571504
1.16, 17.90, 23.52, 421.09, 53, 84, 10583340
1.16, 18.55, 23.55, 436.90, 53, 84, 10595164
1.16, 17.58, 23.25, 408.69, 53, 84, 10606992
1.16, 17.90, 24.03, 430.26, 53, 84, 10618832
1.16, 17.90, 23.52, 421.09, 53, 84, 10630652
1.16, 17.90, 23.30, 417.23, 53, 84, 10642492
1.16, 17.90, 24.09, 431.23, 53, 84, 10654316
1.16, 18.55, 23.28, 431.90, 53, 84, 10666152
1.16, 17.25, 24.01, 414.15, 54, 84, 10677976
1.16, 18.23, 23.84, 434.65, 54, 84, 10689812
1.16, 17.90, 23.36, 418.19, 54, 84, 10701636
1.16, 17.90, 23.52, 421.09, 54, 84, 10713464
1.17, 18.88, 23.55, 444.57, 54, 84, 10725304
1.17, 17.90, 23.57, 422.05, 54, 84, 10737124
1.18, 17.58, 23.95, 421.02, 54, 84, 10748960
1.18, 18.55, 23.25, 431.40, 54, 84, 10760784
1.18, 18.23, 23.57, 429.73, 54, 84, 10772620
1.18, 19.53, 23.74, 463.58, 54, 84, 10784444
1.19, 19.53, 23.49, 458.84, 54, 84, 10796280
1.19, 18.88, 23.98, 452.71, 54, 84, 10808104
1.18, 19.53, 23.47, 458.32, 54, 84, 10819936
1.18, 18.55, 23.60, 437.90, 54, 84, 10831760
1.18, 18.55, 23.87, 442.91, 54, 84, 10843608
1.19, 19.86, 23.44, 465.42, 54, 84, 10855428
1.18, 18.23, 23.98, 437.10, 54, 84, 10867252
1.18, 19.86, 23.47, 465.95, 55, 84, 10879084
1.18, 19.21, 23.60, 453.27, 55, 84, 10890908
1.18, 18.88, 23.95, 452.21, 55, 84, 10902744
1.19, 18.88, 24.03, 453.73, 55, 84, 10914568
1.19, 18.55, 23.55, 436.90, 55, 84, 10926404
1.20, 19.53, 23.47, 458.32, 55, 84, 10938224
1.20, 19.53, 23.98, 468.33, 55, 84, 10950056
1.20, 19.86, 23.84, 473.45, 55, 84, 10961888
1.20, 18.88, 23.68, 447.11, 55, 84, 10973712
1.20, 20.18, 23.90, 482.30, 55, 84, 10985548
1.20, 19.21, 23.63, 453.79, 55, 84, 10997372
1.20, 19.53, 23.92, 467.27, 55, 84, 11009208
1.20, 19.53, 23.55, 459.90, 55, 84, 11021028
1.20, 18.88, 24.01, 453.22, 55, 84, 11032868
1.20, 19.86, 23.49, 466.49, 55, 84, 11044688
1.20, 18.88, 23.95, 452.21, 55, 84, 11056516
1.20, 20.51, 23.44, 480.68, 55, 84, 11068352
1.20, 19.21, 23.82, 457.41, 56, 84, 11080176
1.20, 20.83, 24.06, 501.23, 56, 84, 11092012
1.20, 21.48, 23.49, 504.73, 56, 84, 11103852
1.21, 20.18, 23.90, 482.30, 56, 84, 11115668
1.22, 19.86, 23.55, 467.56, 56, 84, 11127496
1.22, 21.16, 24.11, 510.21, 56, 84, 11139328
1.22, 21.81, 22.90, 499.43, 56, 84, 11151152
1.22, 21.48, 23.25, 499.51, 56, 84, 11162980
1.22, 21.81, 23.01, 501.79, 56, 84, 11174812
1.23, 21.16, 24.44, 517.05, 56, 84, 11186640
1.23, 21.81, 23.41, 510.61, 56, 84, 11198476
1.23, 21.16, 23.82, 503.93, 56, 84, 11210296
1.23, 20.18, 23.95, 483.39, 56, 84, 11222148
1.23, 20.83, 23.71, 493.93, 56, 84, 11233960
1.23, 20.83, 24.14, 502.92, 56, 84, 11245796
1.23, 21.16, 23.98, 507.35, 56, 84, 11257616
1.23, 21.16, 23.90, 505.64, 56, 84, 11269448
1.23, 20.51, 23.52, 482.34, 57, 84, 11281280
1.23, 22.14, 23.98, 530.77, 57, 84, 11293108
1.23, 22.14, 22.87, 506.29, 57, 84, 11304948
1.24, 22.14, 23.98, 530.77, 57, 84, 11316776
1.24, 21.81, 23.20, 505.90, 57, 84, 11328608
1.25, 20.83, 24.03, 500.67, 57, 84, 11340436
1.25, 22.14, 24.52, 542.71, 57, 84, 11352272
1.25, 21.16, 23.76, 502.79, 57, 84, 11364100
1.25, 21.81, 23.65, 515.90, 57, 84, 11375932
1.25, 21.48, 23.63, 507.62, 57, 84, 11387756
1.25, 23.11, 22.95, 530.50, 57, 84, 11399584
1.25, 22.46, 23.49, 527.67, 57, 84, 11411424
1.25, 23.11, 23.12, 534.24, 57, 84, 11423240
1.25, 21.48, 23.41, 502.99, 57, 84, 11435080
1.25, 24.09, 23.01, 554.21, 57, 84, 11446904
1.25, 21.81, 23.30, 508.26, 57, 84, 11458736
1.25, 23.44, 23.06, 540.50, 57, 84, 11470560
1.25, 23.44, 23.36, 547.45, 58, 84, 11482412
1.25, 24.41, 22.93, 559.73, 58, 85, 11494216
1.25, 21.16, 23.60, 499.36, 58, 84, 11506052
1.25, 23.44, 23.09, 541.13, 58, 84, 11517884
1.26, 22.79, 23.68, 539.62, 58, 84, 11529708
1.27, 22.79, 23.52, 535.93, 58, 84, 11541548
1.27, 22.79, 24.06, 548.22, 58, 84, 11553372
1.27, 23.76, 23.90, 567.87, 58, 84, 11565212
1.27, 24.09, 23.49, 565.91, 58, 84, 11577032
1.28, 25.07, 22.93, 574.65, 58, 84, 11588872
1.28, 22.79, 23.98, 546.38, 58, 84, 11600696
1.28, 24.74, 22.93, 567.19, 58, 84, 11612528
1.28, 23.76, 24.06, 571.72, 58, 84, 11624356
1.28, 23.44, 22.90, 536.70, 58, 84, 11636188
1.28, 23.76, 24.14, 573.64, 58, 84, 11648024
1.27, 23.44, 23.30, 546.19, 58, 84, 11659848
1.27, 23.44, 23.92, 560.73, 58, 84, 11671680
1.27, 24.09, 23.44, 564.61, 59, 84, 11683504
1.27, 24.09, 24.17, 582.15, 59, 84, 11695348
1.27, 22.46, 23.65, 531.30, 59, 84, 11707168
1.28, 24.09, 23.60, 568.51, 59, 84, 11719000
1.28, 25.07, 23.71, 594.26, 59, 84, 11730832
1.29, 23.44, 23.14, 542.39, 59, 84, 11742664
1.29, 24.41, 23.60, 576.19, 59, 84, 11754500
1.29, 24.41, 23.65, 577.50, 59, 84, 11766324
1.29, 24.09, 24.01, 578.25, 59, 84, 11778160
1.30, 25.07, 23.14, 580.06, 59, 84, 11789988
1.29, 25.07, 23.44, 587.50, 59, 84, 11801824
1.29, 24.41, 23.71, 578.82, 59, 84, 11813648
1.29, 25.07, 23.57, 590.88, 59, 84, 11825484
1.29, 24.74, 24.14, 597.22, 59, 84, 11837308
1.29, 24.09, 23.41, 563.96, 59, 84, 11849140
1.29, 23.44, 23.30, 546.19, 59, 84, 11860980
1.29, 25.39, 23.49, 596.50, 59, 84, 11872804
1.29, 24.09, 23.63, 569.16, 60, 84, 11884640
1.29, 23.76, 23.87, 567.23, 60, 84, 11896464
1.30, 26.04, 23.52, 612.49, 60, 84, 11908300
1.30, 26.69, 23.03, 614.85, 60, 84, 11920124
1.30, 27.02, 22.93, 619.43, 60, 84, 11931960
1.31, 24.09, 24.54, 591.25, 60, 84, 11943804
1.31, 24.09, 23.33, 562.01, 60, 84, 11955616
1.31, 26.04, 22.76, 592.83, 60, 84, 11967456
1.31, 26.37, 23.36, 615.88, 60, 84, 11979280
1.31, 26.04, 22.95, 597.74, 60, 84, 11991116
1.32, 28.32, 22.90, 648.52, 60, 84, 12002944
1.32, 26.04, 22.76, 592.83, 60, 84, 12014780
1.31, 27.67, 22.87, 632.86, 60, 84, 12026604
1.32, 26.37, 23.44, 618.02, 60, 84, 12038440
1.32, 23.76, 23.95, 569.16, 60, 84, 12050264
1.32, 26.69, 22.98, 613.41, 60, 84, 12062088
1.32, 25.07, 23.95, 600.34, 60, 84, 12073928
1.32, 24.41, 24.44, 596.60, 61, 84, 12085752
1.32, 27.67, 23.47, 649.28, 61, 84, 12097584
1.32, 27.02, 23.57, 636.92, 61, 84, 12109412
1.33, 27.67, 23.44, 648.54, 61, 84, 12121252
1.33, 27.67, 22.58, 624.65, 61, 84, 12133072
1.33, 26.69, 23.28, 621.33, 61, 84, 12144908
1.33, 27.34, 22.95, 627.63, 61, 84, 12156732
1.33, 28.65, 23.33, 668.33, 61, 84, 12168564
1.34, 25.72, 24.01, 617.32, 61, 84, 12180396
1.34, 27.02, 23.38, 631.82, 61, 84, 12192228
1.34, 25.72, 23.33, 599.98, 61, 84, 12204076
1.34, 25.72, 23.87, 613.85, 61, 84, 12215888
1.34, 27.34, 23.06, 630.58, 61, 84, 12227724
1.34, 27.67, 23.90, 661.22, 61, 84, 12239548
1.34, 26.69, 23.25, 620.61, 61, 84, 12251380
1.34, 27.99, 22.85, 639.55, 61, 84, 12263208
1.34, 26.37, 23.84, 628.68, 61, 84, 12275036
1.34, 27.02, 24.27, 655.87, 62, 84, 12286864
1.34, 26.69, 23.36, 623.49, 62, 84, 12298692
1.34, 28.32, 22.74, 643.93, 62, 84, 12310528
1.35, 26.69, 23.71, 632.85, 62, 84, 12322364
1.35, 26.69, 24.98, 666.68, 62, 84, 12334184
1.36, 26.04, 24.14, 628.65, 62, 84, 12346008
1.36, 28.65, 22.55, 645.93, 62, 84, 12357844
1.36, 27.02, 23.84, 644.21, 62, 84, 12369668
1.36, 27.02, 23.25, 628.17, 62, 84, 12381504
1.36, 26.04, 23.74, 618.11, 62, 84, 12393328
1.36, 27.02, 23.33, 630.36, 62, 84, 12405156
1.36, 30.27, 23.41, 708.76, 62, 84, 12416992
1.36, 27.67, 24.30, 672.42, 62, 84, 12428816
1.37, 27.34, 23.47, 641.64, 62, 84, 12440648
1.36, 28.97, 22.74, 658.74, 62, 84, 12452472
1.37, 28.65, 23.22, 665.24, 62, 84, 12464308
1.37, 26.69, 24.30, 648.68, 62, 84, 12476132
1.37, 26.69, 23.38, 624.21, 63, 84, 12487968
1.37, 28.65, 23.17, 663.70, 63, 84, 12499788
1.37, 28.97, 23.76, 688.43, 63, 84, 12511616
1.37, 30.27, 23.14, 700.59, 63, 84, 12523452
1.38, 28.32, 23.44, 663.79, 63, 84, 12535276
1.38, 27.02, 23.47, 634.00, 63, 84, 12547112
1.38, 27.34, 22.93, 626.89, 63, 84, 12558932
1.39, 28.65, 23.68, 678.38, 63, 84, 12570772
1.39, 27.34, 23.28, 636.48, 63, 84, 12582612
1.39, 26.69, 24.06, 642.20, 63, 84, 12594432
1.39, 27.99, 23.25, 650.88, 63, 84, 12606260
1.39, 30.27, 22.47, 680.18, 63, 84, 12618084
1.39, 29.30, 22.90, 670.88, 63, 84, 12629912
1.39, 28.97, 22.76, 659.52, 63, 84, 12641744
1.39, 27.99, 23.95, 670.51, 63, 84, 12653580
1.39, 27.67, 23.25, 643.31, 63, 84, 12665404
1.39, 28.32, 22.95, 650.05, 63, 84, 12677244
1.40, 29.30, 22.71, 665.35, 64, 84, 12689068
1.39, 27.99, 24.14, 675.80, 64, 84, 12700904
1.40, 28.65, 23.30, 667.56, 64, 84, 12712728
1.41, 30.60, 22.90, 700.70, 64, 84, 12724560
1.41, 30.27, 23.44, 709.57, 64, 84, 12736388
1.41, 28.32, 23.49, 665.32, 64, 84, 12748220
1.42, 30.60, 22.95, 702.35, 64, 84, 12760056
1.42, 30.27, 23.03, 697.33, 64, 84, 12771876
1.42, 30.60, 23.49, 718.85, 64, 84, 12783712
1.42, 28.65, 24.25, 694.60, 64, 84, 12795536
1.42, 29.30, 23.95, 701.70, 64, 84, 12807376
1.42, 29.62, 24.52, 726.27, 64, 84, 12819196
1.42, 27.34, 24.25, 663.03, 64, 84, 12831032
1.42, 28.65, 23.60, 676.06, 64, 84, 12842852
1.42, 28.97, 23.65, 685.31, 64, 84, 12854680
1.42, 29.30, 23.76, 696.17, 64, 84, 12866520
1.42, 28.97, 22.95, 664.99, 64, 84, 12878344
1.42, 31.90, 22.85, 728.79, 65, 84, 12890176
1.42, 30.27, 22.90, 693.24, 65, 84, 12902004
1.42, 30.27, 22.49, 680.99, 65, 84, 12913836
1.43, 28.97, 23.41, 678.27, 65, 84, 12925660
1.43, 29.62, 23.17, 686.32, 65, 84, 12937496
1.44, 32.23, 22.79, 734.49, 65, 84, 12949320
1.44, 31.25, 23.98, 749.32, 65, 84, 12961152
1.44, 30.92, 22.85, 706.48, 65, 84, 12972984
1.44, 30.92, 24.14, 746.52, 65, 84, 12984816
1.44, 28.32, 23.25, 658.45, 65, 84, 12996652
1.44, 29.95, 23.36, 699.52, 65, 84, 13008476
1.45, 29.30, 22.63, 662.98, 65, 84, 13020316
1.45, 30.27, 23.84, 721.82, 65, 84, 13032136
1.45, 31.25, 22.98, 718.13, 65, 84, 13043992
1.45, 28.97, 23.44, 679.05, 65, 84, 13055800
1.45, 31.58, 23.28, 734.98, 65, 84, 13067632
1.45, 30.92, 22.79, 704.82, 65, 84, 13079460
1.44, 30.92, 22.49, 695.64, 66, 84, 13091292
1.45, 29.62, 23.74, 703.10, 66, 84, 13103128
1.45, 30.60, 23.28, 712.25, 66, 84, 13114948
1.46, 30.60, 22.68, 694.09, 66, 84, 13126784
1.46, 31.58, 23.14, 730.72, 66, 84, 13138608
1.46, 30.27, 23.55, 712.84, 66, 84, 13150444
1.47, 30.27, 22.79, 689.98, 66, 84, 13162268
1.47, 31.58, 23.44, 740.09, 66, 84, 13174096
1.47, 31.58, 23.20, 732.43, 66, 84, 13185924
1.47, 29.30, 24.19, 708.81, 66, 84, 13197756
1.47, 30.27, 23.84, 721.82, 66, 84, 13209588
1.47, 30.92, 23.33, 721.50, 66, 84, 13221412
1.47, 32.23, 23.33, 751.88, 66, 84, 13233248
1.47, 29.30, 24.81, 726.98, 66, 84, 13245072
1.47, 30.27, 23.79, 720.19, 66, 84, 13256908
1.47, 31.58, 23.60, 745.20, 66, 84, 13268732
1.47, 29.62, 23.90, 707.90, 66, 84, 13280568
1.47, 29.95, 22.60, 676.90, 67, 84, 13292388
1.47, 29.95, 23.30, 697.91, 67, 84, 13304232
1.47, 31.58, 23.14, 730.72, 67, 84, 13316052
1.48, 29.62, 23.65, 700.71, 67, 84, 13327876
1.48, 30.92, 23.12, 714.82, 67, 84, 13339708
1.49, 31.25, 23.44, 732.46, 67, 84, 13351532
1.49, 29.62, 23.90, 707.90, 67, 84, 13363368
1.49, 32.88, 22.82, 750.22, 67, 84, 13375192
1.50, 31.58, 24.11, 761.38, 67, 84, 13387024
1.50, 31.25, 23.14, 723.19, 67, 84, 13398848
1.50, 31.58, 22.68, 716.25, 67, 84, 13410680
1.50, 32.23, 22.87, 737.10, 67, 84, 13422528
1.50, 31.90, 24.33, 776.12, 67, 84, 13434332
1.50, 31.58, 23.55, 743.50, 67, 84, 13446172
1.50, 31.90, 23.30, 743.42, 67, 84, 13457996
1.50, 31.90, 23.09, 736.54, 67, 84, 13469832
1.50, 31.90, 22.74, 725.35, 67, 84, 13481656
1.50, 31.25, 23.30, 728.25, 68, 84, 13493492
1.50, 30.92, 23.25, 718.99, 68, 84, 13505316
1.50, 29.95, 23.49, 703.56, 68, 84, 13517148
1.50, 32.55, 22.90, 745.42, 68, 84, 13528976
1.51, 32.88, 23.12, 759.97, 68, 84, 13540808
1.52, 32.88, 22.74, 747.56, 68, 84, 13552648
1.52, 31.58, 23.74, 749.46, 68, 84, 13564476
1.53, 32.88, 23.20, 762.63, 68, 84, 13576312
1.53, 31.58, 23.22, 733.28, 68, 84, 13588132
1.53, 32.55, 23.28, 757.71, 68, 84, 13599968
1.54, 31.25, 23.60, 737.52, 68, 84, 13611792
1.54, 31.25, 23.52, 734.99, 68, 84, 13623624
1.54, 31.58, 23.49, 741.80, 68, 84, 13635452
1.53, 32.55, 22.76, 741.03, 68, 84, 13647280
1.53, 33.85, 22.79, 771.59, 68, 84, 13659116
1.53, 32.23, 23.79, 766.65, 68, 84, 13670936
1.53, 30.92, 23.38, 723.17, 68, 84, 13682792
1.53, 31.90, 22.66, 722.77, 69, 84, 13694600
1.53, 33.20, 22.98, 763.02, 69, 84, 13706436
1.53, 31.90, 23.22, 740.84, 69, 84, 13718260
1.54, 29.95, 23.09, 691.44, 69, 84, 13730096
1.54, 31.58, 23.03, 727.32, 69, 84, 13741920
1.55, 31.58, 23.44, 740.09, 69, 84, 13753748
1.55, 32.23, 23.38, 753.61, 69, 84, 13765588
1.56, 34.83, 23.12, 805.12, 69, 84, 13777408
1.56, 32.88, 23.01, 756.42, 69, 84, 13789244
1.57, 31.58, 23.33, 736.69, 69, 84, 13801068
1.56, 34.18, 23.30, 796.52, 69, 84, 13812900
1.57, 33.20, 23.17, 769.29, 69, 84, 13824724
1.56, 33.20, 23.12, 767.50, 69, 84, 13836564
1.56, 33.53, 23.57, 790.39, 69, 84, 13848384
1.57, 33.85, 23.12, 782.54, 69, 84, 13860216
1.57, 30.92, 23.03, 712.32, 69, 84, 13872044
1.57, 33.53, 23.03, 772.31, 69, 84, 13883868
1.56, 32.55, 22.98, 748.06, 70, 84, 13895708
1.57, 33.53, 23.28, 780.45, 70, 84, 13907528
1.57, 34.51, 22.93, 791.08, 70, 84, 13919364
1.57, 32.55, 23.57, 767.37, 70, 84, 13931188
1.58, 33.85, 23.41, 792.59, 70, 84, 13943024
1.58, 32.88, 23.28, 765.29, 70, 84, 13954848
1.59, 32.88, 23.76, 781.25, 70, 84, 13966676
1.59, 32.88, 23.25, 764.40, 70, 84, 13978508
1.59, 33.20, 23.03, 764.81, 70, 84, 13990336
1.60, 33.20, 23.60, 783.62, 70, 84, 14002168
1.60, 33.53, 23.44, 785.87, 70, 85, 14013988
1.60, 31.90, 23.14, 738.26, 70, 84, 14025828
1.60, 34.18, 22.90, 782.69, 70, 84, 14037648
1.60, 32.55, 23.71, 771.76, 70, 84, 14049488
1.60, 34.51, 23.06, 795.73, 70, 84, 14061308
1.60, 35.81, 22.98, 822.86, 70, 84, 14073144
1.60, 33.85, 22.66, 767.02, 70, 84, 14084968
1.60, 31.90, 22.95, 732.23, 71, 84, 14096800
1.60, 33.85, 23.28, 788.02, 71, 84, 14108636
1.60, 34.18, 22.79, 779.01, 71, 84, 14120460
1.60, 33.85, 23.20, 785.28, 71, 84, 14132296
1.61, 34.18, 22.60, 772.55, 71, 84, 14144120
1.61, 33.53, 23.17, 776.83, 71, 84, 14155952
1.62, 34.18, 22.74, 777.16, 71, 84, 14167776
1.62, 32.88, 22.87, 751.99, 71, 84, 14179612
1.62, 34.83, 23.17, 807.00, 71, 84, 14191440
1.62, 33.53, 22.58, 756.93, 71, 84, 14203268
1.62, 33.53, 24.19, 811.19, 71, 84, 14215108
1.63, 33.20, 23.33, 774.66, 71, 84, 14226928
1.63, 34.83, 23.87, 831.42, 71, 84, 14238768
1.63, 33.85, 22.87, 774.33, 71, 84, 14250588
1.63, 33.85, 23.65, 800.81, 71, 84, 14262432
1.62, 33.85, 23.41, 792.59, 71, 84, 14274256
1.63, 35.16, 23.98, 842.99, 71, 84, 14286088
1.62, 34.18, 22.66, 774.40, 72, 84, 14297916
1.62, 32.55, 23.98, 780.54, 72, 84, 14309744
1.62, 34.18, 23.38, 799.29, 72, 84, 14321580
1.63, 35.48, 23.55, 835.48, 72, 84, 14333408
1.63, 34.83, 22.68, 790.09, 72, 84, 14345244
1.64, 34.51, 22.98, 792.94, 72, 84, 14357068
1.64, 32.88, 22.87, 751.99, 72, 84, 14368904
1.64, 36.13, 22.33, 806.95, 72, 84, 14380724
1.64, 33.20, 23.52, 780.93, 72, 84, 14392564
1.65, 33.85, 23.87, 808.11, 72, 84, 14404400
1.65, 35.48, 23.52, 834.52, 72, 84, 14416216
1.65, 33.53, 23.12, 775.02, 72, 84, 14428048
1.65, 35.16, 22.74, 799.37, 72, 84, 14439880
1.65, 33.85, 22.74, 769.76, 72, 84, 14451716
1.65, 36.13, 23.41, 845.94, 72, 84, 14463540
1.65, 35.48, 23.74, 842.18, 72, 84, 14475372
1.65, 34.51, 23.03, 794.80, 72, 84, 14487200
1.65, 35.81, 23.60, 845.08, 73, 84, 14499036
1.65, 36.13, 23.68, 855.68, 73, 84, 14510856
1.65, 34.18, 23.49, 802.98, 73, 84, 14522704
1.66, 36.13, 23.55, 850.81, 73, 85, 14534516
1.66, 35.16, 23.38, 822.12, 73, 84, 14546344
1.66, 36.46, 22.63, 825.04, 73, 84, 14558180
1.67, 35.81, 23.71, 848.94, 73, 84, 14570004
1.67, 35.48, 22.71, 805.81, 73, 84, 14581844
1.67, 35.16, 23.01, 808.85, 73, 84, 14593668
1.67, 35.81, 22.82, 817.07, 73, 84, 14605504
1.67, 37.43, 23.49, 879.45, 73, 84, 14617332
1.67, 36.13, 23.60, 852.76, 73, 84, 14629168
1.67, 37.11, 23.79, 882.81, 73, 84, 14640992
1.68, 36.78, 23.41, 861.18, 73, 84, 14652824
1.67, 35.48, 23.28, 825.91, 73, 84, 14664672
1.68, 35.81, 23.09, 826.73, 73, 85, 14676480
1.68, 37.11, 23.30, 864.80, 73, 84, 14688316
1.68, 35.81, 22.74, 814.17, 74, 84, 14700140
1.68, 36.13, 23.41, 845.94, 74, 84, 14711976
1.67, 36.46, 23.06, 840.77, 74, 84, 14723796
1.68, 36.46, 23.63, 861.42, 74, 84, 14735632
1.69, 36.78, 23.06, 848.28, 74, 84, 14747456
1.69, 36.78, 23.82, 876.06, 74, 84, 14759288
1.69, 37.11, 22.98, 852.78, 74, 84, 14771116
1.69, 37.11, 23.14, 858.79, 74, 84, 14782964
1.70, 36.46, 23.25, 847.66, 74, 84, 14794780
1.70, 37.11, 23.79, 882.81, 74, 84, 14806608
1.70, 37.76, 22.95, 866.73, 74, 84, 14818444
1.70, 36.78, 23.38, 860.19, 74, 84, 14830272
1.70, 36.78, 23.41, 861.18, 74, 84, 14842108
1.70, 36.78, 23.60, 868.12, 74, 84, 14853928
1.70, 35.81, 23.22, 831.55, 74, 84, 14865756
1.70, 37.43, 23.28, 871.37, 74, 84, 14877584
1.70, 38.74, 23.14, 896.46, 74, 84, 14889416
1.70, 37.11, 22.87, 848.78, 75, 84, 14901252
1.70, 36.46, 23.76, 866.34, 75, 84, 14913076
1.70, 37.76, 23.41, 884.04, 75, 84, 14924908
1.71, 36.78, 23.25, 855.23, 75, 84, 14936732
1.71, 37.11, 23.01, 853.79, 75, 84, 14948568
1.71, 38.41, 22.60, 868.20, 75, 84, 14960392
1.72, 38.74, 23.36, 904.81, 75, 84, 14972232
1.72, 36.78, 24.19, 889.95, 75, 84, 14984052
1.72, 36.46, 23.14, 843.72, 75, 84, 14995888
1.72, 38.41, 22.90, 879.60, 75, 84, 15007724
1.72, 38.41, 23.17, 889.96, 75, 84, 15019548
1.72, 37.76, 23.68, 894.23, 75, 84, 15031384
1.72, 36.78, 23.49, 864.15, 75, 84, 15043208
1.72, 36.13, 23.57, 851.78, 75, 84, 15055048
1.72, 37.11, 23.36, 866.80, 75, 84, 15066868
1.72, 38.41, 23.33, 896.18, 75, 84, 15078704
1.73, 38.74, 22.90, 887.05, 75, 84, 15090532
1.73, 38.41, 22.55, 866.13, 76, 84, 15102360
1.72, 37.43, 23.44, 877.43, 76, 84, 15114196
1.73, 38.09, 22.98, 875.23, 76, 84, 15126024
1.73, 41.02, 22.95, 941.44, 76, 84, 15137860
1.74, 38.09, 22.58, 859.82, 76, 84, 15149688
1.74, 37.11, 22.85, 847.78, 76, 84, 15161524
1.74, 38.09, 23.22, 884.47, 76, 84, 15173348
1.74, 38.74, 23.65, 916.31, 76, 84, 15185188
1.74, 38.09, 23.28, 886.53, 76, 84, 15197008
1.75, 38.41, 23.14, 888.92, 76, 84, 15208844
1.74, 38.41, 22.71, 872.35, 76, 84, 15220676
1.75, 38.09, 23.17, 882.42, 76, 84, 15232504
1.75, 36.46, 22.71, 827.99, 76, 84, 15244340
1.75, 37.43, 22.55, 844.11, 76, 84, 15256164
1.74, 40.69, 22.71, 924.10, 76, 84, 15268004
1.74, 37.76, 22.55, 851.45, 76, 84, 15279828
1.75, 38.41, 22.47, 863.02, 76, 84, 15291664
1.75, 37.76, 22.09, 834.14, 77, 84, 15303488
1.75, 39.71, 22.58, 896.56, 77, 84, 15315316
1.74, 39.06, 22.55, 880.81, 77, 84, 15327144
1.75, 39.06, 22.68, 886.08, 77, 84, 15338976
1.76, 39.06, 22.09, 862.90, 77, 84, 15350812
1.76, 40.36, 23.74, 958.07, 77, 84, 15362636
1.76, 40.04, 23.06, 923.35, 77, 84, 15374468
1.77, 39.39, 23.30, 917.90, 77, 84, 15386292
1.77, 38.41, 23.09, 886.85, 77, 84, 15398128
1.77, 38.74, 23.76, 920.49, 77, 84, 15409948
1.77, 39.39, 23.06, 908.34, 77, 84, 15421780
1.77, 40.04, 23.74, 950.35, 77, 84, 15433612
1.77, 39.71, 22.93, 910.49, 77, 84, 15445440
1.77, 39.06, 23.38, 913.47, 77, 84, 15457276
1.77, 41.67, 23.22, 967.63, 77, 84, 15469100
1.77, 39.39, 22.76, 896.65, 77, 84, 15480936
1.77, 40.04, 23.03, 922.27, 77, 84, 15492760
1.77, 40.04, 23.36, 935.23, 78, 84, 15504608
1.77, 40.36, 24.01, 968.96, 78, 84, 15516420
1.77, 39.39, 23.60, 929.58, 78, 84, 15528252
1.77, 41.99, 23.20, 974.05, 78, 84, 15540080
1.78, 41.34, 23.01, 951.15, 78, 84, 15551908
1.78, 40.36, 22.85, 922.15, 78, 84, 15563748
1.79, 40.69, 22.85, 929.58, 78, 84, 15575572
1.79, 39.71, 22.52, 894.42, 78, 84, 15587412
1.79, 41.67, 22.74, 947.40, 78, 84, 15599236
1.79, 40.04, 22.87, 915.79, 78, 84, 15611072
1.79, 41.34, 22.60, 934.42, 78, 84, 15622916
1.79, 41.02, 22.82, 935.91, 78, 84, 15634732
1.79, 39.71, 22.60, 897.63, 78, 84, 15646560
1.79, 41.34, 23.74, 981.25, 78, 84, 15658392
1.79, 40.36, 23.12, 933.03, 78, 84, 15670228
1.79, 41.99, 22.79, 957.06, 78, 84, 15682052
1.79, 41.99, 23.38, 981.98, 78, 84, 15693892
1.79, 42.64, 23.09, 984.55, 79, 84, 15705716
1.79, 41.99, 22.85, 959.33, 79, 84, 15717552
1.79, 39.71, 22.85, 907.27, 79, 84, 15729372
1.80, 39.71, 22.63, 898.70, 79, 84, 15741212
1.80, 41.34, 23.71, 980.14, 79, 84, 15753032
1.80, 40.04, 22.63, 906.07, 79, 84, 15764876
1.80, 41.34, 23.22, 960.07, 79, 84, 15776700
1.81, 41.99, 22.12, 928.75, 79, 84, 15788524
1.81, 40.04, 23.09, 924.43, 79, 84, 15800356
1.81, 41.34, 23.36, 965.64, 79, 84, 15812184
1.81, 41.34, 22.49, 929.96, 79, 84, 15824016
1.81, 43.29, 23.44, 1014.77, 79, 84, 15835844
1.81, 41.67, 23.55, 981.11, 79, 84, 15847680
1.81, 42.32, 23.01, 973.61, 79, 84, 15859504
1.81, 42.32, 22.49, 951.93, 79, 84, 15871336
1.81, 41.99, 23.47, 985.38, 79, 84, 15883168
1.81, 43.29, 22.71, 983.24, 79, 84, 15894996
1.81, 42.32, 23.25, 983.89, 80, 84, 15906836
1.81, 41.34, 22.76, 941.11, 80, 84, 15918660
1.81, 42.32, 23.22, 982.75, 80, 84, 15930500
1.82, 40.69, 23.92, 973.48, 80, 84, 15942324
1.82, 43.95, 22.93, 1007.51, 80, 84, 15954160
1.83, 44.27, 22.82, 1010.19, 80, 84, 15965988
1.83, 44.92, 22.98, 1032.32, 80, 84, 15977816
1.84, 41.02, 23.20, 951.40, 80, 84, 15989652
1.84, 42.32, 23.12, 978.18, 80, 84, 16001480
1.84, 43.95, 23.06, 1013.43, 80, 84, 16013320
1.83, 43.29, 22.76, 985.57, 80, 84, 16025144
1.83, 41.34, 23.36, 965.64, 80, 84, 16036980
1.83, 43.95, 23.68, 1040.69, 80, 84, 16048804
1.83, 44.92, 23.03, 1034.74, 80, 84, 16060644
1.83, 43.29, 22.55, 976.23, 80, 84, 16072468
1.83, 43.95, 22.58, 992.10, 80, 84, 16084300
1.83, 42.97, 22.01, 945.71, 80, 85, 16096128
1.83, 41.02, 22.60, 927.06, 81, 84, 16107960
1.83, 42.32, 23.87, 1010.14, 81, 84, 16119796
1.83, 43.29, 23.14, 1001.92, 81, 84, 16131620
1.84, 43.62, 23.06, 1005.93, 81, 84, 16143460
1.84, 43.95, 22.79, 1001.58, 81, 84, 16155280
1.84, 43.29, 22.74, 984.41, 81, 84, 16167112
1.84, 41.99, 22.79, 957.06, 81, 84, 16178940
1.84, 42.64, 22.90, 976.50, 81, 84, 16190772
1.85, 43.29, 22.76, 985.57, 81, 84, 16202596
1.85, 42.64, 23.41, 998.36, 81, 84, 16214428
1.85, 42.64, 23.30, 993.76, 81, 84, 16226264
1.85, 43.95, 22.95, 1008.69, 81, 84, 16238088
1.85, 42.97, 23.30, 1001.34, 81, 84, 16249924
1.85, 43.29, 23.03, 997.25, 81, 84, 16261748
1.85, 43.29, 23.30, 1008.93, 81, 84, 16273584
1.85, 44.92, 22.60, 1015.36, 81, 84, 16285404
1.85, 44.27, 22.25, 985.12, 81, 84, 16297240
1.84, 42.97, 23.09, 992.07, 82, 84, 16309064
1.84, 43.29, 22.28, 964.55, 82, 84, 16320896
1.85, 42.97, 23.17, 995.55, 82, 84, 16332728
1.85, 44.27, 22.20, 982.73, 82, 84, 16344556
1.85, 43.62, 22.52, 982.39, 82, 84, 16356392
1.86, 43.29, 22.76, 985.57, 82, 84, 16368220
1.86, 44.92, 22.76, 1022.62, 82, 84, 16380056
1.86, 44.27, 23.25, 1029.30, 82, 84, 16391880
1.86, 44.27, 22.98, 1017.36, 82, 84, 16403716
1.86, 45.57, 23.74, 1081.70, 82, 84, 16415544
1.86, 43.95, 23.09, 1014.62, 82, 84, 16427372
1.86, 44.60, 23.25, 1036.87, 82, 84, 16439200
1.86, 45.25, 23.22, 1050.78, 82, 84, 16451028
1.86, 44.27, 22.87, 1012.58, 82, 84, 16462880
1.86, 43.62, 22.55, 983.57, 82, 84, 16474692
1.86, 45.57, 22.90, 1043.59, 82, 84, 16486520
1.86, 42.97, 22.74, 977.00, 82, 84, 16498348
1.86, 43.62, 22.68, 989.45, 83, 84, 16510184
1.86, 44.92, 22.76, 1022.62, 83, 84, 16522004
1.86, 44.92, 22.68, 1018.99, 83, 84, 16533836
1.87, 43.95, 23.20, 1019.36, 83, 84, 16545664
1.87, 45.57, 23.14, 1054.65, 83, 84, 16557500
1.87, 43.95, 22.76, 1000.39, 83, 84, 16569336
1.88, 44.92, 22.23, 998.39, 83, 84, 16581160
1.88, 43.95, 22.85, 1003.95, 83, 84, 16593000
1.88, 45.25, 22.95, 1038.58, 83, 84, 16604840
1.88, 45.25, 22.58, 1021.49, 83, 84, 16616656
1.88, 47.20, 23.17, 1093.59, 83, 84, 16628484
1.88, 43.29, 23.30, 1008.93, 83, 84, 16640324
1.88, 43.95, 23.36, 1026.47, 83, 84, 16652144
1.88, 45.25, 22.09, 999.52, 83, 84, 16663976
1.88, 46.55, 23.12, 1076.00, 83, 84, 16675804
1.87, 44.92, 22.60, 1015.36, 83, 84, 16687632
1.88, 44.92, 23.57, 1058.97, 83, 84, 16699472
1.88, 43.95, 22.68, 996.84, 84, 84, 16711296
1.88, 43.29, 23.25, 1006.59, 84, 84, 16723148
1.88, 45.57, 22.52, 1026.38, 84, 84, 16734956
1.88, 47.20, 22.25, 1050.31, 84, 84, 16746796
1.88, 45.57, 22.52, 1026.38, 84, 84, 16758620
1.88, 45.57, 22.44, 1022.70, 84, 84, 16770452
1.89, 47.20, 22.98, 1084.68, 84, 84, 16782288
1.89, 46.88, 23.87, 1118.92, 84, 84, 16794116
1.89, 45.90, 22.39, 1027.52, 84, 84, 16805948
1.90, 48.50, 21.98, 1066.20, 84, 84, 16817776
1.89, 47.53, 23.60, 1121.65, 84, 84, 16829612
1.89, 45.25, 23.74, 1073.97, 84, 84, 16841436
1.89, 44.60, 23.14, 1032.05, 84, 84, 16853272
1.89, 46.88, 22.31, 1045.59, 84, 84, 16865112
1.89, 49.48, 21.98, 1087.67, 84, 84, 16876928
1.89, 47.53, 22.93, 1089.60, 84, 84, 16888764
1.89, 48.18, 23.22, 1118.82, 84, 84, 16900588
1.89, 46.55, 23.14, 1077.25, 85, 84, 16912424
1.89, 47.20, 22.76, 1074.50, 85, 84, 16924248
1.89, 45.57, 23.12, 1053.43, 85, 84, 16936080
1.89, 47.85, 22.31, 1067.38, 85, 84, 16947904
1.90, 44.92, 22.63, 1016.57, 85, 84, 16959740
1.90, 46.55, 23.57, 1097.34, 85, 84, 16971560
1.90, 49.15, 23.06, 1133.54, 85, 84, 16983392
1.90, 48.50, 22.74, 1102.83, 85, 84, 16995220
1.90, 48.50, 23.03, 1117.22, 85, 84, 17007048
1.91, 47.53, 22.25, 1057.55, 85, 84, 17018888
1.91, 49.15, 22.14, 1088.47, 85, 84, 17030708
1.91, 48.50, 21.85, 1059.66, 85, 84, 17042544
1.91, 48.50, 22.66, 1098.91, 85, 84, 17054372
1.91, 48.83, 22.55, 1101.01, 85, 84, 17066212
1.91, 47.20, 22.14, 1045.22, 85, 84, 17078032
1.91, 48.50, 22.04, 1068.82, 85, 84, 17089868
1.91, 47.20, 22.44, 1059.22, 85, 84, 17101696
1.91, 45.90, 22.58, 1036.19, 86, 84, 17113524
1.91, 47.53, 22.41, 1065.24, 86, 84, 17125364
1.91, 46.22, 22.36, 1033.56, 86, 84, 17137188
1.90, 47.53, 23.63, 1122.93, 86, 84, 17149028
1.91, 46.55, 21.87, 1018.24, 86, 84, 17160848
1.91, 47.85, 23.49, 1124.17, 86, 84, 17172684
1.91, 49.80, 23.68, 1179.45, 86, 84, 17184508
1.92, 48.18, 22.71, 1094.13, 86, 84, 17196344
1.92, 46.22, 22.31, 1031.07, 86, 84, 17208168
1.92, 46.88, 22.55, 1056.97, 86, 84, 17219996
1.92, 47.53, 21.93, 1042.17, 86, 84, 17231836
1.92, 46.55, 22.20, 1033.31, 86, 84, 17243660
1.92, 48.50, 21.79, 1057.04, 86, 84, 17255500
1.93, 47.20, 22.04, 1040.12, 86, 84, 17267324
1.92, 46.88, 22.44, 1051.92, 86, 84, 17279164
1.92, 46.22, 22.76, 1052.27, 86, 84, 17290984
1.92, 46.55, 22.90, 1065.95, 86, 84, 17302820
1.92, 47.53, 23.95, 1138.31, 87, 84, 17314644
1.92, 46.88, 24.11, 1130.30, 87, 84, 17326476
1.92, 45.90, 23.03, 1057.24, 87, 84, 17338312
1.92, 46.55, 22.14, 1030.80, 87, 84, 17350140
1.93, 48.50, 23.65, 1147.31, 87, 84, 17361976
1.93, 47.85, 22.39, 1071.25, 87, 84, 17373800
1.93, 49.48, 23.49, 1162.40, 87, 84, 17385636
1.93, 47.53, 22.17, 1053.71, 87, 84, 17397464
1.93, 47.20, 22.98, 1084.68, 87, 84, 17409296
1.93, 49.48, 23.60, 1167.74, 87, 84, 17421120
1.93, 48.18, 22.68, 1092.83, 87, 84, 17432948
1.93, 47.53, 22.44, 1066.52, 87, 84, 17444780
1.93, 49.48, 23.41, 1158.40, 87, 84, 17456608
1.93, 51.76, 23.47, 1214.54, 87, 84, 17468440
1.93, 47.85, 22.41, 1072.54, 87, 84, 17480268
1.93, 47.85, 23.12, 1106.10, 87, 84, 17492104
1.94, 51.11, 22.41, 1145.50, 87, 84, 17503928
1.93, 48.83, 21.98, 1073.36, 88, 84, 17515760
1.93, 50.46, 23.79, 1200.31, 88, 84, 17527584
1.94, 49.80, 23.47, 1168.71, 88, 84, 17539416
1.94, 52.08, 22.76, 1185.65, 88, 84, 17551244
1.94, 49.48, 23.14, 1145.05, 88, 84, 17563088
1.95, 49.48, 23.74, 1174.41, 88, 84, 17574908
1.95, 48.50, 22.14, 1074.05, 88, 84, 17586732
1.95, 49.80, 22.47, 1119.00, 88, 84, 17598564
1.95, 49.15, 23.71, 1165.36, 88, 84, 17610392
1.95, 49.80, 22.12, 1101.54, 88, 84, 17622232
1.95, 52.73, 23.60, 1244.57, 88, 84, 17634056
1.95, 48.18, 21.85, 1052.55, 88, 84, 17645892
1.95, 52.41, 23.06, 1208.61, 88, 84, 17657716
1.95, 49.48, 22.95, 1135.71, 88, 84, 17669548
1.95, 50.13, 22.25, 1115.50, 88, 84, 17681384
1.95, 52.73, 22.95, 1210.43, 88, 84, 17693208
1.95, 48.18, 22.28, 1073.34, 88, 84, 17705056
1.95, 48.83, 22.44, 1095.74, 89, 84, 17716864
1.95, 50.78, 21.74, 1103.96, 89, 84, 17728700
1.95, 51.76, 23.74, 1228.50, 89, 84, 17740524
1.95, 52.73, 22.36, 1179.14, 89, 84, 17752360
1.95, 48.83, 22.55, 1101.01, 89, 84, 17764184
1.96, 48.18, 22.28, 1073.34, 89, 84, 17776016
1.96, 48.83, 22.66, 1106.28, 89, 84, 17787848
1.96, 48.50, 22.17, 1075.36, 89, 84, 17799676
1.96, 52.41, 22.01, 1153.48, 89, 84, 17811516
1.96, 50.78, 23.36, 1186.14, 89, 84, 17823356
1.97, 49.48, 23.28, 1151.73, 89, 84, 17835176
1.97, 51.43, 23.47, 1206.90, 89, 84, 17847000
1.96, 50.46, 22.55, 1137.71, 89, 84, 17858832
1.96, 49.48, 23.47, 1161.07, 89, 84, 17870656
1.96, 49.80, 22.49, 1120.35, 89, 84, 17882488
1.96, 51.43, 21.69, 1115.34, 89, 84, 17894328
1.96, 52.73, 23.55, 1241.72, 89, 84, 17906152
1.96, 49.15, 22.41, 1101.72, 90, 84, 17917988
1.97, 53.39, 21.79, 1163.46, 90, 84, 17929808
1.96, 49.48, 23.30, 1153.06, 90, 84, 17941644
1.96, 54.69, 22.60, 1236.08, 90, 84, 17953468
1.97, 53.71, 22.36, 1200.97, 90, 84, 17965320
1.97, 50.46, 23.92, 1207.12, 90, 84, 17977124
1.97, 52.41, 23.76, 1245.36, 90, 84, 17988956
1.98, 53.39, 23.14, 1235.45, 90, 84, 18000784
1.98, 54.36, 22.31, 1212.60, 90, 84, 18012616
1.98, 52.73, 24.06, 1268.75, 90, 84, 18024452
1.98, 52.08, 22.60, 1177.22, 90, 84, 18036276
1.98, 54.36, 22.55, 1225.79, 90, 84, 18048112
1.98, 54.04, 22.14, 1196.59, 90, 84, 18059940
1.98, 54.04, 22.12, 1195.13, 90, 84, 18071780
1.98, 50.78, 21.77, 1105.33, 90, 84, 18083600
1.98, 52.41, 21.98, 1152.07, 90, 84, 18095432
1.98, 49.80, 22.33, 1112.29, 90, 84, 18107264
1.98, 49.80, 23.36, 1163.33, 91, 84, 18119096
1.98, 51.43, 23.09, 1187.48, 91, 84, 18130928
1.98, 51.11, 22.01, 1124.82, 91, 84, 18142752
1.97, 54.69, 22.39, 1224.28, 91, 84, 18154592
1.98, 51.43, 22.52, 1158.35, 91, 84, 18166416
1.98, 54.36, 21.98, 1195.00, 91, 84, 18178248
1.99, 52.08, 23.01, 1198.30, 91, 84, 18190072
1.99, 53.06, 22.90, 1215.04, 91, 84, 18201908
1.99, 50.46, 22.28, 1124.10, 91, 84, 18213728
1.99, 52.41, 22.87, 1198.72, 91, 84, 18225560
1.99, 52.73, 23.28, 1227.50, 91, 84, 18237396
2.00, 55.66, 22.12, 1231.13, 91, 84, 18249216
2.00, 51.11, 21.93, 1120.69, 91, 84, 18261056
1.99, 53.39, 23.76, 1268.57, 91, 84, 18272876
1.99, 52.08, 21.93, 1142.10, 91, 84, 18284712
1.99, 52.41, 23.36, 1224.16, 91, 84, 18296536
1.99, 54.69, 23.01, 1258.21, 91, 84, 18308372
1.98, 50.78, 22.17, 1125.88, 92, 84, 18320192
1.98, 55.34, 22.55, 1247.81, 92, 84, 18332024
1.98, 54.04, 21.90, 1183.47, 92, 84, 18343852
1.99, 50.78, 22.12, 1123.14, 92, 84, 18355680
1.99, 54.69, 21.82, 1193.31, 92, 84, 18367520
2.00, 55.66, 22.17, 1234.14, 92, 84, 18379340
2.00, 54.69, 23.44, 1281.81, 92, 84, 18391172
2.00, 52.41, 22.49, 1178.93, 92, 84, 18403000
2.01, 55.01, 21.82, 1200.41, 92, 84, 18414836
2.00, 56.64, 23.41, 1326.06, 92, 84, 18426660
2.00, 53.06, 22.79, 1209.31, 92, 84, 18438492
2.00, 51.76, 21.82, 1129.38, 92, 84, 18450324
2.00, 54.04, 22.28, 1203.88, 92, 84, 18462148
2.00, 54.69, 23.82, 1302.46, 92, 84, 18473984
2.00, 52.08, 22.79, 1187.06, 92, 84, 18485812
2.00, 52.08, 21.93, 1142.10, 92, 84, 18497644
2.00, 53.06, 22.04, 1169.24, 92, 84, 18509468
2.00, 56.64, 23.17, 1312.31, 93, 84, 18521304
2.00, 53.06, 23.63, 1253.68, 93, 84, 18533132
2.00, 54.04, 21.66, 1170.36, 93, 84, 18544964
2.00, 53.06, 23.52, 1247.95, 93, 84, 18556792
2.00, 57.62, 23.49, 1353.59, 93, 84, 18568620
2.01, 55.99, 23.25, 1301.76, 93, 84, 18580456
2.01, 54.36, 21.77, 1183.27, 93, 84, 18592280
2.01, 55.01, 21.82, 1200.41, 93, 84, 18604112
2.01, 57.29, 22.25, 1274.86, 93, 84, 18615936
2.01, 56.97, 22.95, 1307.56, 93, 84, 18627772
2.01, 56.32, 23.03, 1297.18, 93, 84, 18639600
2.01, 53.39, 22.87, 1221.05, 93, 84, 18651436
2.01, 53.06, 22.31, 1183.55, 93, 84, 18663276
2.01, 52.41, 22.33, 1170.45, 93, 84, 18675092
2.01, 55.66, 21.77, 1211.61, 93, 84, 18686932
2.01, 55.01, 21.87, 1203.38, 93, 84, 18698756
2.01, 55.66, 22.09, 1229.63, 93, 84, 18710592
2.01, 55.66, 22.36, 1244.64, 94, 84, 18722416
2.01, 56.64, 22.52, 1275.65, 94, 84, 18734256
2.01, 55.34, 23.30, 1289.61, 94, 84, 18746080
2.01, 55.34, 21.58, 1194.08, 94, 84, 18757916
2.02, 56.64, 23.33, 1321.48, 94, 84, 18769740
2.02, 57.29, 21.79, 1248.59, 94, 84, 18781572
2.02, 53.06, 22.09, 1172.10, 94, 84, 18793412
2.02, 53.39, 22.60, 1206.65, 94, 84, 18805248
2.02, 57.94, 22.25, 1289.34, 94, 84, 18817072
2.02, 53.39, 21.77, 1162.02, 94, 84, 18828896
2.02, 53.39, 22.33, 1192.25, 94, 84, 18840736
2.02, 56.32, 23.14, 1303.25, 94, 84, 18852560
2.02, 57.94, 23.28, 1348.73, 94, 84, 18864396
2.02, 56.32, 21.82, 1228.82, 94, 84, 18876224
2.02, 55.34, 22.47, 1243.34, 94, 84, 18888056
2.02, 54.69, 23.12, 1264.11, 94, 84, 18899884
2.02, 57.62, 22.28, 1283.65, 94, 84, 18911716
2.02, 57.62, 21.87, 1260.34, 95, 84, 18923568
2.02, 55.01, 23.84, 1311.70, 95, 84, 18935376
2.02, 54.69, 23.12, 1264.11, 95, 84, 18947216
2.02, 55.01, 23.12, 1271.63, 95, 84, 18959040
2.03, 53.71, 22.20, 1192.28, 95, 84, 18970876
2.03, 55.34, 21.82, 1207.51, 95, 84, 18982700
2.03, 55.99, 21.96, 1229.27, 95, 84, 18994528
2.03, 58.59, 22.79, 1335.44, 95, 84, 19006360
2.03, 55.99, 23.38, 1309.31, 95, 84, 19018188
2.03, 54.04, 21.69, 1171.81, 95, 84, 19030024
2.03, 56.32, 22.12, 1245.53, 95, 84, 19041848
2.03, 55.99, 23.63, 1322.90, 95, 84, 19053684
2.03, 56.64, 21.87, 1238.98, 95, 84, 19065520
2.03, 55.01, 21.66, 1191.51, 95, 84, 19077344
2.03, 57.29, 22.63, 1296.49, 95, 84, 19089164
2.03, 55.01, 22.82, 1255.31, 95, 84, 19101000
2.03, 55.66, 23.28, 1295.69, 95, 84, 19112824
2.03, 55.66, 22.14, 1232.63, 96, 84, 19124656
2.03, 59.24, 23.52, 1393.42, 96, 84, 19136492
2.03, 55.66, 21.71, 1208.61, 96, 84, 19148320
2.03, 55.34, 22.85, 1264.23, 96, 84, 19160156
2.03, 57.29, 23.25, 1332.03, 96, 84, 19171980
2.03, 59.24, 23.44, 1388.63, 96, 84, 19183820
2.03, 59.57, 23.03, 1372.16, 96, 84, 19195644
2.03, 58.92, 23.06, 1358.75, 96, 84, 19207480
2.03, 58.59, 23.06, 1351.24, 96, 84, 19219304
2.03, 55.99, 23.30, 1304.78, 96, 84, 19231136
2.03, 54.69, 21.98, 1202.16, 96, 84, 19242972
2.03, 55.01, 21.96, 1207.83, 96, 84, 19254796
2.04, 58.27, 21.98, 1280.87, 96, 84, 19266632
2.04, 58.27, 22.87, 1332.73, 96, 84, 19278456
2.04, 57.62, 23.36, 1345.82, 96, 84, 19290292
2.04, 58.59, 23.33, 1367.05, 96, 84, 19302120
2.03, 55.01, 22.09, 1215.25, 96, 84, 19313956
2.04, 54.69, 21.82, 1193.31, 97, 84, 19325776
2.03, 56.64, 22.28, 1261.90, 97, 84, 19337608
2.04, 58.27, 23.74, 1383.03, 97, 84, 19349444
2.04, 56.32, 21.77, 1225.79, 97, 84, 19361264
2.04, 56.97, 22.87, 1302.95, 97, 84, 19373100
2.04, 59.24, 22.60, 1339.09, 97, 84, 19384924
2.04, 58.92, 22.09, 1301.54, 97, 84, 19396764
2.05, 55.99, 22.68, 1270.05, 97, 84, 19408584
2.05, 56.97, 22.76, 1296.81, 97, 84, 19420420
2.05, 60.55, 23.01, 1393.02, 97, 84, 19432244
2.05, 58.92, 22.17, 1306.31, 97, 84, 19444076
2.05, 55.66, 22.25, 1238.64, 97, 84, 19455908
2.05, 56.97, 23.06, 1313.71, 97, 84, 19467740
2.05, 58.92, 23.60, 1390.53, 97, 84, 19479576
2.05, 56.97, 21.77, 1239.96, 97, 84, 19491400
2.05, 56.97, 21.77, 1239.96, 97, 84, 19503236
2.05, 58.59, 23.33, 1367.05, 97, 84, 19515064
2.05, 59.57, 22.04, 1312.71, 98, 84, 19526900
2.05, 55.99, 22.23, 1244.37, 98, 84, 19538728
2.05, 56.32, 22.58, 1271.35, 98, 84, 19550552
2.06, 56.32, 22.71, 1278.95, 98, 84, 19562384
2.06, 56.97, 21.90, 1247.64, 98, 84, 19574220
2.06, 59.57, 21.74, 1295.03, 98, 84, 19586060
2.06, 58.92, 21.90, 1290.42, 98, 84, 19597880
2.06, 59.90, 23.57, 1411.97, 98, 84, 19609716
2.06, 59.24, 22.87, 1355.07, 98, 84, 19621540
2.06, 57.62, 22.79, 1313.18, 98, 84, 19633376
2.07, 57.94, 22.25, 1289.34, 98, 84, 19645196
2.06, 58.27, 22.36, 1302.87, 98, 84, 19657032
2.06, 59.90, 22.39, 1340.88, 98, 84, 19668856
2.06, 59.57, 22.68, 1351.27, 98, 84, 19680688
2.06, 59.90, 23.01, 1378.04, 98, 84, 19692524
2.06, 60.55, 23.22, 1406.08, 98, 84, 19704344
2.06, 56.97, 22.66, 1290.66, 98, 84, 19716180
