0.00, -0.33, 24.52, -7.98, 8, 84, 1615980
0.00, -0.33, 24.52, -7.98, 9, 84, 1627808
0.00, -0.33, 24.52, -7.98, 9, 84, 1639644
0.00, -0.33, 24.52, -7.98, 9, 84, 1651472
0.00, -0.33, 24.52, -7.98, 9, 84, 1663308
0.00, -0.33, 24.54, -7.99, 9, 84, 1675144
0.00, -0.33, 24.52, -7.98, 9, 85, 1686964
0.00, -0.33, 24.52, -7.98, 9, 84, 1698796
0.00, -0.33, 24.52, -7.98, 9, 84, 1710620
0.00, -0.33, 24.52, -7.98, 9, 84, 1722460
0.00, -0.33, 24.52, -7.98, 9, 84, 1734284
0.00, -0.33, 24.52, -7.98, 9, 84, 1746120
0.01, -0.33, 24.52, -7.98, 9, 84, 1757952
0.00, -0.33, 24.52, -7.98, 9, 84, 1769788
0.01, -0.33, 24.52, -7.98, 9, 84, 1781612
0.01, -0.33, 24.52, -7.98, 9, 84, 1793440
0.00, -0.33, 24.52, -7.98, 9, 84, 1805276
0.01, -0.33, 24.52, -7.98, 9, 84, 1817100
0.00, -0.33, 24.54, -7.99, 10, 84, 1828940
0.01, -0.33, 24.52, -7.98, 10, 84, 1840760
0.00, -0.33, 24.52, -7.98, 10, 84, 1852596
0.01, -0.33, 24.52, -7.98, 10, 84, 1864420
0.01, -0.33, 24.52, -7.98, 10, 84, 1876272
0.01, -0.33, 24.52, -7.98, 10, 85, 1888076
0.01, -0.33, 24.52, -7.98, 10, 84, 1899908
0.01, -0.33, 24.52, -7.98, 10, 84, 1911744
0.01, -0.33, 24.52, -7.98, 10, 84, 1923568
0.01, -0.33, 24.54, -7.99, 10, 84, 1935412
0.01, -0.33, 24.52, -7.98, 10, 84, 1947224
0.01, -0.33, 24.52, -7.98, 10, 84, 1959060
0.01, -0.33, 24.52, -7.98, 10, 84, 1970880
0.01, -0.33, 24.52, -7.98, 10, 84, 1982720
0.01, -0.33, 24.52, -7.98, 10, 84, 1994544
0.01, -0.33, 24.52, -7.98, 10, 84, 2006372
0.01, -0.33, 24.52, -7.98, 10, 84, 2018204
0.01, -0.33, 24.52, -7.98, 11, 84, 2030032
0.01, -0.33, 24.52, -7.98, 11, 84, 2041872
0.01, -0.33, 24.52, -7.98, 11, 84, 2053688
0.01, -0.33, 24.52, -7.98, 11, 84, 2065528
0.01, -0.33, 24.52, -7.98, 11, 84, 2077348
0.02, -0.33, 24.52, -7.98, 11, 84, 2089188
0.02, -0.33, 24.52, -7.98, 11, 84, 2101008
0.02, -0.33, 24.52, -7.98, 11, 84, 2112848
0.02, -0.33, 24.52, -7.98, 11, 84, 2124668
0.02, -0.33, 24.52, -7.98, 11, 84, 2136516
0.02, -0.33, 24.52, -7.98, 11, 84, 2148332
0.02, -0.33, 24.52, -7.98, 11, 84, 2160156
0.02, -0.33, 24.52, -7.98, 11, 84, 2171992
0.02, -0.33, 24.52, -7.98, 11, 84, 2183816
0.02, -0.33, 24.52, -7.98, 11, 84, 2195652
0.02, -0.33, 24.52, -7.98, 11, 84, 2207472
0.02, -0.33, 24.52, -7.98, 11, 84, 2219312
0.02, -0.33, 24.52, -7.98, 12, 84, 2231132
0.02, -0.33, 24.52, -7.98, 12, 84, 2242964
0.02, -0.33, 24.54, -7.99, 12, 84, 2254800
0.02, -0.33, 24.49, -7.97, 12, 85, 2266620
0.02, -0.00, 24.52, -0.00, 12, 84, 2278456
0.02, -0.00, 24.52, -0.00, 12, 84, 2290280
0.02, -0.00, 24.52, -0.00, 12, 84, 2302116
0.02, -0.33, 24.52, -7.98, 12, 84, 2313940
0.03, -0.33, 24.52, -7.98, 12, 84, 2325776
0.03, -0.00, 24.52, -0.00, 12, 84, 2337600
0.03, -0.33, 24.52, -7.98, 12, 84, 2349428
0.03, -0.33, 24.52, -7.98, 12, 84, 2361256
0.03, -0.00, 24.52, -0.00, 12, 84, 2373092
0.03, -0.33, 24.52, -7.98, 12, 84, 2384924
0.03, -0.33, 24.52, -7.98, 12, 84, 2396748
0.03, -0.00, 24.52, -0.00, 12, 84, 2408580
0.03, -0.00, 24.52, -0.00, 12, 84, 2420404
0.03, -0.33, 24.52, -7.98, 13, 84, 2432240
0.03, -0.00, 24.52, -0.00, 13, 84, 2444064
0.03, -0.00, 24.52, -0.00, 13, 84, 2455900
0.03, -0.33, 24.49, -7.97, 13, 84, 2467728
0.03, -0.33, 24.52, -7.98, 13, 84, 2479560
0.03, -0.00, 24.52, -0.00, 13, 84, 2491396
0.03, -0.00, 24.52, -0.00, 13, 84, 2503224
0.03, -0.00, 24.54, -0.00, 13, 84, 2515060
0.03, -0.00, 24.52, -0.00, 13, 84, 2526884
0.03, -0.00, 24.52, -0.00, 13, 84, 2538720
0.03, -0.00, 24.52, -0.00, 13, 84, 2550544
0.03, -0.00, 24.52, -0.00, 13, 84, 2562380
0.03, -0.00, 24.52, -0.00, 13, 84, 2574204
0.03, -0.00, 24.52, -0.00, 13, 84, 2586036
0.03, -0.00, 24.52, -0.00, 13, 84, 2597868
0.03, -0.00, 24.52, -0.00, 13, 84, 2609696
0.04, -0.00, 24.52, -0.00, 13, 84, 2621532
0.04, -0.00, 24.52, -0.00, 14, 84, 2633356
0.03, -0.00, 24.52, -0.00, 14, 84, 2645196
0.03, -0.00, 24.52, -0.00, 14, 84, 2657020
0.04, -0.00, 24.52, -0.00, 14, 84, 2668856
0.04, -0.00, 24.52, -0.00, 14, 84, 2680684
0.04, -0.00, 24.52, -0.00, 14, 84, 2692516
0.04, -0.00, 24.52, -0.00, 14, 84, 2704356
0.04, -0.00, 24.52, -0.00, 14, 84, 2716180
0.04, -0.00, 24.52, -0.00, 14, 84, 2728016
0.04, -0.00, 24.52, -0.00, 14, 84, 2739844
0.04, -0.00, 24.52, -0.00, 14, 84, 2751680
0.04, -0.00, 24.49, -0.00, 14, 84, 2763504
0.04, -0.33, 24.54, -7.99, 14, 84, 2775360
0.04, -0.00, 24.52, -0.00, 14, 85, 2787168
0.04, -0.00, 24.52, -0.00, 14, 84, 2798996
0.04, -0.00, 24.52, -0.00, 14, 84, 2810832
0.04, -0.00, 24.52, -0.00, 14, 84, 2822656
0.04, -0.00, 24.52, -0.00, 15, 84, 2834488
0.04, -0.00, 24.52, -0.00, 15, 84, 2846312
0.04, -0.00, 24.49, -0.00, 15, 84, 2858148
0.05, -0.00, 24.52, -0.00, 15, 84, 2869972
0.05, -0.00, 24.52, -0.00, 15, 84, 2881808
0.05, -0.00, 24.52, -0.00, 15, 84, 2893628
0.05, -0.00, 24.52, -0.00, 15, 84, 2905460
0.05, -0.00, 24.49, -0.00, 15, 84, 2917288
0.05, -0.00, 24.52, -0.00, 15, 84, 2929120
0.05, -0.00, 24.49, -0.00, 15, 84, 2940952
0.05, -0.00, 24.52, -0.00, 15, 84, 2952776
0.05, -0.00, 24.49, -0.00, 15, 84, 2964612
0.05, -0.00, 24.52, -0.00, 15, 84, 2976452
0.05, -0.00, 24.52, -0.00, 15, 84, 2988276
0.05, -0.00, 24.52, -0.00, 15, 84, 3000096
0.05, -0.00, 24.52, -0.00, 15, 84, 3011932
0.05, -0.00, 24.52, -0.00, 15, 84, 3023760
0.05, -0.00, 24.52, -0.00, 16, 84, 3035596
0.05, -0.00, 24.49, -0.00, 16, 84, 3047432
0.05, -0.00, 24.52, -0.00, 16, 84, 3059256
0.06, -0.00, 24.49, -0.00, 16, 84, 3071092
0.06, -0.00, 24.52, -0.00, 16, 84, 3082920
0.06, -0.00, 24.52, -0.00, 16, 84, 3094756
0.06, -0.00, 24.52, -0.00, 16, 84, 3106580
0.06, 0.33, 24.52, 7.98, 16, 84, 3118412
0.06, -0.00, 24.52, -0.00, 16, 84, 3130240
0.06, -0.00, 24.52, -0.00, 16, 84, 3142068
0.06, -0.00, 24.46, -0.00, 16, 84, 3153904
0.07, 0.33, 24.52, 7.98, 16, 84, 3165728
0.06, -0.00, 24.49, -0.00, 16, 84, 3177560
0.07, 0.33, 24.52, 7.98, 16, 84, 3189388
0.07, -0.00, 24.52, -0.00, 16, 84, 3201220
0.06, 0.33, 24.52, 7.98, 16, 84, 3213044
0.07, -0.00, 24.52, -0.00, 16, 84, 3224880
0.07, -0.00, 24.46, -0.00, 17, 84, 3236724
0.07, -0.00, 24.49, -0.00, 17, 84, 3248536
0.07, 0.33, 24.46, 7.96, 17, 84, 3260376
0.07, 0.33, 24.52, 7.98, 17, 84, 3272204
0.07, 0.33, 24.49, 7.97, 17, 84, 3284036
0.07, -0.00, 24.54, -0.00, 17, 84, 3295864
0.08, 0.33, 24.52, 7.98, 17, 84, 3307700
0.08, 0.33, 24.52, 7.98, 17, 84, 3319524
0.08, 0.33, 24.52, 7.98, 17, 84, 3331364
0.08, 0.33, 24.52, 7.98, 17, 84, 3343188
0.08, 0.33, 24.52, 7.98, 17, 84, 3355020
0.08, 0.33, 24.52, 7.98, 17, 84, 3366856
0.08, 0.33, 24.52, 7.98, 17, 84, 3378680
0.08, 0.33, 24.49, 7.97, 17, 84, 3390512
0.08, 0.33, 24.52, 7.98, 17, 84, 3402336
0.08, 0.33, 24.52, 7.98, 17, 84, 3414172
0.08, 0.33, 24.49, 7.97, 17, 84, 3425996
0.08, 0.33, 24.52, 7.98, 18, 84, 3437832
0.08, 0.33, 24.46, 7.96, 18, 84, 3449652
0.08, 0.33, 24.52, 7.98, 18, 84, 3461484
0.08, 0.33, 24.46, 7.96, 18, 84, 3473312
0.09, 0.33, 24.52, 7.98, 18, 84, 3485140
0.09, 0.33, 24.49, 7.97, 18, 84, 3496976
0.09, 0.33, 24.52, 7.98, 18, 84, 3508800
0.09, 0.33, 24.52, 7.98, 18, 84, 3520640
0.09, 0.33, 24.52, 7.98, 18, 84, 3532464
0.09, 0.33, 24.52, 7.98, 18, 84, 3544300
0.09, 0.33, 24.54, 7.99, 18, 84, 3556124
0.09, 0.33, 24.52, 7.98, 18, 84, 3567956
0.09, 0.33, 24.52, 7.98, 18, 84, 3579788
0.09, 0.33, 24.49, 7.97, 18, 84, 3591620
0.09, 0.33, 24.49, 7.97, 18, 84, 3603452
0.09, 0.33, 24.52, 7.98, 18, 84, 3615300
0.09, 0.33, 24.49, 7.97, 18, 84, 3627116
0.09, 0.33, 24.52, 7.98, 19, 84, 3638944
0.09, 0.33, 24.52, 7.98, 19, 84, 3650780
0.09, 0.33, 24.54, 7.99, 19, 84, 3662604
0.09, 0.33, 24.49, 7.97, 19, 84, 3674440
0.10, 0.65, 24.49, 15.94, 19, 84, 3686268
0.10, 0.33, 24.49, 7.97, 19, 84, 3698092
0.10, 0.33, 24.49, 7.97, 19, 84, 3709928
0.10, 0.33, 24.49, 7.97, 19, 84, 3721752
0.10, 0.33, 24.46, 7.96, 19, 84, 3733588
0.10, 0.33, 24.52, 7.98, 19, 84, 3745412
0.10, 0.33, 24.52, 7.98, 19, 84, 3757248
0.10, 0.33, 24.52, 7.98, 19, 84, 3769068
0.10, 0.33, 24.49, 7.97, 19, 84, 3780908
0.10, 0.33, 24.52, 7.98, 19, 84, 3792732
0.10, 0.33, 24.52, 7.98, 19, 84, 3804564
0.10, 0.33, 24.52, 7.98, 19, 84, 3816396
0.10, 0.33, 24.52, 7.98, 19, 84, 3828220
0.10, 0.33, 24.44, 7.95, 20, 84, 3840056
0.10, 0.65, 24.49, 15.94, 20, 84, 3851880
0.10, 0.33, 24.46, 7.96, 20, 84, 3863716
0.11, 0.33, 24.52, 7.98, 20, 84, 3875552
0.11, 0.65, 24.46, 15.93, 20, 85, 3887372
0.11, 0.65, 24.49, 15.94, 20, 84, 3899196
0.12, 0.65, 24.49, 15.94, 20, 84, 3911024
0.12, 0.65, 24.52, 15.96, 20, 84, 3922856
0.12, 0.33, 24.54, 7.99, 20, 84, 3934688
0.12, 0.65, 24.49, 15.94, 20, 84, 3946524
0.12, 0.65, 24.52, 15.96, 20, 84, 3958344
0.12, 0.65, 24.49, 15.94, 20, 84, 3970180
0.12, 0.65, 24.52, 15.96, 20, 84, 3982008
0.12, 0.33, 24.49, 7.97, 20, 84, 3993840
0.12, 0.65, 24.49, 15.94, 20, 84, 4005664
0.12, 0.65, 24.46, 15.93, 20, 84, 4017492
0.12, 0.65, 24.52, 15.96, 20, 84, 4029324
0.12, 0.65, 24.46, 15.93, 21, 84, 4041156
0.12, 0.65, 24.46, 15.93, 21, 84, 4052992
0.12, 0.65, 24.52, 15.96, 21, 84, 4064820
0.12, 0.65, 24.49, 15.94, 21, 84, 4076672
0.13, 0.65, 24.52, 15.96, 21, 84, 4088480
0.13, 0.65, 24.52, 15.96, 21, 84, 4100320
0.13, 0.65, 24.52, 15.96, 21, 84, 4112144
0.13, 0.65, 24.49, 15.94, 21, 84, 4123980
0.13, 0.65, 24.49, 15.94, 21, 84, 4135808
0.13, 0.65, 24.49, 15.94, 21, 84, 4147636
0.13, 0.65, 24.49, 15.94, 21, 84, 4159472
0.13, 0.65, 24.54, 15.98, 21, 84, 4171300
0.13, 0.65, 24.49, 15.94, 21, 84, 4183132
0.13, 0.65, 24.52, 15.96, 21, 84, 4194956
0.13, 0.65, 24.49, 15.94, 21, 84, 4206792
0.13, 0.65, 24.52, 15.96, 21, 84, 4218612
0.13, 0.65, 24.49, 15.94, 21, 84, 4230452
0.13, 0.65, 24.44, 15.91, 22, 84, 4242280
0.13, 0.98, 24.46, 23.89, 22, 84, 4254108
0.13, 0.98, 24.49, 23.92, 22, 84, 4265944
0.14, 0.65, 24.54, 15.98, 22, 84, 4277768
0.14, 0.98, 24.49, 23.92, 22, 84, 4289604
0.14, 0.98, 24.46, 23.89, 22, 84, 4301428
0.14, 0.98, 24.52, 23.94, 22, 84, 4313260
0.15, 0.98, 24.46, 23.89, 22, 84, 4325088
0.15, 0.98, 24.44, 23.86, 22, 84, 4336940
0.15, 0.65, 24.46, 15.93, 22, 84, 4348748
0.15, 0.65, 24.52, 15.96, 22, 84, 4360576
0.15, 0.65, 24.46, 15.93, 22, 84, 4372412
0.15, 0.65, 24.52, 15.96, 22, 84, 4384236
0.15, 0.65, 24.54, 15.98, 22, 84, 4396076
0.15, 0.65, 24.54, 15.98, 22, 85, 4407900
0.15, 0.65, 24.52, 15.96, 22, 84, 4419736
0.15, 0.65, 24.52, 15.96, 22, 84, 4431556
0.15, 0.65, 24.49, 15.94, 23, 84, 4443392
0.15, 0.98, 24.44, 23.86, 23, 84, 4455212
0.15, 0.98, 24.52, 23.94, 23, 84, 4467044
0.15, 0.98, 24.44, 23.86, 23, 84, 4478876
0.16, 0.98, 24.52, 23.94, 23, 84, 4490708
0.16, 0.98, 24.49, 23.92, 23, 84, 4502544
0.16, 0.98, 24.54, 23.97, 23, 84, 4514368
0.16, 0.98, 24.49, 23.92, 23, 84, 4526204
0.16, 0.98, 24.46, 23.89, 23, 84, 4538032
0.16, 0.98, 24.54, 23.97, 23, 84, 4549868
0.16, 0.98, 24.46, 23.89, 23, 84, 4561696
0.16, 0.98, 24.46, 23.89, 23, 84, 4573524
0.16, 0.98, 24.49, 23.92, 23, 84, 4585356
0.16, 0.98, 24.52, 23.94, 23, 84, 4597188
0.16, 0.98, 24.52, 23.94, 23, 84, 4609028
0.17, 0.98, 24.44, 23.86, 23, 84, 4620848
0.17, 0.98, 24.49, 23.92, 23, 84, 4632684
0.17, 0.98, 24.46, 23.89, 24, 84, 4644512
0.17, 0.98, 24.41, 23.84, 24, 84, 4656348
0.17, 1.30, 24.52, 31.92, 24, 84, 4668172
0.17, 0.98, 24.49, 23.92, 24, 84, 4680012
0.18, 0.98, 24.52, 23.94, 24, 84, 4691832
0.18, 1.30, 24.49, 31.89, 24, 84, 4703668
0.18, 0.98, 24.49, 23.92, 24, 84, 4715520
0.18, 1.30, 24.49, 31.89, 24, 85, 4727328
0.18, 1.30, 24.49, 31.89, 24, 84, 4739168
0.18, 0.98, 24.46, 23.89, 24, 84, 4750996
0.18, 0.98, 24.49, 23.92, 24, 84, 4762832
0.18, 0.98, 24.44, 23.86, 24, 84, 4774660
0.18, 0.98, 24.46, 23.89, 24, 84, 4786496
0.18, 1.30, 24.46, 31.85, 24, 84, 4798324
0.18, 0.98, 24.52, 23.94, 24, 84, 4810152
0.18, 0.98, 24.52, 23.94, 24, 84, 4821988
0.18, 0.98, 24.41, 23.84, 24, 84, 4833812
0.18, 0.98, 24.52, 23.94, 25, 84, 4845652
0.18, 1.30, 24.41, 31.78, 25, 84, 4857480
0.18, 1.30, 24.41, 31.78, 25, 84, 4869316
0.18, 1.30, 24.46, 31.85, 25, 84, 4881140
0.19, 1.30, 24.54, 31.96, 25, 84, 4892984
0.19, 1.30, 24.49, 31.89, 25, 84, 4904804
0.19, 1.30, 24.49, 31.89, 25, 84, 4916636
0.19, 1.30, 24.46, 31.85, 25, 84, 4928476
0.19, 1.30, 24.49, 31.89, 25, 84, 4940296
0.20, 1.30, 24.46, 31.85, 25, 84, 4952136
0.20, 1.30, 24.54, 31.96, 25, 84, 4963960
0.20, 0.98, 24.54, 23.97, 25, 84, 4975808
0.20, 1.30, 24.52, 31.92, 25, 85, 4987620
0.20, 1.30, 24.49, 31.89, 25, 84, 4999460
0.20, 1.30, 24.52, 31.92, 25, 84, 5011280
0.20, 1.30, 24.49, 31.89, 25, 84, 5023112
0.20, 0.98, 24.52, 23.94, 25, 84, 5034952
0.20, 1.30, 24.52, 31.92, 26, 84, 5046776
0.20, 1.63, 24.46, 39.82, 26, 84, 5058616
0.20, 1.30, 24.52, 31.92, 26, 84, 5070440
0.20, 1.63, 24.49, 39.86, 26, 84, 5082276
0.21, 1.30, 24.49, 31.89, 26, 84, 5094096
0.21, 1.30, 24.52, 31.92, 26, 84, 5105936
0.21, 1.30, 24.49, 31.89, 26, 84, 5117760
0.21, 1.30, 24.44, 31.82, 26, 84, 5129592
0.21, 1.63, 24.46, 39.82, 26, 84, 5141424
0.22, 1.30, 24.44, 31.82, 26, 84, 5153256
0.22, 1.63, 24.49, 39.86, 26, 84, 5165092
0.22, 1.63, 24.49, 39.86, 26, 84, 5176936
0.22, 1.30, 24.54, 31.96, 26, 84, 5188756
0.21, 1.63, 24.44, 39.77, 26, 84, 5200580
0.21, 1.63, 24.41, 39.73, 26, 84, 5212416
0.22, 1.63, 24.49, 39.86, 26, 84, 5224240
0.22, 1.30, 24.46, 31.85, 26, 84, 5236072
0.22, 1.63, 24.46, 39.82, 27, 84, 5247900
0.22, 1.30, 24.38, 31.75, 27, 84, 5259728
0.22, 1.30, 24.52, 31.92, 27, 84, 5271564
0.22, 1.63, 24.38, 39.69, 27, 84, 5283388
0.22, 1.30, 24.57, 31.99, 27, 84, 5295224
0.23, 1.63, 24.44, 39.77, 27, 84, 5307048
0.23, 1.63, 24.52, 39.91, 27, 84, 5318884
0.23, 1.95, 24.46, 47.78, 27, 84, 5330708
0.23, 1.63, 24.44, 39.77, 27, 84, 5342544
0.23, 1.95, 24.49, 47.83, 27, 84, 5354372
0.23, 1.63, 24.41, 39.73, 27, 84, 5366204
0.23, 1.63, 24.36, 39.64, 27, 84, 5378040
0.23, 1.95, 24.49, 47.83, 27, 84, 5389864
0.24, 1.63, 24.41, 39.73, 27, 84, 5401700
0.23, 1.63, 24.52, 39.91, 27, 84, 5413524
0.24, 1.95, 24.49, 47.83, 27, 84, 5425360
0.24, 1.95, 24.49, 47.83, 27, 84, 5437208
0.24, 1.63, 24.49, 39.86, 28, 84, 5449028
0.24, 1.63, 24.36, 39.64, 28, 84, 5460852
0.24, 1.63, 24.52, 39.91, 28, 84, 5472680
0.24, 1.95, 24.46, 47.78, 28, 84, 5484520
0.24, 1.63, 24.52, 39.91, 28, 84, 5496344
0.25, 1.63, 24.52, 39.91, 28, 84, 5508184
0.25, 1.95, 24.44, 47.73, 28, 84, 5520008
0.25, 1.63, 24.49, 39.86, 28, 84, 5531848
0.25, 1.95, 24.49, 47.83, 28, 84, 5543672
0.25, 1.63, 24.49, 39.86, 28, 84, 5555512
0.26, 1.95, 24.49, 47.83, 28, 84, 5567336
0.26, 1.95, 24.38, 47.62, 28, 84, 5579164
0.26, 1.95, 24.38, 47.62, 28, 84, 5591004
0.26, 1.95, 24.44, 47.73, 28, 84, 5602828
0.26, 1.95, 24.41, 47.68, 28, 84, 5614668
0.26, 1.95, 24.52, 47.89, 28, 84, 5626492
0.26, 1.95, 24.49, 47.83, 28, 84, 5638332
0.26, 1.63, 24.49, 39.86, 29, 84, 5650156
0.26, 1.63, 24.54, 39.95, 29, 84, 5661996
0.26, 1.95, 24.49, 47.83, 29, 84, 5673820
0.26, 1.95, 24.44, 47.73, 29, 84, 5685652
0.26, 1.63, 24.52, 39.91, 29, 84, 5697492
0.27, 2.28, 24.41, 55.62, 29, 84, 5709312
0.27, 1.95, 24.41, 47.68, 29, 84, 5721152
0.28, 2.28, 24.41, 55.62, 29, 84, 5732976
0.28, 1.95, 24.41, 47.68, 29, 84, 5744812
0.28, 1.95, 24.49, 47.83, 29, 84, 5756632
0.28, 1.95, 24.44, 47.73, 29, 84, 5768472
0.28, 1.95, 24.54, 47.94, 29, 84, 5780296
0.28, 2.28, 24.52, 55.87, 29, 84, 5792128
0.28, 2.28, 24.38, 55.56, 29, 84, 5803964
0.28, 1.95, 24.49, 47.83, 29, 84, 5815804
0.28, 1.95, 24.44, 47.73, 29, 84, 5827624
0.28, 1.95, 24.52, 47.89, 29, 84, 5839452
0.28, 2.28, 24.46, 55.74, 30, 84, 5851288
0.28, 1.95, 24.46, 47.78, 30, 84, 5863112
0.28, 2.28, 24.44, 55.68, 30, 84, 5874948
0.28, 2.28, 24.38, 55.56, 30, 84, 5886768
0.29, 2.28, 24.52, 55.87, 30, 84, 5898596
0.29, 2.28, 24.33, 55.44, 30, 84, 5910428
0.29, 1.95, 24.54, 47.94, 30, 84, 5922256
0.29, 2.28, 24.46, 55.74, 30, 84, 5934092
0.30, 1.95, 24.54, 47.94, 30, 84, 5945916
0.30, 2.28, 24.46, 55.74, 30, 84, 5957752
0.30, 2.28, 24.38, 55.56, 30, 84, 5969572
0.30, 1.95, 24.54, 47.94, 30, 84, 5981412
0.30, 2.28, 24.41, 55.62, 30, 84, 5993232
0.30, 2.60, 24.38, 63.50, 30, 84, 6005068
0.30, 2.28, 24.46, 55.74, 30, 84, 6016892
0.30, 1.95, 24.49, 47.83, 30, 84, 6028724
0.30, 1.95, 24.52, 47.89, 30, 84, 6040560
0.30, 2.28, 24.44, 55.68, 31, 84, 6052380
0.30, 1.95, 24.52, 47.89, 31, 84, 6064216
0.30, 2.28, 24.54, 55.93, 31, 84, 6076052
0.30, 2.28, 24.41, 55.62, 31, 85, 6087876
0.30, 2.60, 24.52, 63.85, 31, 84, 6099696
0.31, 2.60, 24.49, 63.78, 31, 84, 6111532
0.31, 2.60, 24.44, 63.64, 31, 84, 6123356
0.31, 2.28, 24.44, 55.68, 31, 84, 6135188
0.32, 2.60, 24.38, 63.50, 31, 84, 6147024
0.32, 2.28, 24.49, 55.81, 31, 84, 6158848
0.31, 2.60, 24.46, 63.71, 31, 84, 6170688
0.32, 2.28, 24.49, 55.81, 31, 84, 6182516
0.32, 2.28, 24.49, 55.81, 31, 84, 6194352
0.32, 2.60, 24.33, 63.36, 31, 84, 6206176
0.32, 2.28, 24.49, 55.81, 31, 84, 6218016
0.31, 2.60, 24.33, 63.36, 31, 84, 6229836
0.31, 2.28, 24.44, 55.68, 31, 84, 6241668
0.31, 2.60, 24.46, 63.71, 32, 84, 6253504
0.31, 2.60, 24.36, 63.43, 32, 84, 6265328
0.32, 2.60, 24.27, 63.22, 32, 84, 6277176
0.32, 2.60, 24.33, 63.36, 32, 85, 6288984
0.32, 2.60, 24.41, 63.57, 32, 84, 6300824
0.33, 2.93, 24.38, 71.43, 32, 84, 6312648
0.33, 2.60, 24.44, 63.64, 32, 84, 6324488
0.33, 2.28, 24.54, 55.93, 32, 84, 6336316
0.34, 2.60, 24.52, 63.85, 32, 84, 6348140
0.34, 2.60, 24.30, 63.29, 32, 84, 6359972
0.34, 2.93, 24.46, 71.67, 32, 84, 6371804
0.34, 2.93, 24.46, 71.67, 32, 84, 6383636
0.34, 2.28, 24.54, 55.93, 32, 84, 6395464
0.34, 2.93, 24.44, 71.59, 32, 84, 6407296
0.34, 2.60, 24.44, 63.64, 32, 84, 6419120
0.34, 2.60, 24.49, 63.78, 32, 84, 6430956
0.34, 2.93, 24.33, 71.28, 32, 84, 6442780
0.34, 2.60, 24.41, 63.57, 33, 84, 6454604
0.34, 2.93, 24.46, 71.67, 33, 84, 6466440
0.34, 2.93, 24.52, 71.83, 33, 84, 6478268
0.34, 2.60, 24.52, 63.85, 33, 84, 6490104
0.35, 2.93, 24.33, 71.28, 33, 84, 6501932
0.35, 2.93, 24.38, 71.43, 33, 84, 6513768
0.35, 3.26, 24.44, 79.55, 33, 84, 6525592
0.35, 2.93, 24.46, 71.67, 33, 84, 6537448
0.36, 2.60, 24.49, 63.78, 33, 84, 6549256
0.36, 3.26, 24.54, 79.90, 33, 84, 6561092
0.36, 2.93, 24.38, 71.43, 33, 84, 6572920
0.36, 2.93, 24.49, 71.75, 33, 84, 6584752
0.35, 2.93, 24.44, 71.59, 33, 84, 6596588
0.36, 2.60, 24.46, 63.71, 33, 84, 6608416
0.36, 2.60, 24.54, 63.92, 33, 84, 6620252
0.36, 2.93, 24.41, 71.51, 33, 84, 6632080
0.36, 2.60, 24.54, 63.92, 33, 84, 6643916
0.36, 2.93, 24.44, 71.59, 34, 84, 6655736
0.35, 3.26, 24.38, 79.37, 34, 84, 6667576
0.35, 3.26, 24.46, 79.63, 34, 84, 6679396
0.36, 2.93, 24.38, 71.43, 34, 84, 6691224
0.36, 3.26, 24.49, 79.72, 34, 84, 6703060
0.37, 3.58, 24.36, 87.21, 34, 84, 6714884
0.37, 2.93, 24.49, 71.75, 34, 84, 6726716
0.37, 3.58, 24.33, 87.12, 34, 84, 6738544
0.38, 3.26, 24.36, 79.28, 34, 84, 6750376
0.38, 3.58, 24.46, 87.60, 34, 84, 6762200
0.38, 3.58, 24.33, 87.12, 34, 84, 6774036
0.38, 3.26, 24.57, 79.99, 34, 84, 6785860
0.38, 3.26, 24.41, 79.46, 34, 84, 6797692
0.38, 3.26, 24.33, 79.20, 34, 84, 6809520
0.38, 3.58, 24.46, 87.60, 34, 84, 6821352
0.38, 3.58, 24.41, 87.40, 34, 84, 6833192
0.38, 3.26, 24.54, 79.90, 34, 84, 6845016
0.38, 3.26, 24.46, 79.63, 35, 84, 6856856
0.38, 3.26, 24.36, 79.28, 35, 84, 6868680
0.38, 3.26, 24.57, 79.99, 35, 84, 6880516
0.39, 3.58, 24.44, 87.50, 35, 84, 6892344
0.39, 3.58, 24.36, 87.21, 35, 84, 6904176
0.39, 3.26, 24.36, 79.28, 35, 84, 6916028
0.40, 3.58, 24.27, 86.92, 35, 85, 6927836
0.40, 3.26, 24.46, 79.63, 35, 84, 6939672
0.40, 3.91, 24.44, 95.46, 35, 84, 6951500
0.40, 3.58, 24.30, 87.02, 35, 84, 6963336
0.40, 3.58, 24.54, 87.89, 35, 84, 6975164
0.40, 3.91, 24.46, 95.56, 35, 84, 6987000
0.40, 3.58, 24.44, 87.50, 35, 84, 6998828
0.40, 3.58, 24.44, 87.50, 35, 84, 7010660
0.40, 3.58, 24.36, 87.21, 35, 84, 7022488
0.40, 3.58, 24.44, 87.50, 35, 84, 7034316
0.41, 3.26, 24.54, 79.90, 35, 84, 7046160
0.40, 3.91, 24.33, 95.03, 36, 84, 7057984
0.41, 3.58, 24.54, 87.89, 36, 84, 7069820
0.41, 4.23, 24.44, 103.41, 36, 84, 7081644
0.41, 3.91, 24.30, 94.93, 36, 84, 7093480
0.42, 3.91, 24.46, 95.56, 36, 84, 7105304
0.42, 3.91, 24.46, 95.56, 36, 84, 7117136
0.42, 3.58, 24.49, 87.69, 36, 84, 7128964
0.42, 3.91, 24.41, 95.35, 36, 84, 7140792
0.43, 3.58, 24.36, 87.21, 36, 84, 7152624
0.43, 4.23, 24.44, 103.41, 36, 84, 7164452
0.43, 3.58, 24.38, 87.31, 36, 84, 7176288
0.43, 3.91, 24.49, 95.67, 36, 84, 7188108
0.43, 3.91, 24.49, 95.67, 36, 84, 7199944
0.43, 3.58, 24.52, 87.79, 36, 84, 7211768
0.42, 3.58, 24.52, 87.79, 36, 84, 7223604
0.42, 3.58, 24.49, 87.69, 36, 84, 7235428
0.42, 4.23, 24.44, 103.41, 36, 84, 7247256
0.42, 3.91, 24.27, 94.82, 37, 84, 7259092
0.43, 3.58, 24.49, 87.69, 37, 84, 7270916
0.43, 4.23, 24.49, 103.64, 37, 84, 7282756
0.43, 3.91, 24.46, 95.56, 37, 84, 7294580
0.44, 3.91, 24.52, 95.77, 37, 84, 7306416
0.44, 4.23, 24.41, 103.30, 37, 84, 7318240
0.45, 3.91, 24.25, 94.72, 37, 84, 7330080
0.45, 4.56, 24.41, 111.24, 37, 84, 7341904
0.45, 4.23, 24.41, 103.30, 37, 84, 7353736
0.45, 3.91, 24.46, 95.56, 37, 84, 7365572
0.45, 3.91, 24.44, 95.46, 37, 84, 7377416
0.45, 4.23, 24.33, 102.95, 37, 84, 7389236
0.45, 3.91, 24.54, 95.88, 37, 84, 7401060
0.45, 4.23, 24.44, 103.41, 37, 84, 7412900
0.45, 3.91, 24.36, 95.14, 37, 84, 7424724
0.45, 4.23, 24.52, 103.75, 37, 84, 7436556
0.45, 4.23, 24.25, 102.61, 37, 84, 7448380
0.45, 3.91, 24.41, 95.35, 38, 84, 7460212
0.45, 4.56, 24.44, 111.37, 38, 84, 7472040
0.45, 4.23, 24.33, 102.95, 38, 84, 7483872
0.46, 4.23, 24.49, 103.64, 38, 84, 7495708
0.46, 4.23, 24.25, 102.61, 38, 84, 7507532
0.47, 4.23, 24.46, 103.53, 38, 84, 7519368
0.47, 4.56, 24.33, 110.87, 38, 84, 7531192
0.47, 4.23, 24.30, 102.84, 38, 84, 7543028
0.47, 4.88, 24.41, 119.19, 38, 84, 7554848
0.47, 4.56, 24.36, 111.00, 38, 84, 7566680
0.48, 4.56, 24.52, 111.73, 38, 84, 7578508
0.48, 4.56, 24.36, 111.00, 38, 84, 7590340
0.48, 4.23, 24.41, 103.30, 38, 84, 7602172
0.48, 4.56, 24.46, 111.49, 38, 84, 7613996
0.48, 4.56, 24.30, 110.75, 38, 84, 7625832
0.48, 4.56, 24.30, 110.75, 38, 84, 7637672
0.48, 4.88, 24.41, 119.19, 38, 84, 7649492
0.48, 4.56, 24.19, 110.26, 39, 84, 7661320
0.48, 4.56, 24.33, 110.87, 39, 84, 7673156
0.48, 4.56, 24.27, 110.63, 39, 84, 7684980
0.49, 4.23, 24.60, 104.10, 39, 84, 7696812
0.49, 4.88, 24.46, 119.45, 39, 84, 7708652
0.50, 4.88, 24.25, 118.40, 39, 84, 7720476
0.50, 4.56, 24.33, 110.87, 39, 84, 7732316
0.50, 4.88, 24.36, 118.93, 39, 84, 7744136
0.50, 4.56, 24.52, 111.73, 39, 84, 7755992
0.50, 5.21, 24.38, 126.99, 39, 85, 7767796
0.50, 4.56, 24.46, 111.49, 39, 84, 7779636
0.50, 4.88, 24.27, 118.53, 39, 84, 7791464
0.50, 4.56, 24.52, 111.73, 39, 84, 7803292
0.50, 4.88, 24.41, 119.19, 39, 84, 7815132
0.50, 4.88, 24.22, 118.27, 39, 84, 7826956
0.50, 4.88, 24.52, 119.72, 39, 84, 7838796
0.51, 4.88, 24.33, 118.79, 39, 84, 7850620
0.51, 4.88, 24.25, 118.40, 40, 84, 7862456
0.51, 5.21, 24.49, 127.56, 40, 84, 7874280
0.51, 5.21, 24.33, 126.71, 40, 84, 7886112
0.52, 4.88, 24.54, 119.85, 40, 84, 7897936
0.52, 5.21, 24.52, 127.70, 40, 84, 7909764
0.52, 5.21, 24.27, 126.43, 40, 84, 7921600
0.52, 5.21, 24.46, 127.42, 40, 84, 7933424
0.52, 5.53, 24.36, 134.78, 40, 84, 7945260
0.52, 5.21, 24.46, 127.42, 40, 84, 7957084
0.53, 5.21, 24.38, 126.99, 40, 84, 7968916
0.53, 4.88, 24.36, 118.93, 40, 84, 7980740
0.53, 4.56, 24.52, 111.73, 40, 84, 7992576
0.53, 5.21, 24.30, 126.57, 40, 84, 8004400
0.52, 5.53, 24.36, 134.78, 40, 84, 8016244
0.52, 5.53, 24.41, 135.08, 40, 84, 8028056
0.52, 5.21, 24.17, 125.87, 40, 84, 8039888
0.52, 4.88, 24.49, 119.58, 40, 84, 8051724
0.52, 5.53, 24.30, 134.48, 41, 84, 8063548
0.52, 5.21, 24.44, 127.27, 41, 84, 8075380
0.53, 5.53, 24.49, 135.53, 41, 84, 8087208
0.53, 5.86, 24.33, 142.55, 41, 84, 8099040
0.54, 4.88, 24.57, 119.98, 41, 84, 8110864
0.54, 5.21, 24.41, 127.13, 41, 84, 8122700
0.54, 5.53, 24.22, 134.04, 41, 84, 8134528
0.54, 5.21, 24.49, 127.56, 41, 84, 8146360
0.54, 5.21, 24.52, 127.70, 41, 84, 8158200
0.54, 5.53, 24.14, 133.59, 41, 84, 8170024
0.54, 5.21, 24.52, 127.70, 41, 84, 8181860
0.55, 5.53, 24.41, 135.08, 41, 84, 8193684
0.54, 5.53, 24.19, 133.89, 41, 84, 8205520
0.54, 5.53, 24.46, 135.38, 41, 84, 8217344
0.54, 5.21, 24.52, 127.70, 41, 84, 8229184
0.54, 5.53, 24.36, 134.78, 41, 84, 8241008
0.54, 5.86, 24.38, 142.87, 41, 84, 8252836
0.54, 5.53, 24.36, 134.78, 42, 84, 8264672
0.55, 4.88, 24.49, 119.58, 42, 84, 8276496
0.55, 6.18, 24.36, 150.64, 42, 84, 8288328
0.55, 5.21, 24.38, 126.99, 42, 84, 8300152
0.56, 5.53, 24.44, 135.23, 42, 84, 8311988
0.56, 5.86, 24.19, 141.76, 42, 84, 8323812
0.56, 5.53, 24.27, 134.33, 42, 84, 8335652
0.56, 6.18, 24.44, 151.14, 42, 84, 8347472
0.56, 5.86, 24.38, 142.87, 42, 84, 8359300
0.56, 5.53, 24.46, 135.38, 42, 84, 8371136
0.56, 6.18, 24.38, 150.81, 42, 84, 8382960
0.56, 5.86, 24.17, 141.60, 42, 84, 8394796
0.56, 5.86, 24.49, 143.50, 42, 84, 8406620
0.56, 5.86, 24.27, 142.24, 42, 84, 8418452
0.56, 5.53, 24.41, 135.08, 42, 84, 8430280
0.56, 5.86, 24.44, 143.18, 42, 84, 8442116
0.56, 5.86, 24.27, 142.24, 42, 84, 8453944
0.56, 5.53, 24.27, 134.33, 43, 84, 8465776
0.56, 5.53, 24.38, 134.93, 43, 84, 8477628
0.56, 5.86, 24.17, 141.60, 43, 85, 8489436
0.56, 5.53, 24.54, 135.83, 43, 84, 8501272
0.57, 6.18, 24.33, 150.47, 43, 84, 8513100
0.58, 6.18, 24.19, 149.64, 43, 84, 8524932
0.58, 5.86, 24.46, 143.34, 43, 84, 8536760
0.58, 6.51, 24.38, 158.74, 43, 84, 8548596
0.58, 5.53, 24.52, 135.68, 43, 84, 8560420
0.59, 6.18, 24.46, 151.31, 43, 84, 8572252
0.58, 6.18, 24.17, 149.47, 43, 84, 8584084
0.58, 5.21, 24.49, 127.56, 43, 84, 8595916
0.58, 5.86, 24.46, 143.34, 43, 84, 8607752
0.58, 6.18, 24.19, 149.64, 43, 84, 8619576
0.58, 6.18, 24.17, 149.47, 43, 84, 8631412
0.58, 6.51, 24.27, 158.04, 43, 84, 8643236
0.58, 6.51, 24.22, 157.69, 43, 84, 8655076
0.58, 5.86, 24.36, 142.71, 44, 84, 8666904
0.58, 6.18, 24.46, 151.31, 44, 84, 8678732
0.58, 6.18, 24.11, 149.14, 44, 84, 8690564
0.59, 6.18, 24.49, 151.47, 44, 84, 8702396
0.59, 6.18, 24.49, 151.47, 44, 84, 8714232
0.60, 6.84, 24.19, 165.39, 44, 84, 8726056
0.61, 6.84, 24.41, 166.86, 44, 84, 8737912
0.61, 6.84, 24.44, 167.05, 44, 84, 8749720
0.61, 6.51, 24.25, 157.86, 44, 84, 8761556
0.61, 6.18, 24.36, 150.64, 44, 84, 8773380
0.61, 6.51, 24.38, 158.74, 44, 84, 8785220
0.61, 6.51, 24.11, 156.99, 44, 84, 8797044
0.61, 6.18, 24.49, 151.47, 44, 84, 8808876
0.61, 6.18, 24.52, 151.64, 44, 84, 8820716
0.61, 6.51, 24.22, 157.69, 44, 84, 8832540
0.61, 6.51, 24.14, 157.16, 44, 84, 8844376
0.61, 6.18, 24.36, 150.64, 44, 84, 8856212
0.61, 6.84, 24.44, 167.05, 45, 84, 8868032
0.61, 6.18, 24.57, 151.97, 45, 84, 8879860
0.61, 7.16, 24.41, 174.81, 45, 84, 8891692
0.61, 6.51, 24.30, 158.22, 45, 84, 8903512
0.62, 6.51, 24.33, 158.39, 45, 84, 8915344
0.63, 7.16, 24.36, 174.42, 45, 84, 8927180
0.63, 7.16, 24.25, 173.65, 45, 84, 8939004
0.63, 6.51, 24.52, 159.62, 45, 84, 8950836
0.63, 7.16, 24.22, 173.46, 45, 84, 8962664
0.63, 6.51, 24.33, 158.39, 45, 84, 8974500
0.63, 7.49, 24.33, 182.15, 45, 84, 8986324
0.63, 7.49, 24.27, 181.75, 45, 84, 8998156
0.63, 7.16, 24.46, 175.20, 45, 84, 9009980
0.63, 6.84, 24.44, 167.05, 45, 84, 9021812
0.63, 7.16, 24.14, 172.88, 45, 84, 9033640
0.63, 6.51, 24.46, 159.27, 45, 84, 9045468
0.63, 7.16, 24.38, 174.62, 45, 84, 9057308
0.63, 6.84, 24.27, 165.94, 46, 85, 9069128
0.63, 6.84, 24.49, 167.42, 46, 84, 9080964
0.63, 6.84, 24.25, 165.76, 46, 84, 9092788
0.64, 6.84, 24.19, 165.39, 46, 84, 9104624
0.64, 6.51, 24.46, 159.27, 46, 84, 9116460
0.65, 7.16, 24.22, 173.46, 46, 84, 9128276
0.65, 7.16, 24.46, 175.20, 46, 84, 9140108
0.65, 7.81, 24.33, 190.07, 46, 84, 9151936
0.66, 7.49, 24.17, 180.94, 46, 84, 9163776
0.66, 7.49, 24.06, 180.13, 46, 84, 9175600
0.66, 7.81, 24.46, 191.12, 46, 84, 9187432
0.66, 6.84, 24.30, 166.13, 46, 84, 9199260
0.66, 7.16, 24.52, 175.58, 46, 84, 9211096
0.66, 7.49, 24.14, 180.74, 46, 84, 9222924
0.66, 7.49, 24.27, 181.75, 46, 84, 9234756
0.66, 7.81, 24.41, 190.70, 46, 84, 9246584
0.66, 7.49, 24.22, 181.34, 46, 84, 9258416
0.66, 7.16, 24.30, 174.04, 47, 84, 9270252
0.66, 7.81, 24.46, 191.12, 47, 84, 9282080
0.66, 7.81, 24.30, 189.86, 47, 84, 9293912
0.66, 7.49, 24.30, 181.95, 47, 84, 9305740
0.67, 8.14, 24.38, 198.43, 47, 84, 9317580
0.67, 7.81, 24.17, 188.81, 47, 84, 9329400
0.68, 7.81, 24.06, 187.96, 47, 84, 9341240
0.68, 8.14, 24.30, 197.77, 47, 84, 9353064
0.68, 7.16, 24.49, 175.39, 47, 84, 9364892
0.68, 7.49, 24.49, 183.36, 47, 84, 9376728
0.68, 7.81, 24.14, 188.59, 47, 85, 9388552
0.68, 7.49, 24.49, 183.36, 47, 84, 9400384
0.68, 8.46, 24.19, 204.77, 47, 84, 9412208
0.68, 7.81, 24.14, 188.59, 47, 84, 9424044
0.68, 8.14, 24.57, 199.96, 47, 84, 9435868
0.68, 8.14, 24.22, 197.11, 47, 84, 9447704
0.68, 7.49, 24.38, 182.55, 47, 84, 9459528
0.68, 8.14, 24.44, 198.87, 48, 84, 9471352
0.68, 7.81, 24.14, 188.59, 48, 84, 9483184
0.68, 7.49, 24.71, 184.98, 48, 84, 9495020
0.69, 8.46, 24.49, 207.28, 48, 84, 9506856
0.69, 7.49, 24.41, 182.76, 48, 84, 9518680
0.70, 8.14, 24.38, 198.43, 48, 84, 9530516
0.70, 7.81, 24.19, 189.02, 48, 84, 9542340
0.70, 8.14, 24.27, 197.55, 48, 84, 9554176
0.70, 8.46, 24.49, 207.28, 48, 84, 9566000
0.71, 8.46, 24.38, 206.37, 48, 84, 9577844
0.70, 8.46, 24.41, 206.59, 48, 84, 9589652
0.71, 8.14, 24.27, 197.55, 48, 84, 9601484
0.71, 7.81, 24.44, 190.91, 48, 84, 9613324
0.71, 8.46, 24.17, 204.54, 48, 84, 9625148
0.71, 8.14, 24.09, 196.01, 48, 84, 9636984
0.71, 8.46, 24.33, 205.91, 48, 84, 9648808
0.71, 8.46, 24.14, 204.31, 48, 84, 9660640
0.71, 8.14, 24.41, 198.65, 49, 84, 9672460
0.71, 8.46, 24.36, 206.14, 49, 84, 9684300
0.71, 7.81, 24.49, 191.33, 49, 84, 9696124
0.71, 8.79, 24.36, 214.07, 49, 84, 9707952
0.72, 8.46, 23.98, 202.94, 49, 84, 9719788
0.73, 8.79, 24.44, 214.78, 49, 84, 9731612
0.73, 9.11, 24.19, 220.52, 49, 84, 9743448
0.73, 8.14, 24.41, 198.65, 49, 84, 9755272
0.73, 8.79, 24.46, 215.01, 49, 84, 9767104
0.73, 8.14, 24.27, 197.55, 49, 84, 9778928
0.73, 8.14, 24.33, 197.99, 49, 84, 9790768
0.73, 9.11, 24.17, 220.27, 49, 84, 9802588
0.73, 8.14, 24.44, 198.87, 49, 84, 9814420
0.73, 9.11, 24.41, 222.49, 49, 84, 9826260
0.74, 9.11, 24.38, 222.24, 49, 84, 9838100
0.74, 8.14, 24.44, 198.87, 49, 84, 9849920
0.74, 9.11, 24.22, 220.76, 49, 84, 9861748
0.74, 9.11, 24.11, 219.78, 50, 84, 9873584
0.74, 9.11, 24.41, 222.49, 50, 84, 9885412
0.74, 8.46, 24.38, 206.37, 50, 84, 9897248
0.74, 8.46, 24.36, 206.14, 50, 84, 9909072
0.75, 8.79, 24.54, 215.72, 50, 84, 9920904
0.75, 9.11, 24.11, 219.78, 50, 84, 9932740
0.76, 8.46, 24.41, 206.59, 50, 84, 9944568
0.76, 8.46, 24.41, 206.59, 50, 84, 9956420
0.76, 9.11, 24.14, 220.03, 50, 84, 9968232
0.76, 8.79, 24.46, 215.01, 50, 84, 9980068
0.76, 9.44, 24.11, 227.63, 50, 84, 9991892
0.76, 9.11, 24.09, 219.54, 50, 84, 10003724
0.76, 9.77, 24.41, 238.38, 50, 84, 10015548
0.76, 9.44, 24.17, 228.14, 50, 84, 10027376
0.76, 9.11, 24.49, 223.22, 50, 84, 10039208
0.76, 9.77, 24.25, 236.80, 50, 84, 10051040
0.76, 8.79, 24.30, 213.59, 50, 84, 10062868
0.76, 9.44, 24.46, 230.94, 51, 84, 10074696
0.76, 9.44, 23.98, 226.36, 51, 84, 10086532
0.76, 9.44, 24.44, 230.69, 51, 84, 10098356
0.77, 9.77, 24.33, 237.59, 51, 84, 10110188
0.78, 9.44, 24.49, 231.20, 51, 84, 10122012
0.78, 9.77, 24.44, 238.64, 51, 84, 10133844
0.79, 9.44, 24.09, 227.38, 51, 84, 10145668
0.79, 10.09, 24.33, 245.51, 51, 84, 10157500
0.79, 10.09, 24.19, 244.15, 51, 84, 10169340
0.79, 9.11, 24.44, 222.73, 51, 84, 10181160
0.79, 9.77, 24.46, 238.90, 51, 84, 10193000
0.79, 9.44, 24.14, 227.89, 51, 84, 10204824
0.79, 10.09, 24.22, 244.42, 51, 84, 10216676
0.79, 10.09, 24.30, 245.23, 51, 84, 10228488
0.79, 10.09, 24.17, 243.87, 51, 84, 10240324
0.79, 9.11, 24.46, 222.98, 51, 84, 10252152
0.79, 10.09, 24.27, 244.96, 51, 84, 10263984
0.79, 10.09, 24.01, 242.24, 52, 84, 10275816
0.79, 10.09, 24.38, 246.05, 52, 84, 10287644
0.80, 10.09, 24.11, 243.33, 52, 84, 10299476
0.80, 9.44, 24.27, 229.16, 52, 84, 10311304
0.81, 10.09, 24.25, 244.69, 52, 84, 10323136
0.82, 10.09, 24.03, 242.51, 52, 84, 10334960
0.82, 9.77, 24.44, 238.64, 52, 84, 10346796
0.82, 10.09, 24.01, 242.24, 52, 84, 10358616
0.82, 9.77, 24.11, 235.48, 52, 84, 10370448
0.82, 10.42, 24.38, 253.99, 52, 84, 10382284
0.82, 9.77, 24.36, 237.85, 52, 84, 10394108
0.83, 10.42, 24.41, 254.27, 52, 84, 10405940
0.82, 10.09, 24.11, 243.33, 52, 84, 10417764
0.82, 9.77, 24.44, 238.64, 52, 84, 10429596
0.82, 10.09, 24.19, 244.15, 52, 84, 10441420
0.82, 10.09, 24.25, 244.69, 52, 84, 10453256
0.82, 10.74, 24.25, 260.48, 52, 84, 10465084
0.82, 10.42, 24.17, 251.74, 53, 84, 10476908
0.82, 10.09, 24.44, 246.60, 53, 84, 10488744
0.83, 10.42, 24.01, 250.05, 53, 84, 10500572
0.83, 10.09, 24.17, 243.87, 53, 84, 10512408
0.84, 11.07, 24.41, 270.16, 53, 84, 10524232
0.85, 10.42, 24.14, 251.46, 53, 84, 10536068
0.85, 10.74, 24.46, 262.79, 53, 84, 10547888
0.85, 11.07, 24.03, 265.98, 53, 84, 10559724
0.85, 10.42, 24.33, 253.43, 53, 84, 10571552
0.85, 10.74, 24.49, 263.08, 53, 84, 10583380
0.85, 10.42, 24.11, 251.18, 53, 84, 10595208
0.85, 10.42, 24.38, 253.99, 53, 84, 10607040
0.85, 11.39, 24.14, 275.03, 53, 84, 10618876
0.85, 10.42, 24.41, 254.27, 53, 84, 10630696
0.85, 10.74, 24.41, 262.21, 53, 84, 10642536
0.85, 10.42, 24.22, 252.30, 53, 84, 10654360
0.85, 10.09, 24.33, 245.51, 53, 84, 10666200
0.85, 10.74, 24.41, 262.21, 54, 84, 10678040
0.85, 11.07, 24.11, 266.88, 54, 84, 10689860
0.85, 11.39, 24.25, 276.26, 54, 84, 10701684
0.86, 11.39, 23.98, 273.19, 54, 84, 10713520
0.87, 10.42, 24.36, 253.71, 54, 84, 10725356
0.87, 11.39, 24.09, 274.42, 54, 84, 10737180
0.87, 11.07, 24.09, 266.58, 54, 84, 10749016
0.88, 11.07, 24.41, 270.16, 54, 84, 10760836
0.88, 11.72, 24.36, 285.42, 54, 84, 10772672
0.88, 11.07, 24.38, 269.86, 54, 84, 10784500
0.88, 10.74, 24.36, 261.64, 54, 84, 10796336
0.88, 10.74, 24.22, 260.19, 54, 84, 10808160
0.88, 11.39, 24.36, 277.49, 54, 84, 10819988
0.88, 11.39, 24.01, 273.50, 54, 84, 10831828
0.88, 11.07, 24.44, 270.46, 54, 84, 10843652
0.88, 11.39, 24.36, 277.49, 54, 84, 10855488
0.88, 11.07, 24.17, 267.47, 54, 84, 10867312
0.88, 11.07, 24.46, 270.76, 55, 84, 10879148
0.88, 11.72, 24.01, 281.31, 55, 84, 10890968
0.88, 11.07, 24.14, 267.18, 55, 84, 10902804
0.89, 12.04, 24.36, 293.35, 55, 84, 10914628
0.90, 11.72, 24.06, 281.94, 55, 84, 10926460
0.90, 11.72, 24.01, 281.31, 55, 84, 10938312
0.91, 12.04, 23.90, 287.83, 55, 85, 10950124
0.90, 11.72, 24.19, 283.52, 55, 84, 10961956
0.90, 12.37, 24.14, 298.61, 55, 84, 10973780
0.91, 11.72, 23.95, 280.68, 55, 84, 10985620
0.90, 12.70, 23.79, 302.01, 55, 84, 10997444
0.91, 12.04, 24.09, 290.10, 55, 84, 11009280
0.90, 11.39, 24.60, 280.26, 55, 84, 11021104
0.91, 12.04, 24.38, 293.67, 55, 84, 11032940
0.91, 11.72, 24.06, 281.94, 55, 84, 11044768
0.90, 11.07, 24.36, 269.56, 55, 84, 11056612
0.91, 12.04, 24.17, 291.07, 55, 84, 11068436
0.90, 11.72, 24.46, 286.68, 56, 84, 11080256
0.91, 12.37, 24.09, 297.94, 56, 84, 11092092
0.91, 11.39, 24.41, 278.11, 56, 84, 11103916
0.92, 12.37, 24.41, 301.94, 56, 84, 11115748
0.93, 12.70, 23.98, 304.41, 56, 84, 11127576
0.93, 12.04, 24.17, 291.07, 56, 84, 11139408
0.94, 13.02, 23.90, 311.16, 56, 84, 11151228
0.94, 11.72, 24.27, 284.47, 56, 84, 11163064
0.94, 13.02, 24.30, 316.43, 56, 84, 11174896
0.94, 12.37, 24.30, 300.61, 56, 84, 11186720
0.94, 12.37, 24.52, 303.28, 56, 84, 11198556
0.94, 12.04, 24.06, 289.78, 56, 84, 11210380
0.94, 12.04, 24.36, 293.35, 56, 84, 11222216
0.95, 13.02, 24.17, 314.68, 56, 84, 11234040
0.94, 12.70, 24.19, 307.15, 56, 84, 11245880
0.94, 12.70, 24.19, 307.15, 56, 84, 11257700
0.94, 12.04, 24.03, 289.45, 56, 84, 11269532
0.94, 11.72, 24.36, 285.42, 57, 84, 11281368
0.94, 13.02, 23.98, 312.22, 57, 84, 11293188
0.95, 12.37, 24.27, 300.28, 57, 84, 11305024
0.96, 12.70, 24.33, 308.86, 57, 84, 11316864
0.96, 12.37, 24.36, 301.28, 57, 84, 11328684
0.97, 13.67, 24.17, 330.41, 57, 84, 11340508
0.97, 13.67, 23.79, 325.25, 57, 84, 11352344
0.97, 13.35, 24.30, 324.34, 57, 84, 11364168
0.98, 13.35, 24.30, 324.34, 57, 84, 11376000
0.98, 12.70, 24.25, 307.84, 57, 84, 11387836
0.98, 13.67, 24.09, 329.30, 57, 84, 11399656
0.98, 12.37, 24.22, 299.61, 57, 84, 11411492
0.98, 13.35, 24.17, 322.54, 57, 84, 11423316
0.98, 13.02, 23.87, 310.81, 57, 84, 11435148
0.98, 13.35, 24.22, 323.26, 57, 84, 11446976
0.97, 13.67, 23.84, 325.98, 57, 84, 11458808
0.98, 13.02, 24.30, 316.43, 57, 84, 11470636
0.97, 13.35, 24.14, 322.18, 58, 84, 11482464
0.97, 13.35, 24.38, 325.42, 58, 84, 11494292
0.98, 13.35, 24.01, 320.38, 58, 84, 11506120
0.99, 13.67, 24.01, 328.20, 58, 84, 11517956
1.00, 14.32, 24.01, 343.83, 58, 84, 11529780
1.00, 13.67, 23.90, 326.72, 58, 84, 11541616
1.00, 14.00, 24.30, 340.16, 58, 84, 11553440
1.00, 14.32, 24.03, 344.21, 58, 84, 11565280
1.01, 13.02, 24.52, 319.24, 58, 84, 11577104
1.01, 14.00, 24.27, 339.79, 58, 84, 11588944
1.01, 13.67, 24.33, 332.62, 58, 84, 11600764
1.01, 14.00, 23.98, 335.63, 58, 84, 11612596
1.01, 13.35, 23.92, 319.30, 58, 84, 11624432
1.01, 14.00, 24.22, 339.03, 58, 84, 11636256
1.00, 14.00, 24.14, 337.90, 58, 84, 11648096
1.01, 14.00, 24.46, 342.43, 58, 84, 11659920
1.01, 14.32, 24.25, 347.30, 58, 84, 11671756
1.01, 13.67, 24.27, 331.88, 59, 84, 11683580
1.01, 13.35, 24.52, 327.22, 59, 84, 11695416
1.02, 13.67, 24.27, 331.88, 59, 84, 11707236
1.02, 14.65, 24.41, 357.57, 59, 84, 11719068
1.03, 14.65, 23.90, 350.06, 59, 84, 11730904
1.04, 14.32, 24.36, 348.85, 59, 84, 11742728
1.04, 14.65, 23.95, 350.85, 59, 84, 11754560
1.04, 14.00, 24.25, 339.41, 59, 84, 11766384
1.05, 14.32, 24.19, 346.53, 59, 84, 11778236
1.04, 14.65, 24.33, 356.38, 59, 84, 11790044
1.05, 15.30, 24.33, 372.22, 59, 84, 11801880
1.04, 14.32, 24.41, 349.62, 59, 84, 11813704
1.04, 14.32, 24.46, 350.39, 59, 84, 11825540
1.04, 14.97, 23.90, 357.84, 59, 84, 11837376
1.04, 14.97, 24.41, 365.51, 59, 84, 11849200
1.04, 14.97, 24.06, 360.26, 59, 84, 11861036
1.04, 14.00, 24.33, 340.54, 59, 84, 11872860
1.04, 15.30, 23.76, 363.55, 60, 84, 11884692
1.04, 14.00, 24.60, 344.32, 60, 84, 11896516
1.05, 15.63, 24.52, 383.09, 60, 84, 11908356
1.06, 14.32, 24.09, 344.98, 60, 84, 11920180
1.06, 14.97, 24.27, 363.49, 60, 84, 11932012
1.07, 14.32, 23.98, 343.44, 60, 84, 11943840
1.07, 14.97, 24.38, 365.11, 60, 84, 11955672
1.07, 15.63, 24.52, 383.09, 60, 84, 11967512
1.07, 14.65, 24.19, 354.40, 60, 84, 11979332
1.07, 14.97, 24.06, 360.26, 60, 84, 11991168
1.08, 14.32, 24.30, 348.07, 60, 84, 12002988
1.08, 15.30, 24.36, 372.63, 60, 84, 12014828
1.07, 14.65, 24.46, 358.36, 60, 84, 12026652
1.08, 14.65, 24.06, 352.43, 60, 84, 12038496
1.08, 14.65, 24.03, 352.03, 60, 84, 12050308
1.07, 15.63, 24.38, 380.98, 60, 84, 12062140
1.08, 15.95, 23.87, 380.74, 60, 84, 12073976
1.07, 15.63, 24.52, 383.09, 61, 84, 12085800
1.07, 14.97, 24.52, 367.13, 61, 84, 12097632
1.08, 14.65, 24.25, 355.20, 61, 84, 12109460
1.09, 15.30, 24.19, 370.16, 61, 84, 12121296
1.10, 15.95, 23.95, 382.04, 61, 84, 12133120
1.10, 14.65, 24.09, 352.82, 61, 84, 12144956
1.11, 16.60, 24.30, 403.45, 61, 84, 12156796
1.11, 14.97, 24.03, 359.86, 61, 84, 12168612
1.11, 15.63, 24.14, 377.19, 61, 84, 12180452
1.11, 15.30, 24.46, 374.28, 61, 84, 12192276
1.11, 15.95, 24.30, 387.63, 61, 84, 12204112
1.11, 15.30, 23.82, 364.38, 61, 84, 12215936
1.11, 14.65, 23.98, 351.24, 61, 84, 12227776
1.11, 16.93, 24.14, 408.62, 61, 84, 12239600
1.11, 16.60, 23.84, 395.84, 61, 84, 12251440
1.11, 15.95, 23.92, 381.61, 61, 84, 12263260
1.11, 16.28, 24.06, 391.59, 61, 84, 12275092
1.11, 16.60, 24.30, 403.45, 62, 84, 12286928
1.11, 15.63, 23.87, 372.97, 62, 84, 12298752
1.11, 16.60, 24.65, 409.27, 62, 84, 12310588
1.12, 15.95, 23.95, 382.04, 62, 84, 12322412
1.13, 15.30, 24.03, 367.68, 62, 84, 12334244
1.14, 15.63, 24.22, 378.45, 62, 84, 12346068
1.14, 15.30, 24.36, 372.63, 62, 84, 12357908
1.14, 15.95, 23.90, 381.18, 62, 84, 12369728
1.14, 15.63, 24.09, 376.35, 62, 84, 12381560
1.14, 16.60, 23.87, 396.29, 62, 84, 12393392
1.14, 15.95, 24.60, 392.36, 62, 84, 12405220
1.14, 15.95, 24.19, 385.91, 62, 84, 12417072
1.14, 15.63, 24.17, 377.61, 62, 85, 12428880
1.14, 16.60, 23.84, 395.84, 62, 84, 12440716
1.14, 15.95, 24.22, 386.34, 62, 84, 12452536
1.14, 16.93, 24.03, 406.80, 62, 84, 12464376
1.14, 15.95, 24.14, 385.05, 62, 84, 12476196
1.14, 16.60, 24.19, 401.66, 63, 84, 12488028
1.14, 15.95, 24.22, 386.34, 63, 84, 12499856
1.14, 16.93, 23.74, 401.77, 63, 84, 12511684
1.14, 16.28, 24.17, 393.34, 63, 84, 12523520
1.15, 17.25, 23.63, 407.64, 63, 84, 12535348
1.16, 16.93, 23.90, 404.51, 63, 84, 12547184
1.17, 17.58, 24.09, 423.39, 63, 84, 12559004
1.17, 16.93, 23.95, 405.43, 63, 84, 12570840
1.17, 17.58, 24.17, 424.81, 63, 84, 12582668
1.18, 17.58, 24.03, 422.44, 63, 84, 12594500
1.17, 17.25, 24.54, 423.46, 63, 84, 12606332
1.17, 16.93, 23.63, 399.95, 63, 84, 12618164
1.17, 16.60, 24.44, 405.69, 63, 84, 12629996
1.17, 17.25, 24.01, 414.15, 63, 84, 12641820
1.17, 16.60, 24.30, 403.45, 63, 84, 12653656
1.17, 16.93, 23.76, 402.23, 63, 84, 12665480
1.17, 16.93, 23.90, 404.51, 63, 84, 12677316
1.17, 18.23, 23.76, 433.17, 64, 85, 12689136
1.17, 17.90, 23.74, 424.95, 64, 84, 12700972
1.17, 17.90, 23.98, 429.30, 64, 84, 12712796
1.18, 16.93, 24.19, 409.53, 64, 84, 12724624
1.19, 17.90, 24.14, 432.20, 64, 84, 12736464
1.20, 17.25, 24.22, 417.88, 64, 85, 12748284
1.20, 18.23, 24.14, 440.05, 64, 84, 12760120
1.20, 16.93, 24.17, 409.08, 64, 84, 12771944
1.20, 17.90, 23.95, 428.82, 64, 84, 12783780
1.20, 17.58, 24.46, 430.03, 64, 84, 12795604
1.21, 18.55, 24.11, 447.41, 64, 84, 12807440
1.20, 17.25, 23.82, 410.90, 64, 84, 12819268
1.21, 17.90, 24.36, 436.06, 64, 84, 12831096
1.21, 17.58, 24.09, 423.39, 64, 84, 12842928
1.21, 18.23, 24.09, 439.07, 64, 84, 12854756
1.21, 17.25, 23.84, 411.36, 64, 84, 12866588
1.21, 17.25, 24.03, 414.62, 64, 84, 12878416
1.21, 17.58, 23.98, 421.49, 65, 84, 12890252
1.20, 18.23, 24.01, 437.60, 65, 84, 12902076
1.21, 17.90, 23.95, 428.82, 65, 84, 12913916
1.21, 18.88, 24.17, 456.28, 65, 84, 12925740
1.23, 18.23, 23.92, 436.12, 65, 84, 12937568
1.23, 18.88, 23.84, 450.17, 65, 84, 12949396
1.24, 17.90, 23.95, 428.82, 65, 84, 12961228
1.24, 18.88, 24.44, 461.37, 65, 84, 12973064
1.24, 17.90, 24.09, 431.23, 65, 84, 12984888
1.24, 19.21, 24.36, 467.77, 65, 84, 12996720
1.24, 17.58, 24.25, 426.23, 65, 84, 13008544
1.24, 18.88, 24.38, 460.35, 65, 84, 13020380
1.24, 17.58, 24.09, 423.39, 65, 84, 13032204
1.24, 17.90, 24.11, 431.71, 65, 84, 13044044
1.24, 17.58, 23.92, 420.54, 65, 84, 13055872
1.24, 18.88, 24.14, 455.77, 65, 84, 13067704
1.24, 18.55, 23.92, 443.91, 65, 84, 13079540
1.24, 18.55, 24.09, 446.91, 66, 84, 13091364
1.24, 18.88, 23.84, 450.17, 66, 84, 13103200
1.24, 19.53, 23.98, 468.33, 66, 84, 13115020
1.25, 17.90, 23.98, 429.30, 66, 84, 13126856
1.26, 18.23, 24.14, 440.05, 66, 84, 13138696
1.26, 19.21, 23.84, 457.93, 66, 84, 13150520
1.27, 19.53, 23.65, 462.00, 66, 84, 13162340
1.27, 18.55, 24.14, 447.91, 66, 84, 13174168
1.27, 19.53, 23.76, 464.11, 66, 84, 13186004
1.27, 17.58, 24.14, 424.34, 66, 84, 13197832
1.27, 19.86, 24.38, 484.16, 66, 84, 13209672
1.27, 18.55, 24.01, 445.41, 66, 84, 13221492
1.27, 19.53, 24.03, 469.38, 66, 84, 13233332
1.28, 19.21, 24.01, 461.04, 66, 84, 13245156
1.28, 18.88, 23.92, 451.70, 66, 84, 13257008
1.28, 18.88, 24.30, 458.83, 66, 85, 13268816
1.28, 18.88, 24.22, 457.30, 66, 84, 13280648
1.27, 18.23, 24.01, 437.60, 67, 84, 13292484
1.27, 19.86, 23.63, 469.17, 67, 84, 13304308
1.28, 18.23, 23.95, 436.61, 67, 84, 13316144
1.28, 20.51, 24.03, 492.85, 67, 84, 13327972
1.29, 18.88, 24.17, 456.28, 67, 84, 13339808
1.30, 19.86, 23.87, 473.99, 67, 84, 13351632
1.30, 19.53, 24.06, 469.91, 67, 84, 13363464
1.30, 19.86, 23.84, 473.45, 67, 84, 13375292
1.30, 19.21, 24.09, 462.59, 67, 84, 13387120
1.31, 20.18, 24.01, 484.48, 67, 84, 13398960
1.31, 21.16, 24.19, 511.92, 67, 84, 13410784
1.31, 19.21, 23.84, 457.93, 67, 84, 13422620
1.31, 20.51, 23.90, 490.08, 67, 84, 13434440
1.31, 19.53, 23.90, 466.75, 67, 84, 13446280
1.31, 20.83, 23.92, 498.42, 67, 84, 13458108
1.30, 19.53, 23.98, 468.33, 67, 84, 13469940
1.30, 20.51, 23.71, 486.21, 67, 84, 13481768
1.30, 19.86, 23.82, 472.92, 68, 84, 13493600
1.31, 20.83, 23.87, 497.30, 68, 84, 13505428
1.30, 19.21, 23.79, 456.89, 68, 84, 13517272
1.31, 21.16, 23.65, 500.50, 68, 84, 13529096
1.33, 20.18, 24.38, 492.10, 68, 84, 13540920
1.33, 20.18, 23.90, 482.30, 68, 84, 13552756
1.34, 21.16, 23.79, 503.36, 68, 84, 13564576
1.33, 20.18, 24.01, 484.48, 68, 84, 13576416
1.34, 20.18, 23.82, 480.67, 68, 84, 13588236
1.34, 20.18, 23.60, 476.32, 68, 84, 13600072
1.35, 20.18, 23.87, 481.76, 68, 84, 13611896
1.35, 20.83, 24.27, 505.73, 68, 84, 13623728
1.34, 21.16, 23.79, 503.36, 68, 84, 13635568
1.34, 20.83, 24.17, 503.48, 68, 84, 13647388
1.34, 20.51, 23.95, 491.19, 68, 84, 13659228
1.35, 21.16, 23.87, 505.07, 68, 84, 13671052
1.35, 19.86, 24.22, 480.95, 68, 84, 13682888
1.34, 20.51, 23.76, 487.32, 69, 84, 13694716
1.34, 19.86, 24.09, 478.27, 69, 84, 13706548
1.34, 20.18, 24.03, 485.03, 69, 84, 13718368
1.35, 22.14, 23.76, 525.99, 69, 84, 13730200
1.36, 20.83, 24.22, 504.60, 69, 84, 13742036
1.36, 22.14, 23.65, 523.60, 69, 84, 13753864
1.37, 21.16, 24.36, 515.34, 69, 84, 13765696
1.37, 20.51, 24.11, 494.51, 69, 84, 13777520
1.37, 21.16, 24.22, 512.49, 69, 84, 13789356
1.37, 21.16, 24.11, 510.21, 69, 84, 13801184
1.37, 22.46, 23.55, 528.88, 69, 84, 13813020
1.37, 21.16, 24.09, 509.64, 69, 84, 13824844
1.37, 20.83, 23.63, 492.24, 69, 84, 13836680
1.37, 21.16, 24.19, 511.92, 69, 84, 13848516
1.37, 20.83, 24.09, 501.79, 69, 84, 13860336
1.37, 22.46, 24.22, 544.03, 69, 84, 13872176
1.37, 21.48, 24.36, 523.27, 69, 84, 13884000
1.37, 21.48, 23.71, 509.36, 70, 84, 13895832
1.37, 23.11, 23.87, 551.69, 70, 84, 13907656
1.38, 21.16, 24.09, 509.64, 70, 84, 13919488
1.38, 22.14, 23.65, 523.60, 70, 84, 13931312
1.39, 22.14, 24.22, 536.14, 70, 84, 13943144
1.40, 21.48, 24.11, 518.06, 70, 84, 13954972
1.40, 22.14, 23.74, 525.40, 70, 84, 13966800
1.40, 21.48, 24.14, 518.63, 70, 84, 13978636
1.40, 22.14, 23.87, 528.38, 70, 84, 13990460
1.40, 21.81, 23.95, 522.38, 70, 84, 14002296
1.40, 21.48, 23.95, 514.58, 70, 84, 14014120
1.40, 23.11, 23.79, 549.82, 70, 84, 14025956
1.40, 21.81, 24.19, 527.67, 70, 84, 14037780
1.40, 23.11, 24.17, 558.55, 70, 84, 14049616
1.40, 23.11, 24.09, 556.68, 70, 84, 14061436
1.40, 22.46, 24.06, 540.39, 70, 84, 14073268
1.40, 23.11, 23.84, 551.07, 70, 84, 14085104
1.40, 22.79, 23.65, 539.00, 71, 84, 14096924
1.40, 21.48, 24.11, 518.06, 71, 84, 14108764
1.40, 22.79, 23.79, 542.08, 71, 84, 14120588
1.41, 22.46, 23.90, 536.76, 71, 84, 14132420
1.42, 21.81, 23.76, 518.26, 71, 84, 14144244
1.42, 23.76, 23.90, 567.87, 71, 84, 14156076
1.43, 22.14, 24.03, 531.96, 71, 84, 14167900
1.43, 23.11, 24.09, 556.68, 71, 84, 14179732
1.43, 23.44, 24.27, 568.94, 71, 84, 14191564
1.43, 23.76, 23.95, 569.16, 71, 84, 14203392
1.43, 23.11, 23.92, 552.94, 71, 84, 14215224
1.43, 23.44, 24.44, 572.74, 71, 84, 14227048
1.43, 23.76, 23.98, 569.80, 71, 84, 14238900
1.43, 24.09, 23.84, 574.35, 71, 84, 14250708
1.43, 22.14, 23.92, 529.57, 71, 84, 14262540
1.43, 22.14, 23.65, 523.60, 71, 84, 14274368
1.43, 23.11, 23.92, 552.94, 71, 84, 14286200
1.43, 22.14, 23.71, 524.80, 72, 84, 14298032
1.44, 23.44, 23.65, 554.40, 72, 84, 14309860
1.43, 22.46, 23.79, 534.33, 72, 84, 14321700
1.44, 22.79, 24.01, 546.99, 72, 84, 14333524
1.45, 23.44, 24.22, 567.68, 72, 84, 14345360
1.45, 23.76, 23.52, 558.90, 72, 84, 14357204
1.46, 24.09, 23.92, 576.30, 72, 84, 14369020
1.45, 24.09, 24.44, 588.65, 72, 84, 14380848
1.46, 23.76, 23.60, 560.82, 72, 84, 14392680
1.46, 23.76, 24.11, 573.00, 72, 84, 14404508
1.46, 23.11, 23.92, 552.94, 72, 84, 14416344
1.46, 24.09, 23.71, 571.10, 72, 84, 14428176
1.46, 23.11, 23.95, 553.56, 72, 84, 14440000
1.46, 23.11, 23.76, 549.20, 72, 84, 14451836
1.46, 23.76, 23.47, 557.62, 72, 84, 14463656
1.46, 24.09, 24.25, 584.10, 72, 84, 14475496
1.46, 22.79, 23.68, 539.62, 72, 84, 14487316
1.46, 22.79, 24.06, 548.22, 73, 84, 14499168
1.46, 24.41, 24.25, 591.99, 73, 85, 14510980
1.46, 23.76, 23.87, 567.23, 73, 84, 14522812
1.47, 24.74, 24.17, 597.88, 73, 84, 14534652
1.47, 24.74, 24.27, 600.55, 73, 84, 14546476
1.48, 24.09, 23.41, 563.96, 73, 84, 14558312
1.48, 24.09, 23.79, 573.05, 73, 84, 14570136
1.48, 23.44, 24.09, 564.52, 73, 84, 14581976
1.48, 25.07, 23.38, 586.14, 73, 84, 14593800
1.49, 23.44, 23.95, 561.36, 73, 84, 14605636
1.49, 24.74, 23.76, 587.87, 73, 84, 14617476
1.49, 24.74, 23.57, 583.20, 73, 84, 14629292
1.49, 23.76, 24.06, 571.72, 73, 84, 14641132
1.49, 24.09, 24.01, 578.25, 73, 84, 14652956
1.48, 24.41, 24.11, 588.70, 73, 84, 14664792
1.48, 24.41, 23.95, 584.75, 73, 84, 14676616
1.49, 24.09, 23.65, 569.80, 73, 84, 14688448
1.49, 25.07, 23.25, 582.76, 74, 84, 14700276
1.49, 24.74, 23.68, 585.87, 74, 84, 14712108
1.49, 24.09, 23.71, 571.10, 74, 84, 14723932
1.50, 25.39, 23.49, 596.50, 74, 84, 14735760
1.51, 24.74, 24.03, 594.55, 74, 84, 14747596
1.51, 24.41, 24.01, 586.07, 74, 84, 14759420
1.52, 25.72, 23.28, 598.59, 74, 84, 14771256
1.52, 26.04, 23.90, 622.33, 74, 84, 14783080
1.52, 24.41, 24.38, 595.28, 74, 84, 14794912
1.53, 25.07, 23.87, 598.31, 74, 84, 14806736
1.52, 25.07, 23.98, 601.02, 74, 84, 14818576
1.52, 25.39, 24.06, 610.88, 74, 84, 14830400
1.52, 25.72, 23.60, 606.92, 74, 84, 14842232
1.52, 25.72, 24.01, 617.32, 74, 84, 14854064
1.52, 25.39, 23.98, 608.82, 74, 84, 14865896
1.51, 24.41, 23.68, 578.16, 74, 84, 14877732
1.52, 26.04, 24.09, 627.24, 74, 84, 14889560
1.51, 25.72, 24.09, 619.40, 75, 84, 14901396
1.52, 25.07, 23.76, 595.61, 75, 84, 14913220
1.52, 26.69, 23.60, 629.97, 75, 84, 14925056
1.53, 26.69, 24.33, 649.40, 75, 84, 14936884
1.54, 25.72, 23.49, 604.14, 75, 84, 14948712
1.54, 26.37, 23.28, 613.75, 75, 84, 14960544
1.55, 25.72, 24.17, 621.48, 75, 84, 14972376
1.55, 27.02, 23.49, 634.73, 75, 84, 14984216
1.55, 27.02, 23.65, 639.11, 75, 84, 14996040
1.55, 25.39, 24.46, 621.15, 75, 84, 15007872
1.55, 25.72, 23.90, 614.55, 75, 84, 15019700
1.55, 26.04, 23.47, 611.09, 75, 84, 15031532
1.55, 26.04, 24.17, 629.35, 75, 84, 15043356
1.55, 25.39, 24.03, 610.19, 75, 84, 15055184
1.54, 25.07, 24.11, 604.40, 75, 84, 15067016
1.54, 25.72, 23.74, 610.39, 75, 84, 15078848
1.54, 25.72, 24.09, 619.40, 75, 84, 15090684
1.55, 26.69, 24.06, 642.20, 76, 84, 15102508
1.55, 26.69, 23.55, 628.53, 76, 84, 15114348
1.55, 27.99, 23.60, 660.70, 76, 84, 15126172
1.56, 26.04, 23.95, 623.73, 76, 84, 15138008
1.57, 25.07, 23.82, 596.96, 76, 84, 15149832
1.57, 26.37, 24.09, 635.08, 76, 84, 15161672
1.57, 26.69, 24.09, 642.92, 76, 84, 15173496
1.57, 26.69, 24.33, 649.40, 76, 84, 15185328
1.57, 26.37, 24.11, 635.80, 76, 84, 15197164
1.57, 27.99, 23.60, 660.70, 76, 84, 15208992
1.57, 26.37, 23.87, 629.39, 76, 84, 15220828
1.57, 27.02, 24.11, 651.49, 76, 84, 15232652
1.57, 27.67, 24.33, 673.16, 76, 84, 15244492
1.57, 27.34, 23.60, 645.33, 76, 84, 15256316
1.57, 27.02, 23.57, 636.92, 76, 84, 15268156
1.57, 25.72, 23.95, 615.93, 76, 84, 15279976
1.58, 28.65, 23.52, 673.74, 76, 84, 15291812
1.58, 26.37, 23.84, 628.68, 77, 84, 15303648
1.58, 27.67, 24.27, 671.67, 77, 84, 15315472
1.58, 26.69, 23.95, 639.32, 77, 84, 15327308
1.59, 26.69, 23.92, 638.60, 77, 84, 15339148
1.59, 26.69, 24.30, 648.68, 77, 84, 15350972
1.59, 26.69, 23.95, 639.32, 77, 84, 15362796
1.59, 26.37, 23.65, 623.71, 77, 84, 15374628
1.59, 27.99, 23.92, 669.76, 77, 84, 15386452
1.59, 27.67, 23.74, 656.74, 77, 84, 15398284
1.59, 26.69, 23.52, 627.81, 77, 84, 15410120
1.59, 26.37, 23.52, 620.15, 77, 84, 15421944
1.59, 28.65, 23.65, 677.61, 77, 84, 15433780
1.59, 28.65, 23.52, 673.74, 77, 84, 15445600
1.59, 26.37, 23.76, 626.55, 77, 84, 15457452
1.59, 27.99, 23.84, 667.49, 77, 84, 15469260
1.59, 27.34, 23.52, 643.12, 77, 84, 15481096
1.59, 28.65, 23.30, 667.56, 77, 84, 15492920
1.59, 27.34, 23.95, 654.92, 78, 84, 15504748
1.59, 27.34, 23.41, 640.17, 78, 84, 15516580
1.59, 27.99, 23.65, 662.21, 78, 84, 15528416
1.60, 28.65, 23.36, 669.11, 78, 84, 15540252
1.61, 28.65, 23.87, 683.79, 78, 84, 15552076
1.61, 26.69, 24.01, 640.76, 78, 84, 15563912
1.61, 27.02, 23.84, 644.21, 78, 84, 15575736
1.61, 29.62, 23.55, 697.51, 78, 84, 15587572
1.61, 27.99, 23.87, 668.25, 78, 84, 15599408
1.61, 28.32, 23.68, 670.67, 78, 84, 15611224
1.62, 28.32, 23.98, 679.07, 78, 84, 15623056
1.61, 27.67, 23.87, 660.48, 78, 84, 15634880
1.61, 29.62, 23.57, 698.31, 78, 84, 15646724
1.61, 28.65, 23.95, 686.10, 78, 84, 15658548
1.61, 27.34, 24.06, 657.87, 78, 84, 15670384
1.61, 27.67, 23.98, 663.46, 78, 84, 15682208
1.61, 28.97, 23.47, 679.84, 78, 84, 15694048
1.61, 28.97, 23.44, 679.05, 79, 84, 15705872
1.61, 28.65, 23.55, 674.52, 79, 84, 15717712
1.62, 28.65, 23.68, 678.38, 79, 84, 15729532
1.62, 27.34, 23.68, 647.54, 79, 84, 15741364
1.63, 29.95, 23.52, 704.37, 79, 84, 15753200
1.63, 28.32, 23.44, 663.79, 79, 84, 15765024
1.63, 29.30, 24.30, 711.97, 79, 84, 15776860
1.64, 28.97, 23.63, 684.52, 79, 84, 15788684
1.63, 28.32, 23.87, 676.02, 79, 84, 15800524
1.63, 28.32, 23.55, 666.85, 79, 84, 15812348
1.64, 29.30, 23.98, 702.49, 79, 84, 15824188
1.63, 29.62, 24.01, 711.09, 79, 84, 15836012
1.63, 28.65, 23.84, 683.01, 79, 84, 15847840
1.63, 28.32, 23.52, 666.09, 79, 84, 15859676
1.63, 28.65, 23.57, 675.29, 79, 84, 15871500
1.63, 30.60, 23.41, 716.38, 79, 84, 15883336
1.63, 28.65, 23.47, 672.20, 79, 84, 15895156
1.63, 29.30, 23.79, 696.96, 80, 84, 15906996
1.63, 28.32, 23.92, 677.54, 80, 84, 15918820
1.63, 28.65, 24.01, 687.65, 80, 84, 15930660
1.63, 29.95, 23.60, 706.79, 80, 84, 15942484
1.64, 30.27, 23.87, 722.64, 80, 84, 15954316
1.65, 30.27, 23.60, 714.47, 80, 84, 15966152
1.66, 28.97, 23.71, 686.87, 80, 84, 15977976
1.66, 29.62, 23.84, 706.30, 80, 84, 15989816
1.66, 29.62, 23.82, 705.50, 80, 84, 16001636
1.66, 28.97, 23.57, 682.96, 80, 84, 16013476
1.66, 29.95, 23.49, 703.56, 80, 84, 16025304
1.66, 29.62, 23.30, 690.32, 80, 84, 16037136
1.66, 30.27, 23.41, 708.76, 80, 84, 16048960
1.66, 29.62, 24.06, 712.69, 80, 84, 16060792
1.66, 29.62, 24.03, 711.89, 80, 84, 16072620
1.66, 29.62, 23.68, 701.50, 80, 84, 16084448
1.66, 29.30, 23.55, 689.85, 80, 84, 16096284
1.66, 30.60, 24.06, 736.19, 81, 85, 16108104
1.66, 29.30, 23.57, 690.64, 81, 84, 16119944
1.66, 29.30, 23.47, 687.47, 81, 84, 16131768
1.66, 29.95, 23.47, 702.75, 81, 84, 16143600
1.67, 29.95, 23.92, 716.48, 81, 84, 16155424
1.68, 30.92, 23.55, 728.17, 81, 84, 16167252
1.68, 30.60, 23.60, 722.16, 81, 84, 16179084
1.69, 32.23, 23.14, 745.79, 81, 84, 16190916
1.69, 31.25, 24.14, 754.38, 81, 84, 16202748
1.69, 30.27, 23.84, 721.82, 81, 84, 16214576
1.69, 29.30, 23.41, 685.89, 81, 84, 16226416
1.69, 30.60, 24.11, 737.84, 81, 84, 16238240
1.69, 30.60, 23.36, 714.73, 81, 84, 16250076
1.69, 30.92, 23.25, 718.99, 81, 84, 16261904
1.69, 30.27, 23.57, 713.66, 81, 84, 16273740
1.69, 30.92, 23.33, 721.50, 81, 84, 16285560
1.69, 29.95, 23.49, 703.56, 81, 84, 16297408
1.69, 31.25, 24.22, 756.91, 82, 84, 16309228
1.69, 29.95, 23.84, 714.06, 82, 84, 16321052
1.69, 29.62, 23.82, 705.50, 82, 84, 16332888
1.69, 30.27, 23.98, 725.90, 82, 84, 16344712
1.70, 30.27, 23.65, 716.11, 82, 84, 16356552
1.71, 30.92, 24.01, 742.35, 82, 84, 16368376
1.71, 31.58, 23.55, 743.50, 82, 84, 16380208
1.72, 31.25, 23.98, 749.32, 82, 84, 16392036
1.71, 30.60, 23.52, 719.68, 82, 84, 16403864
1.72, 32.55, 23.68, 770.88, 82, 84, 16415700
1.72, 31.58, 23.49, 741.80, 82, 84, 16427528
1.71, 30.60, 23.49, 718.85, 82, 84, 16439380
1.72, 31.25, 23.95, 748.48, 82, 84, 16451188
1.71, 31.25, 23.65, 739.21, 82, 84, 16463024
1.71, 31.25, 24.06, 751.85, 82, 84, 16474852
1.71, 30.60, 24.03, 735.36, 82, 84, 16486688
1.71, 31.58, 23.92, 755.42, 82, 84, 16498512
1.71, 31.90, 23.84, 760.63, 83, 84, 16510344
1.71, 31.25, 24.03, 751.01, 83, 84, 16522180
1.71, 30.92, 23.71, 733.17, 83, 84, 16534004
1.72, 31.58, 23.95, 756.27, 83, 84, 16545840
1.73, 32.23, 23.49, 757.09, 83, 84, 16557680
1.74, 31.58, 23.22, 733.28, 83, 84, 16569496
1.74, 31.58, 23.57, 744.35, 83, 84, 16581320
1.74, 31.58, 23.22, 733.28, 83, 84, 16593156
1.74, 32.88, 23.60, 775.93, 83, 84, 16604980
1.74, 32.55, 23.36, 760.35, 83, 84, 16616812
1.75, 31.90, 24.17, 770.95, 83, 85, 16628636
1.75, 31.90, 23.44, 747.72, 83, 84, 16640468
1.75, 31.58, 23.74, 749.46, 83, 84, 16652304
1.75, 32.23, 23.57, 759.70, 83, 84, 16664128
1.75, 32.23, 23.84, 768.39, 83, 84, 16675960
1.74, 31.90, 23.68, 755.47, 83, 84, 16687788
1.74, 32.55, 23.38, 761.23, 83, 84, 16699636
1.74, 32.55, 23.68, 770.88, 84, 84, 16711440
1.74, 32.55, 23.30, 758.59, 84, 84, 16723280
1.74, 32.55, 24.11, 784.93, 84, 84, 16735100
1.74, 31.90, 23.68, 755.47, 84, 84, 16746932
1.75, 33.20, 23.65, 785.41, 84, 84, 16758764
1.76, 32.55, 23.63, 769.13, 84, 84, 16770592
1.76, 32.88, 23.71, 779.48, 84, 84, 16782424
1.76, 33.20, 23.79, 789.88, 84, 84, 16794248
1.77, 32.88, 23.71, 779.48, 84, 84, 16806084
1.76, 32.88, 24.19, 795.44, 84, 84, 16817908
1.77, 32.88, 23.87, 784.80, 84, 84, 16829740
1.77, 33.20, 23.74, 788.09, 84, 84, 16841564
1.76, 32.88, 23.74, 780.37, 84, 84, 16853396
1.76, 33.53, 23.68, 794.01, 84, 84, 16865232
1.77, 32.88, 24.03, 790.12, 84, 84, 16877056
1.77, 32.23, 23.79, 766.65, 84, 84, 16888892
1.76, 33.20, 23.57, 782.72, 84, 84, 16900716
1.77, 33.85, 23.74, 803.55, 85, 84, 16912556
1.77, 32.23, 23.52, 757.96, 85, 84, 16924376
1.77, 33.53, 23.76, 796.72, 85, 84, 16936216
1.77, 33.53, 23.87, 800.34, 85, 84, 16948040
1.78, 33.53, 23.74, 795.82, 85, 84, 16959872
1.79, 34.18, 23.90, 816.80, 85, 84, 16971708
1.79, 34.18, 23.25, 794.68, 85, 84, 16983532
1.79, 34.18, 23.71, 810.35, 85, 84, 16995368
1.79, 34.83, 23.28, 810.75, 85, 84, 17007188
1.79, 35.48, 23.03, 817.30, 85, 84, 17019024
1.79, 35.48, 23.71, 841.22, 85, 84, 17030848
1.79, 34.51, 23.52, 811.55, 85, 84, 17042684
1.79, 33.85, 23.38, 791.68, 85, 84, 17054504
1.79, 33.85, 23.57, 798.07, 85, 84, 17066340
1.79, 34.18, 23.60, 806.66, 85, 84, 17078168
1.79, 33.85, 23.57, 798.07, 85, 84, 17090000
1.79, 33.85, 23.41, 792.59, 85, 84, 17101840
1.79, 34.51, 23.87, 823.65, 86, 84, 17113664
1.79, 34.18, 23.68, 809.43, 86, 84, 17125500
1.79, 34.83, 23.74, 826.73, 86, 84, 17137324
1.80, 34.51, 23.98, 827.38, 86, 84, 17149160
1.81, 35.48, 23.14, 821.12, 86, 84, 17160984
1.81, 35.16, 23.44, 824.02, 86, 84, 17172812
1.82, 36.13, 23.57, 851.78, 86, 84, 17184648
1.81, 34.83, 23.60, 822.03, 86, 84, 17196472
1.81, 34.83, 23.60, 822.03, 86, 84, 17208308
1.81, 34.83, 23.71, 825.79, 86, 84, 17220132
1.81, 34.83, 23.68, 824.85, 86, 84, 17231972
1.81, 35.16, 23.49, 825.92, 86, 84, 17243796
1.81, 35.48, 23.84, 846.01, 86, 84, 17255632
1.81, 34.83, 23.90, 832.36, 86, 84, 17267456
1.82, 35.81, 24.06, 861.49, 86, 84, 17279292
1.81, 36.13, 23.28, 841.06, 86, 84, 17291116
1.81, 35.81, 23.14, 828.66, 86, 84, 17302952
1.81, 36.13, 23.36, 843.99, 87, 84, 17314788
1.82, 36.13, 23.38, 844.96, 87, 84, 17326616
1.82, 35.81, 23.52, 842.18, 87, 84, 17338452
1.83, 35.16, 23.76, 835.40, 87, 84, 17350276
1.83, 35.48, 23.30, 826.87, 87, 84, 17362116
1.84, 35.81, 23.55, 843.14, 87, 84, 17373940
1.84, 35.81, 23.44, 839.28, 87, 84, 17385772
1.83, 35.81, 23.63, 846.04, 87, 84, 17397612
1.84, 35.81, 23.79, 851.84, 87, 84, 17409428
1.84, 36.46, 23.22, 846.67, 87, 84, 17421264
1.84, 36.46, 23.71, 864.37, 87, 84, 17433092
1.84, 36.46, 23.41, 853.56, 87, 84, 17444924
1.84, 35.48, 23.84, 846.01, 87, 84, 17456752
1.84, 35.48, 23.36, 828.78, 87, 84, 17468592
1.84, 36.46, 23.71, 864.37, 87, 84, 17480416
1.84, 35.48, 23.84, 846.01, 87, 84, 17492252
1.84, 37.11, 23.36, 866.80, 87, 84, 17504076
1.84, 35.81, 23.57, 844.11, 88, 84, 17515904
1.83, 35.48, 23.38, 829.74, 88, 84, 17527740
1.83, 36.46, 23.55, 858.47, 88, 84, 17539580
1.84, 36.13, 23.71, 856.66, 88, 84, 17551400
1.85, 36.78, 23.30, 857.21, 88, 84, 17563224
1.86, 37.43, 23.28, 871.37, 88, 84, 17575056
1.86, 36.13, 23.30, 842.04, 88, 84, 17586880
1.86, 36.13, 23.38, 844.96, 88, 84, 17598716
1.86, 36.78, 23.74, 873.08, 88, 84, 17610540
1.86, 36.13, 23.68, 855.68, 88, 84, 17622368
1.86, 37.11, 23.44, 869.80, 88, 84, 17634200
1.86, 36.46, 23.63, 861.42, 88, 84, 17646028
1.86, 37.76, 23.25, 877.93, 88, 84, 17657880
1.86, 37.43, 23.82, 891.57, 88, 84, 17669688
1.86, 37.11, 23.49, 871.80, 88, 84, 17681528
1.86, 37.11, 23.17, 859.79, 88, 84, 17693352
1.86, 36.78, 23.33, 858.20, 88, 84, 17705188
1.86, 37.43, 23.87, 893.59, 89, 84, 17717016
1.86, 37.76, 23.41, 884.04, 89, 84, 17728844
1.86, 37.76, 23.55, 889.13, 89, 84, 17740676
1.86, 37.76, 23.41, 884.04, 89, 84, 17752508
1.87, 37.76, 23.52, 888.12, 89, 84, 17764344
1.88, 37.11, 23.71, 879.81, 89, 84, 17776168
1.88, 37.76, 23.74, 896.26, 89, 84, 17788008
1.88, 38.41, 23.38, 898.25, 89, 84, 17799848
1.88, 37.43, 23.63, 884.50, 89, 84, 17811668
1.89, 38.74, 23.12, 895.41, 89, 84, 17823492
1.88, 37.76, 23.38, 883.02, 89, 84, 17835332
1.88, 37.11, 23.57, 874.80, 89, 84, 17847156
1.89, 37.43, 23.74, 888.54, 89, 84, 17858984
1.88, 37.43, 23.41, 876.42, 89, 84, 17870824
1.88, 38.41, 23.74, 911.72, 89, 84, 17882652
1.88, 38.09, 23.82, 907.07, 89, 84, 17894488
1.88, 37.76, 23.14, 873.86, 89, 84, 17906312
1.88, 38.09, 23.44, 892.69, 90, 84, 17918148
1.88, 37.43, 23.79, 890.56, 90, 84, 17929972
1.88, 37.76, 23.76, 897.28, 90, 84, 17941808
1.89, 38.74, 23.14, 896.46, 90, 84, 17953632
1.90, 38.41, 23.47, 901.36, 90, 84, 17965460
1.90, 38.74, 23.60, 914.22, 90, 84, 17977300
1.91, 38.74, 23.22, 899.59, 90, 84, 17989120
1.91, 38.41, 23.47, 901.36, 90, 84, 18000956
1.91, 38.41, 23.65, 908.61, 90, 84, 18012780
1.91, 39.06, 23.44, 915.58, 90, 84, 18024612
1.91, 38.41, 23.47, 901.36, 90, 84, 18036436
1.91, 39.39, 23.36, 920.02, 90, 84, 18048276
1.91, 39.06, 23.20, 906.10, 90, 84, 18060096
1.91, 38.74, 23.71, 918.40, 90, 84, 18071924
1.91, 39.06, 23.38, 913.47, 90, 84, 18083756
1.91, 39.06, 23.33, 911.36, 90, 84, 18095584
1.91, 38.74, 23.68, 917.35, 90, 84, 18107420
1.91, 38.74, 23.47, 908.99, 91, 84, 18119244
1.91, 39.06, 23.52, 918.74, 91, 84, 18131076
1.91, 39.06, 23.41, 914.53, 91, 84, 18142900
1.92, 39.06, 23.60, 921.90, 91, 84, 18154736
1.93, 40.04, 23.25, 930.91, 91, 84, 18166564
1.93, 39.71, 23.41, 929.77, 91, 84, 18178396
1.93, 39.71, 23.44, 930.84, 91, 84, 18190224
1.93, 40.36, 23.14, 934.12, 91, 84, 18202052
1.93, 40.36, 23.09, 931.95, 91, 84, 18213892
1.93, 39.71, 23.38, 928.70, 91, 84, 18225712
1.94, 39.71, 23.44, 930.84, 91, 84, 18237552
1.93, 40.04, 23.38, 936.31, 91, 84, 18249376
1.93, 39.71, 23.41, 929.77, 91, 84, 18261212
1.93, 39.71, 23.71, 941.55, 91, 84, 18273036
1.94, 40.04, 23.44, 938.47, 91, 84, 18284876
1.94, 40.04, 23.17, 927.67, 91, 84, 18296700
1.93, 40.36, 23.49, 948.28, 91, 85, 18308532
1.93, 40.36, 23.44, 946.10, 92, 84, 18320368
1.94, 40.69, 23.25, 946.05, 92, 84, 18332196
1.94, 40.69, 23.33, 949.34, 92, 84, 18344032
1.94, 40.04, 23.55, 942.79, 92, 84, 18355856
1.95, 40.69, 23.52, 957.02, 92, 84, 18367692
1.96, 41.02, 23.25, 953.61, 92, 84, 18379520
1.96, 41.02, 23.06, 945.87, 92, 84, 18391356
1.95, 40.69, 23.55, 958.12, 92, 84, 18403180
1.96, 41.34, 23.33, 964.53, 92, 84, 18415012
1.96, 40.36, 23.57, 951.54, 92, 84, 18426848
1.96, 40.04, 23.52, 941.71, 92, 84, 18438672
1.96, 40.69, 23.14, 941.66, 92, 84, 18450512
1.96, 41.34, 23.30, 963.41, 92, 84, 18462332
1.96, 41.02, 23.49, 963.57, 92, 84, 18474168
1.96, 41.02, 23.41, 960.25, 92, 84, 18485992
1.96, 41.34, 23.22, 960.07, 92, 84, 18497844
1.96, 40.36, 23.30, 940.65, 92, 85, 18509652
1.96, 41.34, 23.38, 966.76, 93, 84, 18521480
1.96, 41.99, 23.14, 971.79, 93, 84, 18533316
1.96, 41.02, 23.52, 964.68, 93, 84, 18545140
1.97, 41.34, 23.30, 963.41, 93, 84, 18556976
1.98, 41.67, 23.36, 973.25, 93, 84, 18568804
1.98, 41.67, 23.28, 969.87, 93, 84, 18580640
1.98, 42.64, 23.41, 998.36, 93, 84, 18592468
1.99, 41.67, 23.33, 972.12, 93, 84, 18604304
1.99, 41.02, 23.28, 954.72, 93, 84, 18616128
1.99, 41.99, 23.22, 975.19, 93, 84, 18627960
1.98, 42.32, 23.03, 974.76, 93, 84, 18639812
1.98, 41.67, 23.52, 979.99, 93, 84, 18651620
1.98, 41.67, 23.28, 969.87, 93, 84, 18663456
1.98, 42.32, 23.25, 983.89, 93, 84, 18675276
1.98, 42.64, 23.38, 997.21, 93, 84, 18687112
1.98, 41.99, 23.17, 972.92, 93, 84, 18698940
1.98, 41.99, 23.33, 979.72, 93, 84, 18710772
1.98, 41.67, 23.17, 965.38, 94, 84, 18722596
1.98, 41.99, 23.60, 991.04, 94, 84, 18734428
1.99, 42.32, 23.25, 983.89, 94, 84, 18746256
1.99, 41.99, 23.52, 987.65, 94, 84, 18758100
2.00, 42.64, 23.41, 998.36, 94, 84, 18769924
2.01, 42.64, 23.52, 1002.96, 94, 84, 18781748
2.01, 42.97, 23.12, 993.23, 94, 84, 18793584
2.01, 43.62, 23.03, 1004.75, 94, 84, 18805408
2.01, 42.97, 23.52, 1010.61, 94, 84, 18817248
2.01, 42.97, 23.36, 1003.66, 94, 84, 18829068
2.01, 42.97, 23.22, 997.87, 94, 84, 18840908
2.01, 42.64, 23.33, 994.91, 94, 84, 18852736
2.01, 43.62, 23.28, 1015.34, 94, 84, 18864564
2.01, 42.97, 23.33, 1002.50, 94, 84, 18876400
2.01, 42.64, 23.41, 998.36, 94, 84, 18888228
2.01, 42.64, 23.55, 1004.11, 94, 84, 18900080
2.01, 43.29, 23.84, 1032.28, 94, 84, 18911892
2.02, 43.95, 23.12, 1015.80, 95, 84, 18923728
2.02, 42.97, 23.60, 1014.09, 95, 84, 18935548
2.02, 43.95, 23.28, 1022.91, 95, 84, 18947388
2.03, 44.27, 22.85, 1011.39, 95, 84, 18959216
2.03, 43.62, 23.28, 1015.34, 95, 84, 18971044
2.03, 43.95, 23.49, 1032.40, 95, 84, 18982884
2.03, 43.95, 23.20, 1019.36, 95, 84, 18994708
2.03, 43.29, 23.57, 1020.61, 95, 84, 19006544
2.04, 44.92, 22.98, 1032.32, 95, 84, 19018372
2.04, 43.62, 23.71, 1034.16, 95, 84, 19030208
2.04, 43.95, 23.44, 1030.03, 95, 84, 19042036
2.03, 43.62, 23.25, 1014.16, 95, 84, 19053872
2.03, 43.62, 23.57, 1028.28, 95, 84, 19065696
2.03, 44.60, 22.71, 1012.81, 95, 84, 19077532
2.03, 43.62, 23.28, 1015.34, 95, 84, 19089364
2.03, 42.97, 23.41, 1005.98, 95, 84, 19101188
2.03, 43.95, 23.12, 1015.80, 95, 84, 19113028
2.03, 43.95, 23.33, 1025.29, 96, 84, 19124852
2.03, 43.95, 23.28, 1022.91, 96, 84, 19136688
2.04, 43.62, 23.60, 1029.46, 96, 84, 19148512
2.04, 45.25, 22.95, 1038.58, 96, 84, 19160348
2.04, 44.27, 23.79, 1053.18, 96, 84, 19172172
2.05, 43.95, 23.65, 1039.51, 96, 84, 19184004
2.05, 43.95, 23.41, 1028.84, 96, 84, 19195840
2.05, 45.57, 23.01, 1048.51, 96, 84, 19207668
2.05, 44.60, 22.98, 1024.84, 96, 84, 19219504
2.06, 44.60, 23.38, 1042.88, 96, 84, 19231328
2.06, 43.95, 23.41, 1028.84, 96, 84, 19243164
2.06, 45.57, 22.76, 1037.45, 96, 84, 19254992
2.06, 44.92, 23.41, 1051.70, 96, 84, 19266828
2.05, 45.57, 23.09, 1052.20, 96, 84, 19278652
2.05, 44.92, 23.76, 1067.46, 96, 84, 19290480
2.05, 44.92, 23.20, 1042.01, 96, 84, 19302312
2.06, 45.25, 23.41, 1059.33, 96, 84, 19314140
2.06, 44.27, 23.52, 1041.24, 97, 84, 19325976
2.05, 44.92, 23.47, 1054.13, 97, 84, 19337800
2.06, 44.92, 23.41, 1051.70, 97, 84, 19349636
2.07, 45.25, 23.20, 1049.56, 97, 84, 19361456
2.07, 44.92, 23.57, 1058.97, 97, 84, 19373296
2.08, 45.25, 23.33, 1055.66, 97, 84, 19385124
2.08, 44.60, 23.79, 1060.92, 97, 84, 19396956
2.07, 44.92, 23.41, 1051.70, 97, 84, 19408784
2.07, 44.92, 23.60, 1060.19, 97, 84, 19420616
2.07, 44.92, 23.60, 1060.19, 97, 84, 19432452
2.07, 45.25, 23.49, 1062.99, 97, 84, 19444276
2.07, 44.92, 23.68, 1063.82, 97, 84, 19456112
2.07, 44.60, 23.71, 1057.31, 97, 84, 19467936
2.07, 44.92, 23.60, 1060.19, 97, 84, 19479772
2.06, 46.22, 23.28, 1075.95, 97, 84, 19491592
2.06, 44.92, 23.65, 1062.61, 97, 84, 19503432
2.06, 46.55, 23.12, 1076.00, 97, 84, 19515260
2.06, 45.90, 23.25, 1067.14, 98, 84, 19527088
2.07, 47.20, 22.90, 1080.86, 98, 84, 19538924
2.07, 47.53, 22.71, 1079.34, 98, 84, 19550752
2.08, 45.57, 23.68, 1079.24, 98, 84, 19562592
2.08, 46.88, 23.36, 1094.90, 98, 84, 19574416
2.09, 47.85, 22.71, 1086.74, 98, 84, 19586252
2.09, 46.22, 23.38, 1080.94, 98, 84, 19598092
2.09, 48.50, 22.74, 1102.83, 98, 84, 19609912
2.09, 47.85, 22.74, 1088.03, 98, 84, 19621740
2.08, 45.90, 23.71, 1088.19, 98, 84, 19633564
2.08, 47.53, 22.98, 1092.16, 98, 84, 19645400
2.09, 47.85, 22.79, 1090.61, 98, 84, 19657228
2.09, 45.90, 23.71, 1088.19, 98, 84, 19669060
2.09, 46.22, 23.82, 1100.89, 98, 84, 19680888
2.09, 47.20, 23.06, 1088.50, 98, 84, 19692724
2.10, 46.22, 23.68, 1094.66, 98, 84, 19704544
2.09, 48.50, 22.60, 1096.29, 98, 84, 19716380
2.09, 47.85, 22.98, 1099.64, 99, 84, 19728204
2.09, 45.90, 23.65, 1085.71, 99, 84, 19740052
2.09, 46.55, 23.60, 1098.60, 99, 84, 19751872
2.09, 46.88, 23.52, 1102.49, 99, 84, 19763696
2.09, 46.88, 23.47, 1099.96, 99, 84, 19775536
2.11, 48.18, 23.14, 1114.92, 99, 84, 19787360
2.10, 48.50, 22.68, 1100.21, 99, 84, 19799192
2.11, 46.88, 23.74, 1112.60, 99, 84, 19811020
2.11, 46.55, 23.60, 1098.60, 99, 84, 19822852
2.11, 48.18, 23.17, 1116.22, 99, 84, 19834680
2.11, 49.15, 22.76, 1118.96, 99, 84, 19846508
2.11, 46.88, 23.55, 1103.75, 99, 84, 19858352
2.11, 47.53, 23.33, 1108.83, 99, 84, 19870168
2.11, 46.88, 23.60, 1106.28, 99, 84, 19882000
2.10, 47.53, 23.49, 1116.52, 99, 84, 19893828
2.11, 49.48, 22.60, 1118.36, 99, 84, 19905664
2.10, 47.53, 23.47, 1115.24, 99, 84, 19917492
2.11, 48.18, 23.28, 1121.42, 100, 84, 19929328
2.11, 48.83, 22.79, 1112.87, 100, 84, 19941152
2.11, 49.48, 23.03, 1139.72, 100, 84, 19952980
2.12, 47.20, 23.71, 1119.06, 100, 84, 19964816
2.13, 48.50, 23.52, 1140.77, 100, 84, 19976644
2.15, 50.78, 22.63, 1149.16, 100, 84, 19988488
2.14, 47.53, 23.68, 1125.49, 100, 84, 20000324
2.15, 48.83, 23.38, 1141.84, 100, 84, 20012148
2.15, 50.46, 22.63, 1141.80, 100, 84, 20023972
2.15, 49.15, 23.36, 1148.13, 100, 84, 20035808
2.16, 50.78, 22.74, 1154.64, 100, 84, 20047628
2.16, 50.78, 22.63, 1149.16, 100, 84, 20059468
2.15, 48.83, 23.47, 1145.79, 100, 84, 20071288
2.15, 50.13, 23.09, 1157.42, 100, 84, 20083120
2.15, 51.11, 22.58, 1153.77, 100, 84, 20094956
2.15, 51.43, 22.55, 1159.73, 100, 84, 20106780
2.15, 51.11, 22.58, 1153.77, 100, 84, 20118616
2.15, 48.18, 23.74, 1143.51, 100, 84, 20130440
2.15, 50.78, 22.52, 1143.68, 100, 84, 20142276
2.14, 50.13, 22.87, 1146.60, 100, 84, 20154104
2.14, 50.13, 23.09, 1157.42, 100, 84, 20165940
2.14, 50.13, 23.01, 1153.36, 100, 84, 20177764
2.14, 50.78, 22.93, 1164.23, 100, 84, 20189596
2.15, 49.80, 23.09, 1149.90, 100, 84, 20201436
2.15, 48.83, 23.49, 1147.11, 100, 84, 20213256
2.15, 49.48, 23.47, 1161.07, 100, 84, 20225092
2.15, 51.43, 22.63, 1163.90, 100, 84, 20236920
2.15, 51.11, 22.60, 1155.15, 100, 84, 20248752
2.15, 50.78, 22.60, 1147.79, 100, 84, 20260576
2.14, 48.18, 23.74, 1143.51, 100, 84, 20272412
2.14, 51.11, 22.74, 1162.04, 100, 84, 20284236
2.14, 48.83, 23.71, 1157.64, 100, 84, 20296064
2.14, 50.78, 22.85, 1160.12, 100, 84, 20307904
2.14, 49.15, 23.33, 1146.80, 100, 84, 20319728
2.14, 51.43, 22.66, 1165.28, 100, 84, 20331568
2.15, 51.11, 22.58, 1153.77, 100, 84, 20343392
2.14, 51.11, 22.60, 1155.15, 100, 84, 20355224
2.14, 51.11, 22.58, 1153.77, 100, 84, 20367048
2.14, 50.78, 22.74, 1154.64, 100, 84, 20378884
2.14, 48.18, 23.68, 1140.91, 100, 84, 20390712
2.14, 49.15, 23.57, 1158.73, 100, 84, 20402540
2.14, 50.46, 23.09, 1164.93, 100, 84, 20414372
2.14, 48.50, 23.65, 1147.31, 100, 84, 20426200
2.14, 49.80, 23.09, 1149.90, 100, 84, 20438040
2.14, 48.83, 23.33, 1139.21, 100, 84, 20449864
2.14, 49.15, 23.17, 1138.85, 100, 84, 20461704
2.14, 49.48, 23.33, 1154.40, 100, 84, 20473528
2.14, 49.80, 23.03, 1147.21, 100, 84, 20485364
2.14, 48.18, 23.52, 1133.11, 100, 84, 20497192
2.14, 50.46, 22.47, 1133.63, 100, 84, 20509024
2.13, 48.18, 23.74, 1143.51, 100, 84, 20520856
2.14, 51.11, 22.66, 1157.91, 100, 84, 20532688
2.14, 48.50, 23.47, 1138.15, 100, 84, 20544520
2.14, 50.46, 22.98, 1159.49, 100, 84, 20556348
2.14, 49.80, 22.93, 1141.84, 100, 84, 20568184
2.14, 48.18, 23.65, 1139.61, 100, 84, 20580012
2.14, 49.48, 23.25, 1150.39, 100, 84, 20591848
2.14, 48.50, 23.52, 1140.77, 100, 84, 20603672
2.13, 49.15, 23.47, 1153.43, 100, 84, 20615504
2.13, 48.50, 23.47, 1138.15, 100, 84, 20627328
2.13, 49.48, 23.22, 1149.06, 100, 84, 20639160
2.13, 50.78, 22.71, 1153.27, 100, 84, 20650996
2.13, 50.78, 22.76, 1156.01, 100, 84, 20662820
2.13, 50.78, 22.52, 1143.68, 100, 84, 20674660
2.13, 51.11, 22.55, 1152.39, 100, 84, 20686480
2.13, 47.85, 23.60, 1129.33, 100, 84, 20698332
2.13, 50.46, 22.66, 1143.16, 100, 84, 20710140
2.13, 50.78, 22.52, 1143.68, 100, 84, 20721976
2.13, 49.15, 23.30, 1145.47, 100, 84, 20733800
2.13, 48.50, 23.47, 1138.15, 100, 84, 20745628
2.12, 48.50, 23.47, 1138.15, 100, 84, 20757468
2.12, 48.18, 23.60, 1137.01, 100, 84, 20769288
2.12, 49.15, 23.22, 1141.50, 100, 84, 20781128
2.12, 49.80, 23.06, 1148.56, 100, 84, 20792952
2.12, 49.80, 23.06, 1148.56, 100, 84, 20804788
2.12, 50.46, 22.76, 1148.60, 100, 84, 20816616
2.12, 50.46, 22.66, 1143.16, 100, 84, 20828448
2.12, 50.13, 22.44, 1124.96, 100, 84, 20840288
2.12, 48.50, 23.33, 1131.61, 100, 84, 20852108
2.11, 48.18, 23.55, 1134.41, 100, 84, 20863944
2.11, 49.48, 22.90, 1133.04, 100, 84, 20875768
2.11, 49.80, 22.71, 1131.09, 100, 84, 20887608
2.11, 48.50, 23.28, 1128.99, 100, 84, 20899432
2.11, 47.85, 23.57, 1128.04, 100, 84, 20911268
2.10, 50.13, 22.90, 1147.95, 100, 84, 20923092
2.11, 47.85, 23.63, 1130.62, 0, 84, 20934932
2.10, 46.55, 23.57, 1097.34, 0, 84, 20946756
2.06, 41.67, 24.73, 1030.56, 0, 84, 20958588
1.71, 36.13, 23.38, 844.96, 0, 84, 20970412
1.14, 33.53, 23.92, 802.15, 0, 84, 20982244
0.77, 28.65, 24.17, 692.29, 0, 84, 20994084
0.47, 26.37, 24.01, 632.95, 0, 84, 21005904
0.27, 23.76, 24.17, 574.28, 0, 84, 21017740
0.14, 21.16, 24.01, 507.92, 0, 84, 21029560
0.04, 18.88, 24.01, 453.22, 0, 84, 21041400
0.03, 17.25, 24.01, 414.15, 0, 84, 21053224
0.00, 10.09, 24.03, 242.51, 0, 84, 21112372
0.00, 6.18, 24.03, 148.64, 0, 84, 21171532
0.00, 4.88, 24.03, 117.34, 0, 84, 21195192
0.00, 3.91, 24.03, 93.88, 0, 84, 21218856
