0.00, 1.30, 25.06, 32.63, 6, 84, 1167188
0.00, 0.65, 25.22, 16.42, 6, 84, 1202672
0.02, 1.30, 25.06, 32.63, 7, 84, 1226332
0.01, 1.30, 25.06, 32.63, 7, 84, 1238172
0.00, 0.98, 25.03, 24.44, 7, 84, 1249996
0.01, 0.98, 25.06, 24.47, 7, 84, 1261832
0.02, 0.98, 25.06, 24.47, 7, 84, 1273656
0.02, 0.98, 25.06, 24.47, 7, 84, 1285484
0.01, 0.65, 25.06, 16.31, 7, 84, 1297312
0.01, 0.65, 25.06, 16.31, 7, 84, 1309148
0.01, 0.65, 25.06, 16.31, 7, 84, 1320984
0.02, 0.65, 25.03, 16.30, 7, 84, 1332808
0.02, 0.33, 25.06, 8.16, 7, 84, 1344648
0.01, 0.33, 25.06, 8.16, 7, 84, 1356472
0.01, 0.33, 25.06, 8.16, 7, 84, 1368304
0.01, 0.33, 25.06, 8.16, 7, 84, 1380128
0.02, 0.33, 25.06, 8.16, 7, 84, 1391956
0.02, -0.00, 25.00, -0.00, 7, 84, 1403788
0.02, 0.33, 25.03, 8.15, 7, 84, 1415616
0.01, -0.00, 25.06, -0.00, 8, 84, 1427452
0.02, 0.33, 25.06, 8.16, 8, 84, 1439276
0.03, 0.33, 25.06, 8.16, 8, 84, 1451108
0.03, -0.98, 25.25, -24.65, 8, 84, 1462948
0.03, 0.33, 25.06, 8.16, 8, 85, 1474772
0.03, 0.33, 25.06, 8.16, 8, 84, 1486596
0.03, 0.33, 25.06, 8.16, 8, 84, 1498432
0.03, 0.33, 25.06, 8.16, 8, 84, 1510256
0.04, 0.33, 25.06, 8.16, 8, 84, 1522092
0.04, 0.33, 25.06, 8.16, 8, 84, 1533924
0.04, 0.33, 25.06, 8.16, 8, 84, 1545752
0.04, 0.33, 25.06, 8.16, 8, 84, 1557592
0.05, 0.33, 25.06, 8.16, 8, 84, 1569416
0.05, 0.33, 25.06, 8.16, 8, 84, 1581252
0.05, 0.33, 25.06, 8.16, 8, 84, 1593076
0.05, 0.33, 25.06, 8.16, 8, 84, 1604912
0.06, 0.33, 24.98, 8.13, 8, 84, 1616732
0.06, 0.33, 25.03, 8.15, 9, 84, 1628564
0.05, 0.33, 24.98, 8.13, 9, 84, 1640404
0.06, 0.33, 25.06, 8.16, 9, 84, 1652224
0.06, 0.33, 24.92, 8.11, 9, 84, 1664076
0.06, 0.33, 25.06, 8.16, 9, 84, 1675884
0.06, 0.33, 25.06, 8.16, 9, 84, 1687720
0.07, 0.33, 25.06, 8.16, 9, 84, 1699540
0.07, 0.33, 25.06, 8.16, 9, 84, 1711380
0.07, -0.98, 25.19, -24.60, 9, 84, 1723216
0.08, 0.33, 25.03, 8.15, 9, 84, 1735032
0.07, 0.33, 25.06, 8.16, 9, 84, 1746860
0.08, 0.33, 25.06, 8.16, 9, 84, 1758688
0.09, 0.33, 25.06, 8.16, 9, 84, 1770524
0.08, -0.00, 25.11, -0.00, 9, 84, 1782348
0.08, 0.33, 25.03, 8.15, 9, 84, 1794188
0.10, 0.33, 25.06, 8.16, 9, 84, 1806008
0.08, 0.33, 25.06, 8.16, 9, 84, 1817840
0.09, 0.33, 25.06, 8.16, 10, 84, 1829664
0.10, 0.33, 24.98, 8.13, 10, 84, 1841496
0.08, 0.33, 25.06, 8.16, 10, 84, 1853328
0.10, 0.33, 25.06, 8.16, 10, 84, 1865156
0.11, 0.33, 25.06, 8.16, 10, 84, 1876988
0.09, 0.33, 25.00, 8.14, 10, 84, 1888816
0.11, 0.33, 25.06, 8.16, 10, 84, 1900648
0.11, 0.33, 25.06, 8.16, 10, 84, 1912472
0.09, 0.65, 25.06, 16.31, 10, 84, 1924320
0.13, 0.65, 25.06, 16.31, 10, 84, 1936132
0.10, 0.65, 25.06, 16.31, 10, 84, 1947968
0.11, 0.65, 25.03, 16.30, 10, 84, 1959788
0.14, 0.65, 25.06, 16.31, 10, 84, 1971616
0.09, -0.33, 25.17, -8.19, 10, 84, 1983452
0.14, 0.65, 24.95, 16.24, 10, 85, 1995276
0.12, 0.65, 25.06, 16.31, 10, 84, 2007108
0.10, 0.65, 25.06, 16.31, 10, 84, 2018936
0.15, 0.65, 25.03, 16.30, 11, 84, 2030772
0.10, 0.33, 25.17, 8.19, 11, 84, 2042600
0.13, 0.65, 25.06, 16.31, 11, 84, 2054436
0.14, 0.65, 24.87, 16.19, 11, 84, 2066260
0.11, 0.65, 25.06, 16.31, 11, 84, 2078092
0.16, 0.65, 25.06, 16.31, 11, 84, 2089928
0.12, 0.65, 25.00, 16.28, 11, 84, 2101752
0.14, 0.65, 25.06, 16.31, 11, 84, 2113592
0.15, 0.65, 25.06, 16.31, 11, 84, 2125416
0.13, 0.65, 25.06, 16.31, 11, 84, 2137252
0.16, 0.65, 25.06, 16.31, 11, 84, 2149076
0.14, 0.65, 24.92, 16.23, 11, 84, 2160912
0.16, 0.65, 25.06, 16.31, 11, 84, 2172736
0.15, 0.65, 24.95, 16.24, 11, 84, 2184568
0.16, 0.65, 25.06, 16.31, 11, 84, 2196396
0.16, 0.65, 25.06, 16.31, 11, 84, 2208228
0.15, 0.65, 25.06, 16.31, 11, 84, 2220060
0.18, 0.65, 25.06, 16.31, 12, 84, 2231880
0.14, -0.00, 25.11, -0.00, 12, 84, 2243720
0.19, 0.65, 25.06, 16.31, 12, 84, 2255544
0.15, 0.65, 25.06, 16.31, 12, 84, 2267376
0.17, 0.65, 25.06, 16.31, 12, 84, 2279200
0.17, 0.65, 25.06, 16.31, 12, 84, 2291032
0.16, -0.00, 25.22, -0.00, 12, 84, 2302864
0.19, 0.65, 25.06, 16.31, 12, 84, 2314688
0.15, 0.65, 25.06, 16.31, 12, 84, 2326524
0.20, 0.65, 25.06, 16.31, 12, 84, 2338352
0.16, 0.65, 25.06, 16.31, 12, 84, 2350184
0.19, 0.65, 25.06, 16.31, 12, 84, 2362008
0.17, 0.98, 25.06, 24.47, 12, 84, 2373844
0.19, 0.65, 25.06, 16.31, 12, 84, 2385664
0.19, 0.65, 25.03, 16.30, 12, 84, 2397504
0.18, 0.65, 25.06, 16.31, 12, 84, 2409328
0.20, 0.65, 25.03, 16.30, 12, 84, 2421152
0.17, 0.65, 25.06, 16.31, 13, 84, 2432992
0.21, 0.65, 25.03, 16.30, 13, 84, 2444816
0.17, 0.98, 25.06, 24.47, 13, 84, 2456656
0.21, 0.98, 25.06, 24.47, 13, 84, 2468480
0.19, 0.65, 25.06, 16.31, 13, 84, 2480316
0.20, 0.98, 25.06, 24.47, 13, 84, 2492144
0.20, 0.65, 25.08, 16.33, 13, 84, 2503980
0.20, 0.98, 25.06, 24.47, 13, 84, 2515804
0.21, 0.98, 24.87, 24.29, 13, 84, 2527636
0.20, 0.98, 25.06, 24.47, 13, 84, 2539476
0.21, 0.98, 25.03, 24.44, 13, 84, 2551300
0.20, -0.33, 25.25, -8.22, 13, 84, 2563148
0.22, 0.98, 25.06, 24.47, 13, 85, 2574960
0.21, 0.98, 25.03, 24.44, 13, 84, 2586796
0.21, 0.98, 25.06, 24.47, 13, 84, 2598620
0.22, 0.98, 24.95, 24.36, 13, 84, 2610460
0.21, 0.98, 25.08, 24.50, 13, 84, 2622284
0.22, 0.98, 25.06, 24.47, 14, 84, 2634116
0.21, 0.98, 25.03, 24.44, 14, 84, 2645956
0.23, 0.98, 25.06, 24.47, 14, 84, 2657780
0.22, 0.98, 25.06, 24.47, 14, 84, 2669616
0.23, 0.98, 24.90, 24.31, 14, 84, 2681440
0.22, 0.98, 25.06, 24.47, 14, 84, 2693276
0.23, 0.98, 25.03, 24.44, 14, 84, 2705104
0.23, 0.98, 25.06, 24.47, 14, 84, 2716940
0.23, 0.98, 25.06, 24.47, 14, 84, 2728760
0.23, 0.98, 25.06, 24.47, 14, 84, 2740592
0.23, 0.98, 25.03, 24.44, 14, 84, 2752420
0.24, 0.98, 25.06, 24.47, 14, 84, 2764268
0.24, 0.98, 25.03, 24.44, 14, 84, 2776088
0.24, 0.98, 25.03, 24.44, 14, 84, 2787912
0.24, 0.98, 25.06, 24.47, 14, 84, 2799748
0.24, 0.98, 25.03, 24.44, 14, 84, 2811572
0.25, -0.33, 25.22, -8.21, 14, 84, 2823428
0.25, 0.98, 25.06, 24.47, 15, 84, 2835240
0.25, 0.98, 25.06, 24.47, 15, 84, 2847068
0.25, 0.98, 25.00, 24.42, 15, 84, 2858896
0.25, 1.30, 25.06, 32.63, 15, 84, 2870724
0.26, 0.65, 25.11, 16.35, 15, 84, 2882564
0.25, 0.98, 24.95, 24.36, 15, 84, 2894388
0.26, 0.98, 25.06, 24.47, 15, 84, 2906224
0.26, 1.30, 25.06, 32.63, 15, 84, 2918044
0.27, 0.98, 25.06, 24.47, 15, 84, 2929880
0.26, 1.30, 24.98, 32.52, 15, 84, 2941704
0.27, 1.30, 25.06, 32.63, 15, 84, 2953540
0.26, 0.98, 25.06, 24.47, 15, 84, 2965364
0.27, 0.98, 25.06, 24.47, 15, 84, 2977192
0.27, 1.30, 24.95, 32.49, 15, 84, 2989028
0.27, 1.30, 25.03, 32.59, 15, 84, 3000852
0.28, 1.30, 25.06, 32.63, 15, 84, 3012688
0.27, 1.30, 25.03, 32.59, 15, 84, 3024528
0.28, 1.30, 25.03, 32.59, 16, 84, 3036344
0.28, 1.30, 24.95, 32.49, 16, 84, 3048168
0.28, 1.30, 25.06, 32.63, 16, 84, 3060004
0.28, 1.30, 25.06, 32.63, 16, 84, 3071824
0.28, 0.33, 25.17, 8.19, 16, 84, 3083656
0.29, 1.30, 24.98, 32.52, 16, 84, 3095492
0.28, 1.30, 24.84, 32.35, 16, 84, 3107316
0.29, 1.30, 25.06, 32.63, 16, 84, 3119156
0.29, 1.30, 25.06, 32.63, 16, 84, 3130980
0.30, 0.65, 25.14, 16.37, 16, 84, 3142820
0.30, 1.30, 24.95, 32.49, 16, 84, 3154640
0.30, 1.30, 25.03, 32.59, 16, 84, 3166476
0.30, 1.30, 25.06, 32.63, 16, 84, 3178296
0.30, 1.30, 25.06, 32.63, 16, 84, 3190128
0.31, 1.30, 25.06, 32.63, 16, 84, 3201960
0.30, 1.30, 25.06, 32.63, 16, 84, 3213792
0.31, 1.30, 24.95, 32.49, 16, 84, 3225628
0.31, 1.30, 25.03, 32.59, 17, 84, 3237452
0.31, 1.30, 25.06, 32.63, 17, 84, 3249292
0.31, 1.30, 25.06, 32.63, 17, 84, 3261116
0.31, 1.30, 25.06, 32.63, 17, 84, 3272952
0.31, 1.30, 24.98, 32.52, 17, 84, 3284776
0.32, 1.30, 24.92, 32.45, 17, 84, 3296608
0.32, 1.30, 24.90, 32.42, 17, 84, 3308440
0.32, 1.30, 25.03, 32.59, 17, 84, 3320272
0.32, 1.30, 25.06, 32.63, 17, 84, 3332108
0.33, 0.65, 25.11, 16.35, 17, 84, 3343936
0.33, 1.30, 25.06, 32.63, 17, 84, 3355768
0.32, 1.63, 24.98, 40.65, 17, 84, 3367592
0.33, 1.30, 25.03, 32.59, 17, 84, 3379432
0.33, 1.63, 24.84, 40.43, 17, 84, 3391256
0.33, 0.98, 25.22, 24.63, 17, 84, 3403084
0.34, 1.63, 25.06, 40.78, 17, 84, 3414916
0.33, 1.30, 25.06, 32.63, 17, 84, 3426744
0.34, 1.63, 25.06, 40.78, 18, 84, 3438584
0.34, 1.63, 25.06, 40.78, 18, 84, 3450412
0.34, 1.63, 25.03, 40.74, 18, 84, 3462244
0.34, 1.63, 24.98, 40.65, 18, 84, 3474068
0.34, 1.63, 24.92, 40.56, 18, 84, 3485900
0.35, 1.63, 25.03, 40.74, 18, 84, 3497728
0.35, 1.63, 25.03, 40.74, 18, 84, 3509564
0.35, 1.63, 25.00, 40.70, 18, 84, 3521388
0.35, 1.63, 25.03, 40.74, 18, 84, 3533224
0.35, 1.63, 25.06, 40.78, 18, 84, 3545060
0.35, 1.63, 25.03, 40.74, 18, 84, 3556880
0.36, 1.63, 25.06, 40.78, 18, 84, 3568720
0.35, 1.63, 25.06, 40.78, 18, 84, 3580544
0.36, 1.63, 25.06, 40.78, 18, 84, 3592380
0.36, 1.30, 25.11, 32.70, 18, 84, 3604204
0.36, 1.63, 25.03, 40.74, 18, 84, 3616044
0.37, 1.63, 25.06, 40.78, 18, 84, 3627868
0.36, 1.63, 25.03, 40.74, 19, 84, 3639700
0.37, 1.63, 25.03, 40.74, 19, 84, 3651536
0.37, 0.33, 25.08, 8.17, 19, 84, 3663376
0.37, 1.63, 25.03, 40.74, 19, 84, 3675196
0.37, 1.63, 25.03, 40.74, 19, 84, 3687020
0.38, 1.63, 24.95, 40.61, 19, 84, 3698860
0.37, 1.63, 25.03, 40.74, 19, 84, 3710684
0.38, 1.63, 24.92, 40.56, 19, 84, 3722524
0.38, 1.95, 25.00, 48.83, 19, 84, 3734348
0.38, 1.63, 24.98, 40.65, 19, 84, 3746180
0.39, 1.63, 24.98, 40.65, 19, 84, 3758016
0.39, 1.95, 25.03, 48.89, 19, 84, 3769840
0.39, 1.63, 24.92, 40.56, 19, 84, 3781676
0.40, 1.63, 25.03, 40.74, 19, 84, 3793500
0.39, 1.95, 25.03, 48.89, 19, 84, 3805336
0.39, 1.95, 25.03, 48.89, 19, 84, 3817156
0.40, 1.95, 25.06, 48.94, 19, 84, 3828992
0.39, 1.95, 25.06, 48.94, 20, 84, 3840816
0.40, 1.95, 25.03, 48.89, 20, 84, 3852648
0.40, 1.95, 24.92, 48.68, 20, 84, 3864496
0.40, 1.95, 25.06, 48.94, 20, 84, 3876308
0.40, 1.95, 25.06, 48.94, 20, 84, 3888144
0.41, 1.95, 25.06, 48.94, 20, 84, 3899972
0.40, 1.95, 25.06, 48.94, 20, 84, 3911804
0.41, 0.65, 25.19, 16.40, 20, 84, 3923648
0.42, 1.95, 25.06, 48.94, 20, 84, 3935464
0.41, 1.95, 25.06, 48.94, 20, 84, 3947292
0.42, 1.95, 25.06, 48.94, 20, 84, 3959120
0.42, 1.95, 25.00, 48.83, 20, 84, 3970952
0.41, 1.63, 24.92, 40.56, 20, 84, 3982780
0.42, 1.95, 24.79, 48.41, 20, 84, 3994616
0.42, 1.95, 24.95, 48.73, 20, 84, 4006436
0.42, 1.95, 24.90, 48.62, 20, 84, 4018276
0.42, 1.95, 25.00, 48.83, 20, 84, 4030104
0.43, 1.95, 25.06, 48.94, 21, 84, 4041936
0.42, 1.95, 25.03, 48.89, 21, 84, 4053764
0.43, 1.95, 25.00, 48.83, 21, 84, 4065600
0.43, 1.95, 25.06, 48.94, 21, 84, 4077428
0.43, 1.95, 25.06, 48.94, 21, 84, 4089260
0.43, 1.95, 25.06, 48.94, 21, 84, 4101096
0.44, 1.95, 25.06, 48.94, 21, 84, 4112920
0.44, 1.95, 25.06, 48.94, 21, 84, 4124772
0.44, 1.95, 25.03, 48.89, 21, 84, 4136580
0.45, 1.95, 25.03, 48.89, 21, 84, 4148420
0.45, 1.95, 24.81, 48.47, 21, 84, 4160240
0.44, 2.28, 24.81, 56.54, 21, 84, 4172080
0.45, 1.30, 25.08, 32.66, 21, 84, 4183908
0.45, 1.95, 25.03, 48.89, 21, 84, 4195736
0.45, 2.28, 25.03, 57.03, 21, 84, 4207576
0.45, 2.28, 25.06, 57.10, 21, 84, 4219404
0.46, 2.28, 25.06, 57.10, 21, 84, 4231240
0.45, 1.30, 25.17, 32.77, 22, 84, 4243064
0.46, 2.28, 25.03, 57.03, 22, 84, 4254904
0.46, 2.28, 24.81, 56.54, 22, 84, 4266728
0.46, 2.28, 24.90, 56.73, 22, 84, 4278564
0.46, 2.28, 25.03, 57.03, 22, 84, 4290392
0.47, 2.28, 25.03, 57.03, 22, 84, 4302224
0.47, 2.28, 25.06, 57.10, 22, 84, 4314060
0.47, 2.28, 25.03, 57.03, 22, 84, 4325880
0.47, 2.28, 24.90, 56.73, 22, 84, 4337716
0.48, 2.28, 25.06, 57.10, 22, 84, 4349540
0.48, 2.28, 25.06, 57.10, 22, 84, 4361380
0.48, 2.28, 25.03, 57.03, 22, 84, 4373204
0.48, 2.28, 24.98, 56.91, 22, 84, 4385040
0.48, 2.28, 24.87, 56.67, 22, 84, 4396864
0.48, 2.28, 25.03, 57.03, 22, 84, 4408696
0.48, 2.28, 25.03, 57.03, 22, 84, 4420524
0.48, 2.28, 25.06, 57.10, 22, 84, 4432352
0.48, 1.63, 25.06, 40.78, 23, 84, 4444188
0.48, 2.28, 25.03, 57.03, 23, 84, 4456016
0.49, 2.28, 25.03, 57.03, 23, 84, 4467852
0.49, 2.28, 25.06, 57.10, 23, 84, 4479676
0.49, 2.28, 25.06, 57.10, 23, 84, 4491512
0.49, 1.95, 24.98, 48.78, 23, 84, 4503336
0.50, 2.28, 24.98, 56.91, 23, 84, 4515164
0.50, 2.28, 25.06, 57.10, 23, 84, 4526996
0.50, 2.28, 25.06, 57.10, 23, 84, 4538824
0.50, 2.60, 25.03, 65.18, 23, 84, 4550660
0.50, 2.28, 24.84, 56.60, 23, 84, 4562488
0.50, 2.60, 25.00, 65.11, 23, 84, 4574324
0.51, 2.60, 25.03, 65.18, 23, 84, 4586144
0.51, 2.60, 25.03, 65.18, 23, 84, 4597980
0.51, 2.60, 24.92, 64.90, 23, 84, 4609808
0.51, 2.60, 24.95, 64.97, 23, 84, 4621640
0.51, 2.60, 25.06, 65.25, 23, 84, 4633468
0.51, 2.60, 25.06, 65.25, 24, 84, 4645300
0.52, 2.60, 24.79, 64.55, 24, 84, 4657136
0.52, 2.60, 25.03, 65.18, 24, 84, 4668960
0.52, 2.60, 25.03, 65.18, 24, 84, 4680800
0.52, 2.60, 25.03, 65.18, 24, 84, 4692620
0.52, 2.28, 24.87, 56.67, 24, 84, 4704456
0.53, 2.60, 25.03, 65.18, 24, 84, 4716284
0.53, 2.60, 25.06, 65.25, 24, 84, 4728120
0.53, 2.60, 24.90, 64.83, 24, 84, 4739948
0.53, 2.60, 24.98, 65.04, 24, 84, 4751780
0.53, 1.30, 25.17, 32.77, 24, 84, 4763632
0.53, 2.60, 25.06, 65.25, 24, 85, 4775436
0.54, 2.60, 24.90, 64.83, 24, 84, 4787276
0.54, 2.60, 25.00, 65.11, 24, 84, 4799104
0.54, 2.60, 25.06, 65.25, 24, 84, 4810940
0.54, 2.28, 25.08, 57.16, 24, 84, 4822764
0.54, 2.60, 24.92, 64.90, 24, 84, 4834600
0.54, 2.60, 25.06, 65.25, 25, 84, 4846424
0.54, 2.60, 25.06, 65.25, 25, 84, 4858260
0.54, 2.60, 25.06, 65.25, 25, 84, 4870096
0.55, 2.60, 24.90, 64.83, 25, 84, 4881928
0.55, 2.60, 25.03, 65.18, 25, 84, 4893764
0.55, 2.93, 25.06, 73.41, 25, 84, 4905588
0.55, 2.93, 24.81, 72.70, 25, 84, 4917428
0.56, 2.93, 25.06, 73.41, 25, 84, 4929252
0.56, 2.93, 25.06, 73.41, 25, 84, 4941092
0.56, 2.93, 24.81, 72.70, 25, 84, 4952916
0.56, 2.93, 24.90, 72.94, 25, 84, 4964760
0.56, 2.93, 25.06, 73.41, 25, 84, 4976584
0.57, 2.93, 24.98, 73.17, 25, 84, 4988404
0.57, 2.93, 24.84, 72.78, 25, 84, 5000244
0.57, 2.93, 25.06, 73.41, 25, 84, 5012064
0.57, 1.63, 25.19, 41.00, 25, 84, 5023900
0.57, 2.93, 24.95, 73.09, 25, 84, 5035728
0.57, 2.93, 25.06, 73.41, 26, 84, 5047564
0.57, 2.93, 24.84, 72.78, 26, 84, 5059384
0.57, 2.93, 24.98, 73.17, 26, 84, 5071220
0.58, 2.60, 25.17, 65.53, 26, 84, 5083048
0.58, 2.93, 24.79, 72.62, 26, 84, 5094880
0.58, 2.93, 25.03, 73.33, 26, 84, 5106712
0.58, 2.93, 25.03, 73.33, 26, 84, 5118536
0.58, 2.93, 24.87, 72.86, 26, 84, 5130376
0.59, 2.93, 25.06, 73.41, 26, 84, 5142200
0.59, 2.93, 25.00, 73.25, 26, 84, 5154036
0.59, 2.93, 25.03, 73.33, 26, 84, 5165860
0.59, 2.93, 25.06, 73.41, 26, 84, 5177692
0.59, 2.93, 24.79, 72.62, 26, 84, 5189520
0.59, 2.93, 25.06, 73.41, 26, 84, 5201348
0.60, 2.93, 25.03, 73.33, 26, 84, 5213188
0.60, 2.93, 24.79, 72.62, 26, 84, 5225032
0.60, 2.93, 25.03, 73.33, 26, 84, 5236852
0.60, 2.93, 24.90, 72.94, 27, 84, 5248676
0.60, 2.93, 25.03, 73.33, 27, 84, 5260512
0.60, 3.26, 24.98, 81.30, 27, 84, 5272340
0.60, 2.60, 25.06, 65.25, 27, 84, 5284172
0.61, 3.26, 25.06, 81.57, 27, 84, 5296004
0.61, 3.26, 24.84, 80.86, 27, 84, 5307840
0.61, 3.26, 25.03, 81.48, 27, 84, 5319676
0.61, 3.26, 25.00, 81.39, 27, 84, 5331504
0.61, 2.60, 25.06, 65.25, 27, 84, 5343340
0.62, 3.26, 25.06, 81.57, 27, 84, 5355168
0.62, 3.26, 24.79, 80.69, 27, 84, 5367008
0.62, 3.26, 25.06, 81.57, 27, 84, 5378832
0.62, 3.26, 25.03, 81.48, 27, 84, 5390664
0.62, 3.26, 25.00, 81.39, 27, 84, 5402500
0.62, 3.26, 25.06, 81.57, 27, 84, 5414332
0.62, 3.26, 24.81, 80.78, 27, 84, 5426168
0.63, 3.26, 25.06, 81.57, 27, 84, 5437992
0.63, 3.26, 24.79, 80.69, 28, 84, 5449832
0.63, 3.26, 25.06, 81.57, 28, 84, 5461656
0.63, 3.26, 25.03, 81.48, 28, 84, 5473496
0.63, 3.26, 25.03, 81.48, 28, 84, 5485320
0.63, 3.26, 25.03, 81.48, 28, 84, 5497152
0.64, 3.26, 25.00, 81.39, 28, 84, 5508980
0.64, 3.26, 25.03, 81.48, 28, 84, 5520808
0.64, 3.26, 24.87, 80.95, 28, 84, 5532644
0.64, 2.60, 25.11, 65.39, 28, 84, 5544468
0.64, 3.26, 24.73, 80.51, 28, 84, 5556304
0.64, 3.26, 25.03, 81.48, 28, 84, 5568132
0.65, 3.26, 25.03, 81.48, 28, 84, 5579968
0.65, 3.26, 25.03, 81.48, 28, 84, 5591796
0.65, 2.28, 25.22, 57.47, 28, 84, 5603652
0.65, 3.26, 25.03, 81.48, 28, 85, 5615460
0.65, 3.26, 25.06, 81.57, 28, 84, 5627296
0.65, 3.58, 24.79, 88.76, 28, 84, 5639132
0.65, 3.58, 25.06, 89.72, 29, 84, 5650956
0.65, 3.26, 24.92, 81.13, 29, 84, 5662792
0.65, 3.58, 25.03, 89.63, 29, 84, 5674616
0.66, 3.58, 24.84, 88.95, 29, 84, 5686456
0.66, 3.58, 25.06, 89.72, 29, 84, 5698280
0.66, 3.58, 24.90, 89.14, 29, 84, 5710116
0.66, 3.58, 25.03, 89.63, 29, 84, 5721948
0.67, 3.58, 24.87, 89.05, 29, 84, 5733776
0.67, 3.58, 25.03, 89.63, 29, 84, 5745616
0.67, 3.58, 24.90, 89.14, 29, 84, 5757440
0.67, 3.58, 25.03, 89.63, 29, 84, 5769276
0.67, 3.58, 25.00, 89.53, 29, 84, 5781100
0.67, 3.58, 25.00, 89.53, 29, 84, 5792940
0.68, 3.26, 25.00, 81.39, 29, 84, 5804764
0.68, 3.58, 25.03, 89.63, 29, 84, 5816600
0.68, 3.58, 24.90, 89.14, 29, 84, 5828428
0.68, 3.58, 25.03, 89.63, 29, 84, 5840260
0.68, 3.58, 25.00, 89.53, 30, 84, 5852096
0.68, 2.28, 25.17, 57.34, 30, 84, 5863940
0.68, 3.58, 25.00, 89.53, 30, 84, 5875764
0.68, 3.58, 25.03, 89.63, 30, 84, 5887592
0.69, 3.58, 25.00, 89.53, 30, 84, 5899432
0.69, 3.58, 25.03, 89.63, 30, 84, 5911252
0.69, 3.26, 25.11, 81.74, 30, 84, 5923092
0.69, 3.58, 25.03, 89.63, 30, 84, 5934916
0.69, 3.58, 24.73, 88.56, 30, 84, 5946748
0.70, 3.58, 25.03, 89.63, 30, 84, 5958588
0.70, 3.91, 24.79, 96.83, 30, 84, 5970412
0.70, 3.91, 25.03, 97.77, 30, 84, 5982252
0.70, 3.91, 24.73, 96.62, 30, 84, 5994076
0.70, 3.91, 25.03, 97.77, 30, 84, 6005912
0.70, 3.91, 24.71, 96.51, 30, 84, 6017736
0.70, 3.91, 25.03, 97.77, 30, 84, 6029576
0.71, 3.91, 25.00, 97.67, 30, 84, 6041400
0.71, 3.91, 25.03, 97.77, 31, 84, 6053228
0.71, 3.91, 24.68, 96.40, 31, 84, 6065084
0.71, 3.91, 25.00, 97.67, 31, 85, 6076892
0.71, 3.91, 25.00, 97.67, 31, 84, 6088728
0.71, 3.91, 24.76, 96.72, 31, 84, 6100548
0.71, 3.91, 25.03, 97.77, 31, 84, 6112388
0.72, 2.60, 24.92, 64.90, 31, 84, 6124212
0.72, 3.91, 25.03, 97.77, 31, 84, 6136048
0.72, 3.91, 25.00, 97.67, 31, 84, 6147872
0.72, 3.91, 25.00, 97.67, 31, 84, 6159704
0.72, 3.91, 25.06, 97.88, 31, 84, 6171536
0.73, 3.26, 24.95, 81.22, 31, 84, 6183364
0.73, 3.91, 25.06, 97.88, 31, 84, 6195200
0.73, 3.91, 25.03, 97.77, 31, 84, 6207028
0.73, 3.91, 25.03, 97.77, 31, 84, 6218864
0.73, 3.91, 25.03, 97.77, 31, 84, 6230692
0.73, 3.91, 24.84, 97.04, 31, 84, 6242524
0.73, 3.91, 25.00, 97.67, 32, 84, 6254352
0.74, 3.91, 24.98, 97.56, 32, 84, 6266188
0.74, 3.91, 24.76, 96.72, 32, 84, 6278012
0.74, 3.91, 25.03, 97.77, 32, 84, 6289844
0.74, 3.91, 24.90, 97.25, 32, 84, 6301680
0.74, 3.91, 24.90, 97.25, 32, 84, 6313504
0.74, 4.23, 24.92, 105.47, 32, 84, 6325356
0.75, 4.23, 24.79, 104.89, 32, 84, 6337168
0.75, 4.23, 25.06, 106.04, 32, 84, 6349004
0.75, 3.91, 25.03, 97.77, 32, 84, 6360832
0.75, 4.23, 25.00, 105.81, 32, 84, 6372668
0.75, 3.58, 25.14, 90.01, 32, 84, 6384496
0.75, 4.23, 24.92, 105.47, 32, 84, 6396324
0.76, 4.23, 25.06, 106.04, 32, 84, 6408164
0.76, 4.23, 25.03, 105.92, 32, 84, 6419988
0.76, 4.23, 24.73, 104.67, 32, 84, 6431820
0.76, 3.58, 25.22, 90.30, 32, 84, 6443644
0.76, 4.23, 24.90, 105.35, 33, 84, 6455484
0.76, 4.23, 24.71, 104.55, 33, 84, 6467308
0.76, 4.23, 25.06, 106.04, 33, 84, 6479144
0.76, 4.23, 24.92, 105.47, 33, 84, 6490972
0.76, 4.23, 25.00, 105.81, 33, 84, 6502804
0.77, 4.23, 25.03, 105.92, 33, 84, 6514640
0.77, 4.23, 24.79, 104.89, 33, 84, 6526468
0.77, 4.23, 25.03, 105.92, 33, 84, 6538308
0.78, 4.23, 24.92, 105.47, 33, 84, 6550132
0.78, 4.23, 24.95, 105.58, 33, 84, 6561976
0.78, 4.23, 25.03, 105.92, 33, 84, 6573800
0.78, 4.23, 24.87, 105.24, 33, 84, 6585636
0.78, 4.23, 24.87, 105.24, 33, 84, 6597464
0.78, 4.23, 25.06, 106.04, 33, 84, 6609296
0.79, 4.23, 24.90, 105.35, 33, 84, 6621132
0.79, 4.23, 25.00, 105.81, 33, 84, 6632956
0.79, 3.91, 25.08, 97.98, 33, 84, 6644792
0.79, 4.23, 25.03, 105.92, 34, 84, 6656616
0.79, 4.23, 24.87, 105.24, 34, 84, 6668456
0.79, 4.23, 25.03, 105.92, 34, 84, 6680280
0.79, 4.23, 24.98, 105.69, 34, 84, 6692116
0.79, 3.26, 25.19, 82.01, 34, 84, 6703956
0.80, 4.56, 25.06, 114.19, 34, 84, 6715772
0.80, 4.56, 25.03, 114.07, 34, 84, 6727604
0.80, 4.56, 24.84, 113.21, 34, 84, 6739432
0.80, 4.56, 25.03, 114.07, 34, 84, 6751268
0.80, 4.23, 25.06, 106.04, 34, 84, 6763092
0.81, 4.56, 24.73, 112.72, 34, 84, 6774928
0.81, 4.56, 25.03, 114.07, 34, 84, 6786760
0.81, 4.56, 25.03, 114.07, 34, 84, 6798596
0.81, 4.56, 24.92, 113.58, 34, 84, 6810420
0.81, 4.56, 24.76, 112.84, 34, 84, 6822248
0.81, 4.56, 25.03, 114.07, 34, 84, 6834080
0.81, 4.56, 25.03, 114.07, 34, 84, 6845912
0.81, 4.56, 24.73, 112.72, 35, 84, 6857752
0.82, 4.56, 25.00, 113.95, 35, 84, 6869576
0.82, 4.56, 25.00, 113.95, 35, 84, 6881412
0.82, 4.56, 24.79, 112.96, 35, 84, 6893240
0.82, 4.23, 25.03, 105.92, 35, 84, 6905080
0.82, 4.56, 25.03, 114.07, 35, 84, 6916904
0.83, 4.56, 24.90, 113.46, 35, 84, 6928736
0.83, 4.56, 24.65, 112.35, 35, 84, 6940568
0.83, 4.56, 25.03, 114.07, 35, 84, 6952400
0.83, 3.58, 25.17, 90.11, 35, 84, 6964232
0.84, 4.56, 24.84, 113.21, 35, 85, 6976060
0.84, 4.56, 25.03, 114.07, 35, 84, 6987896
0.84, 4.88, 25.03, 122.22, 35, 84, 6999724
0.84, 4.56, 24.98, 113.82, 35, 84, 7011560
0.84, 4.56, 24.95, 113.70, 35, 84, 7023380
0.85, 4.56, 25.00, 113.95, 35, 84, 7035212
0.85, 4.56, 25.03, 114.07, 35, 84, 7047044
0.85, 4.56, 25.00, 113.95, 36, 84, 7058876
0.85, 4.88, 24.76, 120.90, 36, 84, 7070712
0.85, 4.88, 24.98, 121.95, 36, 84, 7082540
0.85, 4.88, 25.03, 122.22, 36, 84, 7094376
0.85, 4.88, 24.98, 121.95, 36, 84, 7106204
0.86, 4.88, 24.68, 120.51, 36, 84, 7118044
0.86, 4.88, 24.76, 120.90, 36, 84, 7129872
0.86, 4.88, 25.03, 122.22, 36, 84, 7141704
0.86, 4.88, 25.03, 122.22, 36, 84, 7153532
0.86, 4.88, 24.84, 121.30, 36, 84, 7165376
0.87, 4.88, 24.71, 120.64, 36, 84, 7177196
0.87, 4.88, 24.92, 121.69, 36, 84, 7189020
0.87, 4.88, 25.03, 122.22, 36, 84, 7200856
0.87, 4.88, 25.03, 122.22, 36, 84, 7212680
0.87, 3.91, 25.00, 97.67, 36, 84, 7224520
0.87, 4.88, 24.79, 121.03, 36, 84, 7236340
0.87, 4.88, 25.03, 122.22, 36, 84, 7248180
0.88, 4.88, 25.06, 122.35, 37, 84, 7260004
0.88, 4.88, 25.03, 122.22, 37, 84, 7271836
0.88, 4.23, 24.98, 105.69, 37, 84, 7283676
0.88, 4.88, 24.76, 120.90, 37, 84, 7295504
0.88, 4.88, 25.03, 122.22, 37, 84, 7307344
0.88, 5.21, 25.03, 130.37, 37, 84, 7319168
0.89, 5.21, 24.98, 130.08, 37, 84, 7331008
0.89, 5.21, 24.84, 129.38, 37, 84, 7342832
0.89, 5.21, 24.87, 129.52, 37, 84, 7354668
0.89, 5.21, 25.00, 130.23, 37, 84, 7366500
0.90, 5.21, 25.03, 130.37, 37, 84, 7378328
0.90, 5.21, 25.00, 130.23, 37, 84, 7390164
0.90, 5.21, 24.81, 129.24, 37, 84, 7401992
0.90, 5.21, 24.68, 128.54, 37, 84, 7413828
0.90, 5.21, 24.65, 128.40, 37, 84, 7425652
0.90, 5.21, 25.03, 130.37, 37, 84, 7437492
0.90, 5.21, 25.03, 130.37, 37, 84, 7449316
0.91, 5.21, 24.95, 129.94, 38, 84, 7461156
0.91, 5.21, 24.90, 129.66, 38, 84, 7472984
0.91, 4.56, 24.73, 112.72, 38, 84, 7484812
0.91, 5.21, 24.87, 129.52, 38, 84, 7496648
0.91, 5.21, 24.98, 130.08, 38, 84, 7508472
0.91, 5.21, 25.03, 130.37, 38, 84, 7520312
0.92, 5.21, 24.95, 129.94, 38, 84, 7532140
0.92, 3.91, 24.95, 97.46, 38, 84, 7543988
0.92, 5.21, 24.71, 128.68, 38, 84, 7555800
0.92, 5.21, 24.95, 129.94, 38, 84, 7567640
0.92, 5.21, 25.00, 130.23, 38, 84, 7579464
0.92, 5.21, 25.06, 130.51, 38, 84, 7591292
0.93, 5.21, 25.06, 130.51, 38, 84, 7603128
0.93, 5.21, 24.98, 130.08, 38, 84, 7614952
0.93, 5.21, 24.76, 128.96, 38, 84, 7626792
0.93, 5.21, 24.81, 129.24, 38, 84, 7638616
0.93, 5.21, 24.87, 129.52, 38, 84, 7650452
0.93, 5.21, 25.03, 130.37, 39, 84, 7662280
0.93, 5.21, 25.03, 130.37, 39, 84, 7674116
0.93, 5.53, 25.03, 138.51, 39, 84, 7685944
0.93, 5.53, 25.00, 138.36, 39, 84, 7697776
0.94, 5.21, 24.76, 128.96, 39, 84, 7709608
0.94, 5.53, 24.76, 137.02, 39, 84, 7721440
0.94, 5.53, 24.87, 137.62, 39, 84, 7733276
0.94, 5.21, 24.92, 129.80, 39, 84, 7745104
0.95, 5.53, 25.03, 138.51, 39, 84, 7756944
0.95, 5.53, 24.98, 138.21, 39, 84, 7768772
0.95, 5.53, 24.92, 137.92, 39, 84, 7780608
0.95, 5.53, 24.92, 137.92, 39, 84, 7792432
0.95, 4.23, 25.19, 106.61, 39, 84, 7804280
0.95, 5.53, 24.81, 137.32, 39, 85, 7816100
0.95, 5.53, 24.84, 137.47, 39, 84, 7827928
0.96, 5.53, 25.03, 138.51, 39, 84, 7839768
0.96, 5.53, 25.03, 138.51, 39, 84, 7851592
0.96, 5.21, 25.11, 130.79, 40, 84, 7863424
0.96, 5.53, 25.00, 138.36, 40, 84, 7875252
0.96, 5.53, 25.00, 138.36, 40, 84, 7887088
0.96, 5.53, 25.00, 138.36, 40, 84, 7898912
0.97, 5.53, 24.87, 137.62, 40, 84, 7910744
0.97, 5.53, 24.87, 137.62, 40, 84, 7922572
0.97, 5.53, 24.84, 137.47, 40, 84, 7934400
0.97, 5.53, 24.65, 136.42, 40, 84, 7946236
0.97, 5.86, 24.65, 144.45, 40, 84, 7958064
0.97, 5.86, 25.00, 146.50, 40, 84, 7969900
0.98, 5.53, 25.03, 138.51, 40, 84, 7981724
0.98, 5.53, 25.03, 138.51, 40, 84, 7993564
0.98, 5.86, 24.90, 145.87, 40, 84, 8005404
0.98, 5.86, 24.92, 146.03, 40, 84, 8017228
0.98, 5.86, 25.00, 146.50, 40, 84, 8029052
0.98, 5.53, 24.92, 137.92, 40, 84, 8040884
0.98, 5.86, 24.84, 145.55, 40, 84, 8052720
0.98, 4.56, 25.00, 113.95, 41, 84, 8064544
0.98, 5.86, 24.68, 144.61, 41, 84, 8076380
0.98, 5.86, 24.68, 144.61, 41, 84, 8088208
0.99, 5.86, 24.65, 144.45, 41, 84, 8100044
0.99, 5.86, 24.68, 144.61, 41, 84, 8111868
0.99, 5.21, 25.14, 130.93, 41, 84, 8123708
0.99, 5.86, 24.76, 145.08, 41, 84, 8135532
1.00, 5.86, 24.84, 145.55, 41, 84, 8147368
1.00, 5.86, 25.00, 146.50, 41, 84, 8159204
1.00, 5.86, 24.84, 145.55, 41, 84, 8171028
1.00, 5.86, 25.03, 146.66, 41, 84, 8182868
1.01, 5.86, 25.00, 146.50, 41, 84, 8194692
1.01, 5.86, 25.00, 146.50, 41, 84, 8206524
1.01, 5.86, 25.00, 146.50, 41, 84, 8218352
1.01, 5.86, 25.03, 146.66, 41, 84, 8230192
1.01, 5.86, 25.00, 146.50, 41, 84, 8242016
1.01, 5.86, 25.03, 146.66, 41, 84, 8253852
1.01, 5.86, 24.92, 146.03, 42, 84, 8265704
1.01, 5.86, 25.03, 146.66, 42, 85, 8277512
1.02, 5.86, 25.00, 146.50, 42, 84, 8289352
1.02, 5.86, 25.00, 146.50, 42, 84, 8301176
1.02, 6.18, 25.00, 154.64, 42, 84, 8313012
1.02, 5.21, 25.14, 130.93, 42, 84, 8324840
1.02, 6.18, 24.98, 154.48, 42, 84, 8336676
1.03, 6.18, 25.00, 154.64, 42, 84, 8348500
1.03, 6.18, 25.00, 154.64, 42, 84, 8360336
1.03, 6.18, 25.00, 154.64, 42, 84, 8372172
1.03, 5.21, 25.06, 130.51, 42, 84, 8384012
1.03, 6.18, 25.00, 154.64, 42, 84, 8395832
1.03, 6.18, 24.98, 154.48, 42, 84, 8407656
1.03, 6.18, 24.98, 154.48, 42, 84, 8419496
1.03, 6.18, 25.00, 154.64, 42, 84, 8431320
1.04, 6.18, 25.00, 154.64, 42, 84, 8443156
1.04, 6.18, 25.03, 154.81, 42, 84, 8454980
1.04, 6.18, 25.00, 154.64, 43, 84, 8466812
1.04, 6.18, 25.03, 154.81, 43, 84, 8478636
1.04, 6.18, 25.03, 154.81, 43, 84, 8490468
1.04, 6.18, 25.03, 154.81, 43, 84, 8502304
1.05, 6.18, 24.87, 153.81, 43, 84, 8514128
1.05, 6.18, 25.00, 154.64, 43, 84, 8525964
1.05, 6.18, 25.03, 154.81, 43, 84, 8537788
1.05, 6.18, 24.98, 154.48, 43, 84, 8549624
1.06, 6.18, 24.68, 152.64, 43, 84, 8561448
1.06, 6.18, 24.81, 153.47, 43, 84, 8573284
1.06, 5.53, 24.81, 137.32, 43, 84, 8585112
1.06, 6.51, 24.87, 161.90, 43, 84, 8596944
1.06, 6.51, 24.84, 161.73, 43, 84, 8608780
1.06, 6.51, 24.68, 160.67, 43, 84, 8620608
1.06, 6.51, 24.71, 160.85, 43, 84, 8632448
1.07, 5.21, 25.19, 131.21, 43, 84, 8644288
1.07, 6.51, 24.63, 160.32, 43, 84, 8656108
1.07, 6.51, 24.73, 161.03, 44, 84, 8667936
1.07, 6.51, 24.71, 160.85, 44, 84, 8679768
1.07, 6.51, 24.76, 161.20, 44, 84, 8691600
1.07, 6.18, 24.76, 153.14, 44, 84, 8703432
1.08, 6.51, 24.65, 160.50, 44, 84, 8715268
1.08, 6.51, 24.81, 161.55, 44, 84, 8727092
1.08, 6.51, 24.76, 161.20, 44, 84, 8738928
1.08, 6.51, 24.95, 162.43, 44, 84, 8750752
1.08, 6.51, 24.98, 162.61, 44, 84, 8762592
1.08, 6.51, 25.03, 162.96, 44, 84, 8774412
1.09, 6.51, 25.03, 162.96, 44, 84, 8786248
1.09, 6.51, 25.00, 162.78, 44, 84, 8798072
1.09, 6.51, 25.00, 162.78, 44, 84, 8809900
1.09, 6.51, 24.98, 162.61, 44, 84, 8821736
1.09, 6.51, 24.98, 162.61, 44, 84, 8833560
1.09, 6.18, 25.03, 154.81, 44, 84, 8845396
1.09, 6.51, 24.60, 160.15, 44, 84, 8857224
1.09, 6.51, 24.68, 160.67, 45, 84, 8869056
1.09, 6.51, 24.73, 161.03, 45, 84, 8880884
1.09, 6.51, 24.71, 160.85, 45, 84, 8892720
1.10, 5.53, 24.98, 138.21, 45, 84, 8904548
1.10, 6.84, 24.81, 169.63, 45, 84, 8916380
1.10, 6.84, 24.87, 170.00, 45, 84, 8928216
1.11, 6.84, 25.00, 170.92, 45, 84, 8940040
1.11, 6.84, 25.00, 170.92, 45, 84, 8951876
1.11, 6.51, 25.11, 163.48, 45, 84, 8963700
1.11, 6.84, 25.03, 171.10, 45, 84, 8975540
1.12, 6.84, 25.03, 171.10, 45, 84, 8987364
1.12, 6.84, 25.00, 170.92, 45, 84, 8999204
1.12, 6.84, 24.84, 169.81, 45, 84, 9011032
1.12, 6.84, 24.68, 168.71, 45, 84, 9022864
1.12, 6.84, 24.76, 169.26, 45, 84, 9034700
1.12, 6.84, 24.68, 168.71, 45, 84, 9046524
1.12, 6.84, 24.71, 168.89, 45, 84, 9058364
1.12, 6.84, 24.84, 169.81, 46, 84, 9070188
1.13, 6.84, 24.98, 170.74, 46, 84, 9082024
1.13, 6.84, 25.00, 170.92, 46, 84, 9093852
1.13, 6.84, 24.79, 169.45, 46, 84, 9105704
1.13, 6.84, 25.00, 170.92, 46, 85, 9117516
1.14, 7.16, 25.00, 179.06, 46, 84, 9129348
1.14, 6.84, 24.71, 168.89, 46, 84, 9141184
1.14, 7.16, 24.65, 176.55, 46, 84, 9153008
1.14, 5.86, 24.90, 145.87, 46, 84, 9164848
1.14, 7.16, 24.84, 177.90, 46, 84, 9176672
1.14, 7.16, 24.95, 178.67, 46, 84, 9188512
1.14, 7.16, 25.00, 179.06, 46, 84, 9200340
1.15, 7.16, 25.00, 179.06, 46, 84, 9212180
1.15, 6.51, 25.17, 163.83, 46, 84, 9224000
1.15, 7.16, 24.79, 177.51, 46, 84, 9235832
1.15, 7.16, 24.71, 176.93, 46, 84, 9247668
1.15, 7.16, 24.65, 176.55, 46, 84, 9259500
1.15, 7.16, 24.71, 176.93, 47, 84, 9271336
1.15, 7.16, 24.98, 178.87, 47, 84, 9283156
1.15, 7.16, 25.00, 179.06, 47, 84, 9294996
1.16, 7.16, 25.03, 179.25, 47, 84, 9306820
1.16, 7.16, 25.00, 179.06, 47, 84, 9318656
1.16, 7.16, 24.71, 176.93, 47, 84, 9330488
1.17, 7.16, 24.60, 176.16, 47, 84, 9342316
1.17, 7.16, 24.71, 176.93, 47, 84, 9354148
1.17, 7.16, 24.68, 176.74, 47, 84, 9366000
1.17, 7.16, 24.92, 178.48, 47, 84, 9377820
1.18, 7.49, 25.00, 187.20, 47, 84, 9389644
1.18, 7.49, 25.03, 187.40, 47, 84, 9401480
1.18, 7.49, 24.98, 187.00, 47, 84, 9413308
1.18, 6.51, 24.81, 161.55, 47, 84, 9425144
1.18, 7.49, 24.79, 185.58, 47, 84, 9436972
1.18, 7.49, 25.00, 187.20, 47, 84, 9448800
1.18, 7.49, 25.03, 187.40, 47, 84, 9460632
1.18, 7.49, 24.92, 186.59, 48, 84, 9472464
1.18, 6.18, 25.19, 155.81, 48, 84, 9484316
1.19, 7.49, 24.73, 185.18, 48, 85, 9496124
1.19, 7.49, 24.76, 185.38, 48, 84, 9507964
1.19, 7.49, 24.95, 186.79, 48, 84, 9519792
1.19, 7.49, 25.03, 187.40, 48, 84, 9531628
1.20, 7.49, 24.90, 186.39, 48, 84, 9543452
1.20, 7.49, 24.60, 184.17, 48, 84, 9555288
1.20, 7.49, 24.79, 185.58, 48, 84, 9567116
1.20, 7.49, 25.00, 187.20, 48, 84, 9578948
1.20, 7.49, 25.00, 187.20, 48, 84, 9590788
1.21, 7.49, 24.98, 187.00, 48, 84, 9602612
1.21, 7.49, 24.84, 185.99, 48, 84, 9614452
1.21, 7.49, 24.73, 185.18, 48, 84, 9626276
1.21, 7.49, 24.81, 185.78, 48, 84, 9638116
1.21, 7.49, 25.00, 187.20, 48, 84, 9649940
1.21, 7.49, 25.00, 187.20, 48, 84, 9661772
1.21, 7.49, 24.68, 184.78, 49, 84, 9673596
1.21, 7.16, 24.71, 176.93, 49, 84, 9685428
1.21, 7.49, 24.95, 186.79, 49, 84, 9697264
1.21, 7.49, 25.00, 187.20, 49, 84, 9709088
1.21, 7.49, 24.98, 187.00, 49, 84, 9720924
1.22, 7.49, 24.60, 184.17, 49, 84, 9732752
1.22, 6.51, 24.84, 161.73, 49, 84, 9744604
1.22, 7.81, 25.03, 195.55, 49, 84, 9756416
1.22, 7.81, 25.00, 195.34, 49, 84, 9768252
1.23, 7.81, 24.63, 192.39, 49, 84, 9780076
1.23, 7.81, 24.90, 194.49, 49, 84, 9791908
1.23, 7.49, 25.08, 187.80, 49, 84, 9803744
1.23, 7.81, 24.65, 192.60, 49, 84, 9815568
1.23, 7.81, 24.60, 192.18, 49, 84, 9827408
1.23, 7.81, 24.84, 194.07, 49, 84, 9839232
1.23, 7.81, 24.98, 195.13, 49, 84, 9851072
1.24, 7.81, 25.03, 195.55, 49, 84, 9862892
1.24, 7.81, 24.81, 193.86, 50, 84, 9874736
1.24, 7.81, 24.84, 194.07, 50, 84, 9886560
1.24, 7.81, 25.00, 195.34, 50, 84, 9898388
1.24, 7.81, 25.03, 195.55, 50, 84, 9910228
1.24, 7.81, 24.71, 193.02, 50, 84, 9922052
1.25, 7.81, 24.68, 192.81, 50, 84, 9933892
1.25, 7.49, 24.98, 187.00, 50, 84, 9945716
1.25, 7.81, 25.03, 195.55, 50, 84, 9957556
1.25, 7.81, 24.60, 192.18, 50, 84, 9969380
1.25, 7.81, 24.71, 193.02, 50, 84, 9981220
1.25, 7.81, 25.00, 195.34, 50, 84, 9993044
1.25, 6.84, 25.22, 172.40, 50, 84, 10004876
1.25, 7.81, 24.57, 191.97, 50, 84, 10016712
1.26, 7.81, 24.71, 193.02, 50, 84, 10028540
1.26, 7.81, 24.98, 195.13, 50, 84, 10040376
1.26, 7.81, 25.03, 195.55, 50, 84, 10052204
1.26, 7.16, 25.08, 179.64, 50, 84, 10064040
1.26, 7.81, 24.76, 193.44, 51, 84, 10075864
1.26, 8.14, 24.92, 202.82, 51, 84, 10087704
1.26, 8.14, 24.95, 203.04, 51, 84, 10099528
1.26, 8.14, 24.60, 200.18, 51, 84, 10111360
1.27, 8.14, 24.79, 201.72, 51, 84, 10123200
1.27, 8.14, 25.03, 203.70, 51, 84, 10135024
1.27, 8.14, 24.98, 203.26, 51, 84, 10146860
1.28, 8.14, 24.68, 200.84, 51, 84, 10158684
1.28, 8.14, 24.98, 203.26, 51, 84, 10170520
1.28, 8.14, 24.98, 203.26, 51, 84, 10182344
1.28, 8.14, 24.60, 200.18, 51, 84, 10194180
1.28, 8.14, 24.68, 200.84, 51, 84, 10206016
1.28, 8.14, 24.98, 203.26, 51, 84, 10217832
1.29, 8.14, 24.60, 200.18, 51, 84, 10229664
1.29, 8.14, 24.84, 202.16, 51, 84, 10241492
1.29, 8.14, 25.00, 203.48, 51, 84, 10253328
1.29, 7.16, 24.95, 178.67, 51, 84, 10265156
1.29, 8.14, 24.68, 200.84, 52, 84, 10276992
1.29, 8.14, 24.92, 202.82, 52, 84, 10288820
1.29, 8.14, 25.00, 203.48, 52, 84, 10300656
1.29, 8.14, 24.60, 200.18, 52, 84, 10312480
1.30, 7.49, 24.84, 185.99, 52, 84, 10324312
1.30, 8.46, 25.00, 211.62, 52, 84, 10336148
1.30, 8.46, 24.57, 207.96, 52, 84, 10347976
1.30, 8.46, 24.71, 209.10, 52, 84, 10359816
1.31, 8.46, 25.03, 211.84, 52, 84, 10371640
1.31, 8.46, 24.95, 211.16, 52, 84, 10383476
1.31, 8.46, 24.68, 208.88, 52, 84, 10395300
1.31, 8.46, 25.00, 211.62, 52, 84, 10407136
1.31, 8.46, 24.98, 211.39, 52, 84, 10418964
1.31, 8.46, 24.68, 208.88, 52, 84, 10430796
1.32, 8.46, 25.00, 211.62, 52, 84, 10442628
1.31, 8.46, 24.98, 211.39, 52, 84, 10454456
1.32, 8.46, 24.65, 208.65, 52, 84, 10466296
1.32, 8.46, 24.90, 210.70, 53, 84, 10478120
1.32, 8.46, 25.03, 211.84, 53, 84, 10489956
1.32, 8.46, 24.60, 208.19, 53, 84, 10501784
1.32, 8.46, 24.81, 210.02, 53, 84, 10513620
1.32, 7.81, 25.08, 195.97, 53, 84, 10525444
1.33, 8.79, 24.60, 216.20, 53, 84, 10537280
1.33, 8.79, 25.00, 219.75, 53, 84, 10549104
1.34, 8.79, 24.68, 216.91, 53, 84, 10560932
1.34, 8.79, 24.65, 216.67, 53, 84, 10572772
1.34, 7.49, 25.06, 187.60, 53, 84, 10584612
1.35, 8.79, 24.95, 219.28, 53, 84, 10596436
1.35, 8.79, 24.68, 216.91, 53, 84, 10608260
1.35, 8.79, 25.00, 219.75, 53, 84, 10620092
1.35, 8.79, 24.71, 217.15, 53, 84, 10631916
1.35, 8.46, 24.95, 211.16, 53, 84, 10643752
1.36, 8.79, 24.81, 218.10, 53, 84, 10655580
1.36, 8.79, 24.73, 217.38, 53, 84, 10667412
1.36, 8.79, 24.98, 219.52, 54, 84, 10679248
1.36, 8.79, 24.54, 215.72, 54, 84, 10691072
1.36, 9.11, 24.84, 226.42, 54, 84, 10702908
1.36, 9.11, 25.00, 227.89, 54, 84, 10714732
1.37, 9.11, 24.71, 225.19, 54, 84, 10726568
1.37, 9.11, 25.00, 227.89, 54, 84, 10738396
1.38, 9.11, 24.57, 223.96, 54, 84, 10750232
1.38, 9.11, 25.00, 227.89, 54, 84, 10762056
1.38, 9.11, 24.79, 225.93, 54, 84, 10773888
1.38, 8.79, 24.73, 217.38, 54, 84, 10785724
1.38, 9.11, 24.98, 227.65, 54, 84, 10797548
1.38, 9.11, 24.57, 223.96, 54, 84, 10809388
1.39, 9.11, 24.98, 227.65, 54, 84, 10821212
1.39, 9.11, 24.81, 226.17, 54, 84, 10833048
1.39, 7.81, 25.03, 195.55, 54, 84, 10844868
1.39, 9.11, 24.98, 227.65, 54, 84, 10856704
1.39, 9.11, 24.73, 225.44, 54, 84, 10868532
1.39, 9.11, 25.00, 227.89, 55, 84, 10880364
1.39, 9.11, 24.60, 224.21, 55, 84, 10892196
1.39, 9.11, 25.11, 228.88, 55, 84, 10904028
1.40, 9.44, 24.68, 232.98, 55, 84, 10915864
1.41, 9.44, 24.95, 235.52, 55, 84, 10927688
1.41, 9.44, 24.95, 235.52, 55, 84, 10939524
1.41, 9.44, 24.68, 232.98, 55, 84, 10951352
1.42, 9.44, 25.00, 236.03, 55, 84, 10963192
1.42, 9.44, 24.73, 233.49, 55, 84, 10975016
1.42, 9.44, 25.00, 236.03, 55, 84, 10986844
1.42, 9.44, 24.76, 233.74, 55, 84, 10998676
1.43, 9.44, 24.98, 235.78, 55, 84, 11010512
1.43, 9.44, 24.60, 232.21, 55, 84, 11022348
1.43, 9.44, 24.95, 235.52, 55, 84, 11034168
1.43, 9.44, 24.68, 232.98, 55, 84, 11046020
1.43, 9.44, 25.03, 236.29, 55, 84, 11057832
1.43, 9.44, 24.63, 232.47, 55, 84, 11069664
1.43, 9.44, 24.98, 235.78, 56, 84, 11081492
1.43, 9.44, 24.65, 232.72, 56, 84, 11093320
1.44, 8.46, 25.19, 213.21, 56, 84, 11105156
1.44, 9.77, 24.71, 241.27, 56, 84, 11116984
1.44, 9.77, 24.98, 243.91, 56, 84, 11128820
1.45, 9.77, 24.68, 241.01, 56, 84, 11140644
1.45, 9.77, 24.98, 243.91, 56, 84, 11152480
1.45, 9.11, 24.76, 225.68, 56, 84, 11164308
1.46, 9.77, 25.00, 244.17, 56, 84, 11176140
1.46, 9.77, 24.71, 241.27, 56, 84, 11187968
1.46, 9.77, 25.00, 244.17, 56, 84, 11199804
1.46, 9.77, 24.73, 241.54, 56, 84, 11211632
1.46, 9.77, 25.00, 244.17, 56, 84, 11223464
1.46, 9.77, 24.60, 240.22, 56, 84, 11235300
1.46, 9.77, 25.00, 244.17, 56, 84, 11247128
1.46, 9.77, 24.57, 239.96, 56, 84, 11258968
1.46, 9.77, 24.84, 242.59, 56, 84, 11270792
1.46, 9.77, 24.65, 240.75, 57, 84, 11282632
1.46, 9.77, 24.98, 243.91, 57, 84, 11294456
1.47, 10.09, 25.00, 252.31, 57, 84, 11306308
1.47, 10.09, 24.92, 251.49, 57, 85, 11318120
1.48, 10.09, 24.68, 249.04, 57, 84, 11329948
1.49, 10.09, 24.76, 249.86, 57, 84, 11341788
1.49, 10.09, 24.54, 247.68, 57, 84, 11353612
1.50, 9.44, 24.95, 235.52, 57, 84, 11365448
1.50, 10.09, 24.60, 248.23, 57, 84, 11377276
1.50, 10.09, 24.98, 252.04, 57, 84, 11389116
1.50, 10.09, 24.73, 249.59, 57, 84, 11400940
1.50, 10.09, 25.03, 252.58, 57, 84, 11412776
1.50, 8.79, 24.76, 217.62, 57, 84, 11424624
1.50, 10.09, 24.65, 248.77, 57, 84, 11436436
1.50, 10.09, 24.76, 249.86, 57, 84, 11448272
1.50, 10.09, 24.57, 247.96, 57, 84, 11460096
1.50, 10.09, 24.87, 250.95, 57, 84, 11471940
1.50, 10.09, 24.60, 248.23, 58, 84, 11483764
1.50, 10.09, 24.92, 251.49, 58, 84, 11495604
1.50, 10.09, 24.71, 249.32, 58, 84, 11507424
1.50, 10.42, 25.00, 260.45, 58, 84, 11519264
1.51, 10.42, 24.73, 257.64, 58, 84, 11531088
1.52, 10.42, 24.95, 259.89, 58, 84, 11542916
1.53, 10.42, 24.73, 257.64, 58, 84, 11554756
1.53, 10.42, 24.68, 257.08, 58, 84, 11566572
1.54, 10.42, 24.98, 260.17, 58, 84, 11578412
1.54, 10.42, 24.68, 257.08, 58, 84, 11590236
1.54, 10.42, 24.84, 258.76, 58, 84, 11602072
1.55, 10.42, 24.84, 258.76, 58, 84, 11613896
1.55, 9.77, 24.57, 239.96, 58, 84, 11625736
1.55, 10.74, 24.98, 268.30, 58, 84, 11637560
1.55, 10.74, 24.68, 265.11, 58, 84, 11649388
1.55, 10.42, 24.65, 256.80, 58, 84, 11661220
1.55, 10.42, 25.00, 260.45, 58, 84, 11673048
1.55, 9.44, 24.98, 235.78, 59, 84, 11684900
1.55, 10.74, 24.98, 268.30, 59, 85, 11696708
1.55, 10.74, 24.79, 266.27, 59, 84, 11708544
1.56, 10.74, 24.54, 263.66, 59, 84, 11720368
1.57, 11.07, 24.90, 275.53, 59, 84, 11732200
1.58, 10.74, 24.79, 266.27, 59, 84, 11744024
1.59, 11.07, 24.95, 276.13, 59, 84, 11755860
1.59, 11.07, 24.98, 276.43, 59, 84, 11767684
1.60, 11.07, 24.63, 272.55, 59, 84, 11779516
1.60, 11.07, 24.98, 276.43, 59, 84, 11791352
1.61, 11.07, 24.95, 276.13, 59, 84, 11803172
1.61, 11.39, 24.52, 279.34, 59, 84, 11815012
1.61, 11.39, 25.00, 284.87, 59, 84, 11826836
1.61, 11.39, 24.71, 281.49, 59, 84, 11838672
1.61, 11.39, 24.54, 279.64, 59, 84, 11850492
1.62, 11.39, 24.92, 283.95, 59, 84, 11862332
1.62, 11.39, 24.79, 282.41, 59, 84, 11874152
1.62, 11.07, 24.60, 272.25, 60, 84, 11885984
1.62, 11.39, 24.98, 284.56, 60, 84, 11897816
1.62, 11.39, 24.90, 283.64, 60, 84, 11909640
1.63, 11.39, 24.71, 281.49, 60, 84, 11921476
1.63, 11.39, 25.00, 284.87, 60, 84, 11933300
1.64, 10.42, 24.95, 259.89, 60, 84, 11945136
1.64, 11.39, 24.65, 280.87, 60, 84, 11956956
1.65, 11.72, 24.79, 290.48, 60, 84, 11968792
1.65, 11.72, 25.00, 293.01, 60, 84, 11980616
1.65, 11.72, 24.63, 288.58, 60, 84, 11992448
1.66, 11.07, 25.08, 277.62, 60, 84, 12004280
1.66, 11.72, 24.98, 292.69, 60, 85, 12016100
1.66, 11.72, 24.71, 289.53, 60, 84, 12027936
1.66, 11.72, 24.63, 288.58, 60, 84, 12039764
1.66, 11.72, 25.00, 293.01, 60, 84, 12051600
1.66, 11.72, 24.73, 289.85, 60, 84, 12063420
1.67, 11.72, 24.60, 288.27, 60, 84, 12075256
1.67, 11.72, 24.65, 288.90, 61, 84, 12087080
1.67, 12.04, 25.00, 301.15, 61, 84, 12098908
1.67, 12.04, 24.60, 296.27, 61, 84, 12110740
1.68, 12.04, 24.54, 295.62, 61, 84, 12122568
1.69, 12.37, 24.95, 308.62, 61, 84, 12134400
1.70, 12.04, 24.81, 298.87, 61, 84, 12146228
1.71, 12.37, 24.60, 304.28, 61, 84, 12158064
1.72, 12.37, 24.49, 302.95, 61, 84, 12169884
1.73, 12.37, 24.98, 308.95, 61, 84, 12181720
1.73, 12.37, 24.87, 307.62, 61, 84, 12193544
1.74, 11.39, 24.81, 282.72, 61, 84, 12205380
1.74, 12.70, 24.63, 312.63, 61, 84, 12217200
1.74, 12.37, 24.54, 303.61, 61, 84, 12229032
1.75, 12.70, 24.98, 317.08, 61, 84, 12240864
1.74, 12.70, 24.95, 316.74, 61, 84, 12252688
1.74, 11.72, 25.14, 294.59, 61, 84, 12264528
1.74, 12.37, 24.84, 307.28, 61, 84, 12276348
1.75, 12.37, 24.65, 304.95, 62, 84, 12288180
1.75, 12.70, 24.63, 312.63, 62, 84, 12300004
1.75, 12.70, 24.79, 314.68, 62, 84, 12311844
1.76, 12.70, 24.98, 317.08, 62, 84, 12323664
1.76, 13.02, 24.98, 325.21, 62, 84, 12335492
1.77, 13.02, 24.60, 320.29, 62, 84, 12347328
1.78, 13.02, 24.54, 319.59, 62, 84, 12359152
1.78, 13.02, 24.63, 320.65, 62, 84, 12370988
1.78, 13.02, 24.76, 322.40, 62, 84, 12382812
1.79, 13.02, 24.95, 324.86, 62, 84, 12394648
1.79, 13.02, 24.71, 321.70, 62, 84, 12406484
1.79, 13.02, 24.65, 321.00, 62, 84, 12418308
1.79, 13.02, 24.63, 320.65, 62, 84, 12430128
1.79, 13.02, 24.57, 319.94, 62, 84, 12441960
1.79, 13.02, 24.84, 323.46, 62, 84, 12453796
1.79, 11.72, 25.08, 293.95, 62, 84, 12465624
1.79, 13.02, 24.71, 321.70, 62, 84, 12477460
1.80, 13.02, 24.57, 319.94, 63, 84, 12489284
1.80, 13.35, 24.49, 326.86, 63, 84, 12501120
1.80, 13.35, 24.63, 328.66, 63, 84, 12512948
1.81, 12.37, 25.17, 311.29, 63, 84, 12524796
1.82, 13.35, 24.98, 333.34, 63, 84, 12536608
1.83, 13.67, 24.98, 341.47, 63, 84, 12548440
1.83, 13.67, 24.81, 339.26, 63, 84, 12560268
1.84, 13.67, 24.68, 337.42, 63, 84, 12572100
1.84, 13.67, 24.63, 336.68, 63, 84, 12583940
1.84, 13.67, 24.49, 334.83, 63, 84, 12595764
1.85, 13.67, 24.76, 338.52, 63, 84, 12607600
1.85, 13.67, 24.95, 341.10, 63, 84, 12619424
1.86, 13.67, 24.98, 341.47, 63, 84, 12631264
1.86, 13.67, 24.95, 341.10, 63, 84, 12643088
1.86, 13.67, 24.81, 339.26, 63, 84, 12654920
1.86, 13.67, 24.57, 335.94, 63, 84, 12666756
1.86, 13.67, 24.68, 337.42, 63, 84, 12678576
1.86, 13.67, 24.63, 336.68, 64, 84, 12690416
1.86, 14.00, 24.54, 343.56, 64, 84, 12702236
1.86, 14.00, 24.60, 344.32, 64, 84, 12714072
1.87, 13.35, 24.98, 333.34, 64, 84, 12725900
1.88, 14.00, 24.87, 348.09, 64, 84, 12737732
1.89, 14.00, 24.76, 346.58, 64, 84, 12749556
1.89, 14.00, 24.98, 349.60, 64, 84, 12761392
1.89, 14.00, 24.98, 349.60, 64, 84, 12773216
1.90, 13.02, 24.87, 323.81, 64, 84, 12785060
1.90, 14.00, 24.81, 347.34, 64, 84, 12796880
1.90, 14.00, 24.71, 345.83, 64, 84, 12808700
1.90, 14.00, 24.65, 345.07, 64, 84, 12820536
1.91, 14.00, 24.60, 344.32, 64, 84, 12832364
1.91, 13.67, 24.63, 336.68, 64, 84, 12844196
1.90, 14.00, 24.63, 344.69, 64, 84, 12856020
1.90, 14.00, 24.46, 342.43, 64, 84, 12867856
1.90, 14.00, 24.60, 344.32, 64, 84, 12879676
1.90, 14.32, 24.54, 351.55, 65, 84, 12891508
1.91, 14.32, 24.44, 350.01, 65, 84, 12903332
1.92, 14.32, 24.46, 350.39, 65, 84, 12915164
1.92, 14.32, 24.73, 354.26, 65, 84, 12927000
1.93, 14.65, 24.63, 360.73, 65, 84, 12938820
1.93, 14.65, 24.63, 360.73, 65, 84, 12950656
1.94, 14.65, 24.60, 360.33, 65, 84, 12962480
1.95, 14.65, 24.95, 365.47, 65, 84, 12974320
1.95, 14.32, 25.03, 358.51, 65, 84, 12986144
1.95, 14.65, 24.98, 365.86, 65, 84, 12997972
1.95, 14.65, 24.79, 363.10, 65, 84, 13009800
1.96, 14.65, 24.95, 365.47, 65, 84, 13021628
1.96, 14.65, 24.84, 363.89, 65, 84, 13033464
1.96, 13.35, 25.14, 335.50, 65, 84, 13045288
1.96, 14.65, 24.87, 364.28, 65, 84, 13057128
1.96, 14.65, 24.71, 361.91, 65, 84, 13068952
1.96, 14.65, 24.81, 363.49, 65, 84, 13080788
1.96, 14.65, 24.92, 365.07, 66, 84, 13092616
1.96, 14.32, 24.76, 354.64, 66, 84, 13104452
1.97, 14.97, 24.76, 370.76, 66, 84, 13116276
1.98, 14.97, 24.73, 370.36, 66, 84, 13128104
1.98, 14.97, 24.65, 369.15, 66, 84, 13139948
1.99, 14.97, 24.68, 369.55, 66, 84, 13151772
1.99, 14.97, 24.79, 371.17, 66, 84, 13163604
1.99, 14.97, 24.79, 371.17, 66, 84, 13175424
2.00, 14.97, 24.76, 370.76, 66, 84, 13187260
2.00, 14.97, 24.90, 372.78, 66, 84, 13199084
2.00, 14.97, 24.81, 371.57, 66, 84, 13210920
2.00, 14.97, 24.90, 372.78, 66, 84, 13222740
2.01, 15.30, 24.92, 381.30, 66, 84, 13234572
2.01, 14.97, 24.60, 368.34, 66, 84, 13246404
2.01, 14.97, 24.65, 369.15, 66, 84, 13258228
2.01, 14.97, 24.90, 372.78, 66, 84, 13270064
2.01, 14.97, 24.46, 366.32, 66, 84, 13281888
2.01, 15.30, 24.76, 378.82, 67, 84, 13293724
2.01, 14.32, 24.63, 352.71, 67, 84, 13305544
2.02, 15.30, 24.73, 378.41, 67, 84, 13317380
2.03, 15.63, 24.46, 382.25, 67, 84, 13329208
2.04, 15.63, 24.46, 382.25, 67, 84, 13341036
2.05, 15.63, 24.44, 381.82, 67, 84, 13352868
2.05, 14.97, 24.65, 369.15, 67, 84, 13364700
2.05, 15.63, 24.65, 385.20, 67, 84, 13376536
2.06, 15.63, 24.52, 383.09, 67, 84, 13388364
2.06, 15.63, 24.49, 382.67, 67, 84, 13400200
2.06, 15.63, 24.54, 383.51, 67, 84, 13412024
2.06, 15.63, 24.60, 384.35, 67, 84, 13423860
2.07, 15.63, 24.60, 384.35, 67, 84, 13435684
2.06, 15.63, 24.54, 383.51, 67, 84, 13447516
2.06, 15.63, 24.57, 383.93, 67, 84, 13459348
2.06, 15.63, 24.73, 386.46, 67, 84, 13471176
2.06, 15.63, 24.65, 385.20, 67, 84, 13483016
2.07, 15.63, 24.79, 387.30, 68, 84, 13494844
2.06, 15.63, 24.57, 383.93, 68, 84, 13506696
2.07, 15.63, 24.79, 387.30, 68, 84, 13518504
2.07, 15.95, 24.81, 395.80, 68, 84, 13530340
2.08, 15.95, 24.95, 397.95, 68, 84, 13542164
2.09, 15.95, 24.95, 397.95, 68, 84, 13554000
2.10, 14.97, 25.03, 374.80, 68, 84, 13565828
2.10, 15.95, 24.46, 390.21, 68, 84, 13577656
2.10, 15.95, 24.71, 394.08, 68, 84, 13589496
2.10, 15.95, 24.57, 391.93, 68, 84, 13601324
2.10, 15.95, 24.54, 391.50, 68, 84, 13613160
2.11, 14.97, 24.87, 372.38, 68, 84, 13625000
2.11, 15.95, 24.54, 391.50, 68, 84, 13636824
2.11, 15.95, 24.63, 392.79, 68, 84, 13648648
2.11, 15.95, 24.60, 392.36, 68, 84, 13660484
2.11, 15.95, 24.84, 396.23, 68, 84, 13672308
2.11, 15.95, 24.95, 397.95, 68, 84, 13684144
2.11, 15.95, 24.81, 395.80, 69, 84, 13695980
2.11, 15.95, 24.95, 397.95, 69, 84, 13707804
2.11, 16.28, 24.90, 405.20, 69, 84, 13719640
2.11, 16.28, 24.54, 399.49, 69, 84, 13731464
2.12, 16.28, 24.44, 397.73, 69, 84, 13743304
2.13, 16.60, 24.52, 407.03, 69, 84, 13755128
2.14, 16.60, 24.44, 405.69, 69, 84, 13766980
2.14, 16.60, 24.68, 409.72, 69, 85, 13778792
2.15, 16.60, 24.90, 413.30, 69, 84, 13790624
2.16, 16.60, 24.92, 413.75, 69, 84, 13802456
2.16, 16.60, 24.60, 408.38, 69, 84, 13814280
2.16, 15.95, 24.68, 393.65, 69, 84, 13826112
2.16, 16.60, 24.44, 405.69, 69, 84, 13837940
2.16, 16.60, 24.60, 408.38, 69, 84, 13849772
2.17, 16.60, 24.63, 408.82, 69, 84, 13861596
2.17, 16.60, 24.65, 409.27, 69, 84, 13873432
2.17, 15.30, 24.98, 382.12, 69, 84, 13885272
2.17, 16.60, 24.81, 411.96, 70, 84, 13897084
2.16, 16.60, 24.44, 405.69, 70, 84, 13908920
2.17, 16.93, 24.52, 415.01, 70, 84, 13920740
2.17, 16.93, 24.54, 415.47, 70, 84, 13932580
2.18, 16.60, 24.79, 411.51, 70, 84, 13944408
2.19, 16.93, 24.79, 419.58, 70, 84, 13956240
2.19, 17.25, 24.92, 429.97, 70, 84, 13968068
2.20, 16.93, 24.57, 415.93, 70, 84, 13979904
2.20, 17.25, 24.57, 423.93, 70, 84, 13991728
2.21, 17.25, 24.57, 423.93, 70, 84, 14003560
2.21, 17.25, 24.76, 427.18, 70, 84, 14015392
2.21, 17.25, 24.92, 429.97, 70, 84, 14027220
2.21, 17.25, 24.79, 427.65, 70, 84, 14039064
2.22, 17.25, 24.46, 422.06, 70, 84, 14050884
2.21, 17.25, 24.52, 422.99, 70, 84, 14062720
2.21, 17.25, 24.60, 424.39, 70, 84, 14074544
2.21, 16.93, 24.63, 416.84, 70, 84, 14086384
2.21, 17.25, 24.90, 429.51, 71, 84, 14098208
2.22, 17.25, 24.49, 422.53, 71, 84, 14110040
2.21, 17.25, 24.46, 422.06, 71, 84, 14121872
2.22, 17.58, 24.63, 432.87, 71, 84, 14133700
2.23, 16.60, 24.98, 414.64, 71, 84, 14145536
2.24, 17.90, 24.54, 439.44, 71, 84, 14157360
2.26, 17.90, 24.38, 436.54, 71, 84, 14169196
2.26, 17.90, 24.52, 438.96, 71, 84, 14181020
2.27, 17.90, 24.90, 445.72, 71, 84, 14192856
2.27, 17.25, 24.87, 429.04, 71, 84, 14204676
2.27, 17.90, 24.46, 437.99, 71, 84, 14216512
2.28, 17.90, 24.65, 441.37, 71, 84, 14228336
2.28, 17.90, 24.92, 446.20, 71, 84, 14240164
2.28, 17.90, 24.60, 440.41, 71, 84, 14252000
2.28, 17.90, 24.49, 438.47, 71, 84, 14263820
2.28, 17.90, 24.49, 438.47, 71, 84, 14275656
2.28, 17.90, 24.92, 446.20, 71, 84, 14287480
2.28, 17.90, 24.44, 437.51, 72, 84, 14299316
2.28, 17.90, 24.60, 440.41, 72, 84, 14311136
2.28, 18.23, 24.87, 453.33, 72, 84, 14322976
2.29, 18.23, 24.41, 444.97, 72, 84, 14334796
2.30, 18.23, 24.57, 447.92, 72, 84, 14346624
2.31, 18.55, 24.76, 459.42, 72, 84, 14358460
2.32, 18.55, 24.60, 456.42, 72, 84, 14370280
2.32, 18.55, 24.49, 454.42, 72, 84, 14382120
2.33, 18.55, 24.76, 459.42, 72, 84, 14393940
2.33, 17.58, 25.06, 440.46, 72, 84, 14405780
2.33, 18.55, 24.41, 452.92, 72, 84, 14417600
2.33, 18.55, 24.54, 455.42, 72, 84, 14429436
2.33, 18.55, 24.92, 462.43, 72, 84, 14441260
2.33, 18.55, 24.41, 452.92, 72, 84, 14453088
2.33, 17.90, 24.76, 443.30, 72, 84, 14464916
2.33, 18.55, 24.92, 462.43, 72, 84, 14476744
2.34, 18.55, 24.76, 459.42, 72, 84, 14488584
2.34, 18.55, 24.44, 453.42, 73, 84, 14500404
2.33, 18.88, 24.65, 465.45, 73, 84, 14512240
2.34, 18.88, 24.92, 470.54, 73, 84, 14524064
2.35, 19.21, 24.49, 470.36, 73, 84, 14535900
2.36, 19.21, 24.60, 472.43, 73, 84, 14547720
2.36, 19.21, 24.95, 479.17, 73, 84, 14559560
2.37, 19.21, 24.44, 469.33, 73, 84, 14571380
2.38, 19.21, 24.76, 475.54, 73, 84, 14583208
2.38, 19.21, 24.81, 476.58, 73, 84, 14595044
2.39, 19.53, 24.36, 475.70, 73, 84, 14606884
2.39, 19.53, 24.63, 480.97, 73, 84, 14618704
2.39, 19.53, 24.90, 486.24, 73, 84, 14630532
2.39, 19.53, 24.44, 477.28, 73, 84, 14642368
2.40, 19.53, 24.71, 482.55, 73, 84, 14654192
2.40, 18.23, 24.68, 449.89, 73, 84, 14666028
2.40, 19.53, 24.54, 479.39, 73, 84, 14677856
2.40, 19.53, 24.90, 486.24, 73, 84, 14689680
2.40, 19.53, 24.41, 476.75, 74, 84, 14701520
2.40, 19.53, 24.54, 479.39, 74, 84, 14713340
2.40, 18.55, 24.76, 459.42, 74, 84, 14725192
2.41, 19.86, 24.44, 485.24, 74, 85, 14737000
2.42, 20.18, 24.71, 498.63, 74, 84, 14748836
2.43, 20.18, 24.46, 493.73, 74, 84, 14760660
2.44, 20.18, 24.52, 494.82, 74, 84, 14772492
2.44, 20.18, 24.95, 503.53, 74, 84, 14784320
2.44, 20.18, 24.44, 493.19, 74, 84, 14796152
2.44, 20.18, 24.54, 495.37, 74, 84, 14807980
2.45, 20.18, 24.38, 492.10, 74, 84, 14819808
2.45, 20.18, 24.44, 493.19, 74, 84, 14831644
2.45, 20.18, 24.84, 501.36, 74, 84, 14843468
2.45, 20.18, 24.46, 493.73, 74, 84, 14855304
2.45, 20.18, 24.46, 493.73, 74, 84, 14867140
2.45, 20.18, 24.68, 498.09, 74, 84, 14878960
2.44, 20.18, 24.57, 495.91, 74, 84, 14890784
2.44, 20.18, 24.90, 502.44, 75, 84, 14902616
2.45, 20.18, 24.38, 492.10, 75, 84, 14914440
2.45, 19.86, 24.68, 490.06, 75, 84, 14926272
2.46, 20.51, 24.71, 506.68, 75, 84, 14938108
2.47, 20.51, 24.63, 505.02, 75, 84, 14949936
2.48, 20.83, 24.81, 516.97, 75, 84, 14961772
2.49, 20.83, 24.46, 509.66, 75, 84, 14973596
2.49, 19.86, 24.57, 487.91, 75, 84, 14985448
2.49, 20.83, 24.38, 507.98, 75, 84, 14997260
2.50, 20.83, 24.54, 511.35, 75, 84, 15009096
2.50, 20.83, 24.81, 516.97, 75, 84, 15020924
2.50, 20.83, 24.46, 509.66, 75, 84, 15032752
2.50, 20.51, 24.71, 506.68, 75, 84, 15044588
2.50, 20.83, 24.38, 507.98, 75, 84, 15056412
2.51, 20.83, 24.49, 510.22, 75, 84, 15068244
2.51, 20.83, 24.84, 517.53, 75, 84, 15080068
2.51, 20.83, 24.41, 508.54, 75, 84, 15091904
2.51, 20.83, 24.87, 518.09, 76, 84, 15103728
2.51, 21.16, 24.38, 515.91, 76, 84, 15115564
2.51, 21.16, 24.87, 526.19, 76, 84, 15127388
2.52, 21.48, 24.38, 523.85, 76, 84, 15139216
2.54, 21.48, 24.68, 530.22, 76, 84, 15151052
2.54, 21.48, 24.36, 523.27, 76, 84, 15162876
2.56, 21.48, 24.76, 531.96, 76, 84, 15174712
2.56, 21.16, 24.52, 518.77, 76, 84, 15186536
2.57, 21.81, 24.90, 542.96, 76, 84, 15198368
2.57, 21.81, 24.41, 532.38, 76, 84, 15210192
2.57, 21.48, 24.73, 531.38, 76, 84, 15222028
2.57, 21.48, 24.38, 523.85, 76, 84, 15233852
2.57, 20.51, 25.00, 512.76, 76, 84, 15245680
2.57, 21.48, 24.38, 523.85, 76, 84, 15257512
2.57, 21.48, 24.79, 532.54, 76, 84, 15269340
2.57, 21.81, 24.44, 532.96, 76, 84, 15281176
2.57, 21.48, 24.79, 532.54, 76, 84, 15293000
2.57, 20.83, 24.79, 516.40, 77, 84, 15304836
2.57, 21.81, 24.49, 534.14, 77, 84, 15316660
2.57, 21.81, 24.71, 538.85, 77, 84, 15328496
2.58, 21.81, 24.54, 535.32, 77, 84, 15340320
2.59, 22.14, 24.33, 538.53, 77, 84, 15352152
2.59, 22.14, 24.52, 542.71, 77, 84, 15363980
2.60, 22.14, 24.41, 540.32, 77, 84, 15375808
2.60, 22.14, 24.46, 541.52, 77, 84, 15387644
2.61, 22.14, 24.33, 538.53, 77, 84, 15399468
2.61, 22.46, 24.57, 551.90, 77, 84, 15411300
2.62, 22.14, 24.36, 539.13, 77, 84, 15423128
2.62, 22.46, 24.68, 554.33, 77, 84, 15434960
2.62, 21.81, 24.38, 531.79, 77, 84, 15446784
2.62, 22.14, 24.54, 543.31, 77, 84, 15458624
2.62, 22.14, 24.33, 538.53, 77, 84, 15470444
2.62, 22.14, 24.71, 546.89, 77, 84, 15482276
2.62, 22.14, 24.36, 539.13, 77, 84, 15494108
2.62, 21.16, 24.98, 528.47, 78, 84, 15505932
2.62, 22.46, 24.46, 549.48, 78, 84, 15517768
2.62, 22.46, 24.84, 557.96, 78, 84, 15529592
2.63, 22.46, 24.46, 549.48, 78, 84, 15541428
2.65, 22.79, 24.33, 554.37, 78, 84, 15553248
2.65, 22.14, 24.60, 544.50, 78, 84, 15565084
2.66, 22.79, 24.46, 557.44, 78, 84, 15576904
2.67, 23.11, 24.84, 574.13, 78, 84, 15588736
2.67, 22.79, 24.44, 556.83, 78, 84, 15600572
2.67, 22.79, 24.68, 562.36, 78, 84, 15612392
2.67, 22.79, 24.44, 556.83, 78, 84, 15624228
2.68, 23.11, 24.36, 562.91, 78, 84, 15636056
2.68, 23.11, 24.65, 569.77, 78, 84, 15647884
2.68, 23.11, 24.38, 563.54, 78, 84, 15659712
2.69, 23.11, 24.71, 571.02, 78, 84, 15671548
2.68, 23.11, 24.49, 566.03, 78, 84, 15683368
2.68, 23.11, 24.36, 562.91, 78, 84, 15695196
2.69, 23.44, 24.46, 573.37, 79, 84, 15707044
2.69, 23.44, 24.41, 572.11, 79, 84, 15718856
2.70, 23.44, 24.68, 578.43, 79, 84, 15730692
2.71, 23.44, 24.52, 574.63, 79, 84, 15742516
2.72, 23.76, 24.30, 577.49, 79, 84, 15754348
2.72, 22.79, 24.87, 566.66, 79, 84, 15766176
2.73, 23.76, 24.44, 580.69, 79, 84, 15778016
2.74, 23.76, 24.52, 582.61, 79, 84, 15789836
2.74, 23.76, 24.44, 580.69, 79, 84, 15801672
2.74, 23.76, 24.33, 578.13, 79, 84, 15813492
2.74, 22.46, 24.65, 553.72, 79, 84, 15825340
2.74, 23.76, 24.38, 579.41, 79, 84, 15837160
2.74, 23.76, 24.30, 577.49, 79, 84, 15848980
2.73, 23.76, 24.49, 581.97, 79, 84, 15860816
2.74, 23.76, 24.36, 578.77, 79, 84, 15872640
2.74, 23.76, 24.95, 592.87, 79, 84, 15884476
2.74, 23.76, 24.52, 582.61, 79, 84, 15896300
2.74, 23.76, 24.41, 580.05, 80, 84, 15908132
2.73, 24.09, 24.76, 596.44, 80, 84, 15919960
2.74, 24.09, 24.33, 586.05, 80, 84, 15931788
2.75, 24.09, 24.44, 588.65, 80, 84, 15943620
2.76, 24.41, 24.63, 601.21, 80, 84, 15955444
2.77, 24.41, 24.30, 593.31, 80, 84, 15967296
2.78, 24.41, 24.46, 597.26, 80, 84, 15979104
2.79, 24.41, 24.54, 599.24, 80, 84, 15990940
2.79, 24.41, 24.38, 595.28, 80, 84, 16002768
2.79, 24.41, 24.73, 603.84, 80, 84, 16014604
2.79, 23.44, 24.44, 572.74, 80, 84, 16026428
2.79, 24.41, 24.33, 593.97, 80, 84, 16038260
2.79, 24.41, 24.57, 599.89, 80, 84, 16050088
2.80, 24.41, 24.46, 597.26, 80, 84, 16061916
2.79, 24.41, 24.27, 592.65, 80, 84, 16073756
2.79, 23.44, 24.79, 580.96, 80, 84, 16085588
2.79, 24.41, 24.38, 595.28, 80, 84, 16097408
2.79, 24.41, 24.27, 592.65, 81, 84, 16109236
2.79, 24.74, 24.65, 609.89, 81, 84, 16121072
2.80, 24.74, 24.63, 609.23, 81, 84, 16132896
2.81, 24.41, 24.52, 598.58, 81, 84, 16144724
2.82, 25.07, 24.27, 608.45, 81, 84, 16156552
2.83, 25.07, 24.73, 619.95, 81, 84, 16168384
2.83, 25.07, 24.36, 610.48, 81, 84, 16180224
2.84, 25.07, 24.41, 611.83, 81, 84, 16192044
2.84, 24.74, 24.54, 607.23, 81, 84, 16203880
2.84, 24.74, 24.36, 602.55, 81, 84, 16215704
2.84, 24.74, 24.30, 601.22, 81, 84, 16227544
2.83, 24.74, 24.65, 609.89, 81, 84, 16239372
2.83, 25.07, 24.54, 615.22, 81, 84, 16251208
2.83, 25.07, 24.30, 609.13, 81, 84, 16263036
2.84, 25.07, 24.65, 617.92, 81, 84, 16274864
2.84, 24.41, 24.38, 595.28, 81, 84, 16286704
2.84, 25.07, 24.33, 609.81, 81, 84, 16298528
2.84, 25.07, 24.57, 615.89, 82, 84, 16310364
2.84, 25.39, 24.38, 619.10, 82, 84, 16322188
2.85, 25.72, 24.30, 624.95, 82, 84, 16334020
2.87, 24.74, 24.87, 615.23, 82, 84, 16345852
2.88, 26.04, 24.65, 641.99, 82, 84, 16357684
2.89, 26.04, 24.60, 640.59, 82, 84, 16369508
2.90, 26.04, 24.38, 634.97, 82, 84, 16381340
2.91, 26.04, 24.38, 634.97, 82, 84, 16393176
2.91, 25.39, 24.57, 623.89, 82, 84, 16405000
2.92, 26.37, 24.49, 645.75, 82, 84, 16416840
2.92, 26.37, 24.38, 642.91, 82, 84, 16428660
2.93, 26.04, 24.30, 632.86, 82, 84, 16440500
2.93, 26.37, 24.36, 642.20, 82, 84, 16452324
2.93, 26.04, 24.46, 637.08, 82, 84, 16464160
2.93, 26.04, 24.68, 642.70, 82, 84, 16475984
2.93, 26.04, 24.36, 634.27, 82, 84, 16487812
2.93, 26.04, 24.44, 636.37, 82, 84, 16499652
2.93, 26.37, 24.27, 640.06, 83, 84, 16511476
2.93, 26.37, 24.76, 652.86, 83, 84, 16523312
2.94, 26.69, 24.41, 651.56, 83, 84, 16535140
2.95, 26.37, 24.36, 642.20, 83, 84, 16546976
2.95, 26.69, 24.30, 648.68, 83, 84, 16558800
2.96, 26.69, 24.63, 657.32, 83, 84, 16570636
2.97, 26.69, 24.63, 657.32, 83, 84, 16582456
2.97, 26.69, 24.57, 655.88, 83, 84, 16594284
2.97, 25.72, 24.54, 631.19, 83, 84, 16606116
2.97, 26.69, 24.27, 647.96, 83, 84, 16617944
2.98, 26.69, 24.27, 647.96, 83, 84, 16629784
2.98, 26.69, 24.52, 654.44, 83, 84, 16641608
2.98, 26.69, 24.44, 652.28, 83, 84, 16653444
2.98, 26.04, 24.54, 639.18, 83, 84, 16665272
2.98, 26.69, 24.49, 653.72, 83, 84, 16677108
2.99, 26.69, 24.30, 648.68, 83, 84, 16688936
2.98, 26.69, 24.44, 652.28, 83, 84, 16700764
2.98, 27.02, 24.57, 663.88, 84, 84, 16712600
2.98, 27.34, 24.54, 671.14, 84, 84, 16724424
2.99, 27.34, 24.30, 664.51, 84, 84, 16736260
3.01, 27.67, 24.27, 671.67, 84, 84, 16748084
3.02, 27.67, 24.25, 670.92, 84, 84, 16759924
3.03, 27.67, 24.25, 670.92, 84, 84, 16771744
3.03, 27.67, 24.65, 682.12, 84, 84, 16783580
3.04, 27.67, 24.41, 675.40, 84, 84, 16795404
3.05, 27.67, 24.41, 675.40, 84, 84, 16807252
3.05, 27.99, 24.30, 680.33, 84, 85, 16819060
3.05, 27.67, 24.30, 672.42, 84, 84, 16830896
3.06, 27.99, 24.44, 684.10, 84, 84, 16842728
3.06, 27.67, 24.68, 682.86, 84, 84, 16854552
3.05, 26.69, 24.49, 653.72, 84, 84, 16866392
3.05, 27.67, 24.38, 674.66, 84, 84, 16878220
3.05, 27.99, 24.27, 679.57, 84, 84, 16890052
3.05, 27.67, 24.25, 670.92, 84, 84, 16901876
3.06, 27.99, 24.38, 682.59, 85, 84, 16913712
3.05, 27.02, 24.73, 668.26, 85, 84, 16925552
3.06, 28.32, 24.54, 695.11, 85, 84, 16937364
3.07, 28.32, 24.30, 688.24, 85, 84, 16949200
3.08, 28.32, 24.27, 687.47, 85, 84, 16961024
3.09, 28.32, 24.27, 687.47, 85, 84, 16972860
3.09, 28.32, 24.44, 692.06, 85, 84, 16984680
3.09, 28.32, 24.41, 691.29, 85, 84, 16996516
3.10, 28.32, 24.49, 693.59, 85, 84, 17008340
3.10, 28.32, 24.44, 692.06, 85, 84, 17020180
3.10, 28.65, 24.46, 700.78, 85, 84, 17032008
3.10, 28.32, 24.30, 688.24, 85, 84, 17043836
3.10, 28.32, 24.30, 688.24, 85, 84, 17055672
3.10, 28.65, 24.60, 704.65, 85, 84, 17067516
3.10, 28.32, 24.25, 686.71, 85, 84, 17079336
3.10, 28.32, 24.57, 695.88, 85, 84, 17091160
3.10, 28.32, 24.41, 691.29, 85, 84, 17102996
3.10, 28.65, 24.27, 695.38, 86, 84, 17114820
3.10, 27.99, 24.33, 681.08, 86, 84, 17126656
3.11, 28.97, 24.22, 701.72, 86, 84, 17138480
3.13, 29.30, 24.22, 709.60, 86, 84, 17150308
3.14, 29.30, 24.25, 710.39, 86, 84, 17162136
3.15, 29.30, 24.46, 716.71, 86, 84, 17173964
3.16, 28.32, 24.54, 695.11, 86, 84, 17185816
3.17, 29.30, 24.57, 719.87, 86, 84, 17197624
3.17, 29.30, 24.41, 715.13, 86, 84, 17209460
3.17, 29.30, 24.49, 717.50, 86, 84, 17221284
3.17, 29.30, 24.30, 711.97, 86, 84, 17233120
3.17, 28.97, 24.41, 707.19, 86, 84, 17244944
3.17, 29.30, 24.33, 712.76, 86, 84, 17256776
3.17, 29.30, 24.30, 711.97, 86, 84, 17268600
3.17, 29.62, 24.36, 721.48, 86, 84, 17280432
3.17, 29.30, 24.25, 710.39, 86, 84, 17292264
3.17, 29.30, 24.22, 709.60, 86, 84, 17304092
3.17, 29.62, 24.49, 725.47, 87, 84, 17315924
3.17, 29.62, 24.38, 722.28, 87, 84, 17327752
3.17, 29.62, 24.44, 723.88, 87, 84, 17339584
3.18, 29.95, 24.57, 735.87, 87, 84, 17351404
3.19, 29.95, 24.38, 730.22, 87, 84, 17363240
3.20, 29.95, 24.52, 734.25, 87, 84, 17375068
3.20, 29.30, 24.54, 719.08, 87, 84, 17386896
3.21, 30.27, 24.38, 738.15, 87, 84, 17398736
3.21, 30.27, 24.41, 738.97, 87, 84, 17410556
3.21, 30.27, 24.27, 734.89, 87, 84, 17422396
3.22, 30.27, 24.36, 737.34, 87, 84, 17434220
3.22, 29.30, 24.41, 715.13, 87, 84, 17446056
3.21, 30.27, 24.25, 734.07, 87, 84, 17457884
3.21, 30.27, 24.25, 734.07, 87, 84, 17469720
3.22, 30.27, 24.22, 733.25, 87, 84, 17481544
3.21, 30.27, 24.36, 737.34, 87, 84, 17493376
3.22, 29.62, 24.65, 730.27, 87, 84, 17505212
3.22, 30.27, 24.30, 735.70, 88, 84, 17517040
3.21, 30.27, 24.33, 736.52, 88, 84, 17528876
3.22, 30.27, 24.27, 734.89, 88, 84, 17540696
3.22, 30.60, 24.25, 741.96, 88, 84, 17552536
3.23, 30.92, 24.27, 750.69, 88, 84, 17564360
3.25, 30.92, 24.19, 748.19, 88, 84, 17576196
3.26, 30.92, 24.19, 748.19, 88, 84, 17588016
3.27, 30.92, 24.36, 753.19, 88, 84, 17599844
3.27, 31.25, 24.19, 756.06, 88, 84, 17611672
3.28, 31.25, 24.30, 759.44, 88, 84, 17623504
3.28, 31.25, 24.19, 756.06, 88, 84, 17635340
3.28, 30.92, 24.27, 750.69, 88, 84, 17647164
3.28, 31.25, 24.22, 756.91, 88, 84, 17658996
3.28, 31.25, 24.22, 756.91, 88, 84, 17670820
3.28, 31.25, 24.33, 760.28, 88, 84, 17682656
3.28, 31.25, 24.22, 756.91, 88, 84, 17694480
3.28, 30.27, 24.38, 738.15, 88, 84, 17706312
3.28, 31.25, 24.30, 759.44, 89, 84, 17718140
3.28, 31.25, 24.19, 756.06, 89, 84, 17729968
3.29, 31.25, 24.22, 756.91, 89, 84, 17741804
3.29, 31.58, 24.22, 764.79, 89, 84, 17753624
3.30, 30.92, 24.38, 754.03, 89, 84, 17765464
3.31, 31.58, 24.30, 767.35, 89, 84, 17777288
3.31, 31.58, 24.27, 766.49, 89, 84, 17789124
3.32, 31.58, 24.30, 767.35, 89, 84, 17800944
3.32, 31.58, 24.30, 767.35, 89, 84, 17812780
3.32, 31.58, 24.52, 774.16, 89, 84, 17824604
3.32, 31.90, 24.46, 780.42, 89, 84, 17836436
3.32, 31.90, 24.57, 783.86, 89, 84, 17848268
3.33, 31.90, 24.52, 782.14, 89, 84, 17860092
3.33, 31.90, 24.46, 780.42, 89, 84, 17871932
3.33, 31.90, 24.33, 776.12, 89, 84, 17883752
3.32, 31.90, 24.44, 779.56, 89, 84, 17895588
3.32, 31.25, 24.33, 760.28, 89, 84, 17907412
3.32, 31.90, 24.36, 776.98, 90, 84, 17919248
3.32, 31.90, 24.38, 777.84, 90, 84, 17931072
3.32, 32.23, 24.30, 783.17, 90, 84, 17942900
3.33, 32.23, 24.17, 778.82, 90, 84, 17954728
3.34, 31.58, 24.46, 772.46, 90, 84, 17966564
3.35, 32.55, 24.36, 792.83, 90, 84, 17978400
3.36, 32.55, 24.22, 788.44, 90, 84, 17990224
3.37, 32.55, 24.27, 790.20, 90, 84, 18002060
3.38, 32.88, 24.22, 796.33, 90, 84, 18013888
3.39, 31.58, 24.41, 770.75, 90, 84, 18025744
3.39, 32.88, 24.25, 797.22, 90, 84, 18037552
3.39, 32.88, 24.27, 798.10, 90, 84, 18049380
3.40, 32.88, 24.52, 806.08, 90, 84, 18061216
3.40, 32.88, 24.44, 803.42, 90, 84, 18073048
3.39, 32.88, 24.33, 799.88, 90, 84, 18084884
3.39, 32.88, 24.38, 801.65, 90, 84, 18096708
3.39, 32.88, 24.44, 803.42, 90, 84, 18108544
3.40, 32.88, 24.44, 803.42, 91, 84, 18120368
3.40, 32.88, 24.33, 799.88, 91, 84, 18132208
3.40, 33.20, 24.17, 802.42, 91, 84, 18144036
3.40, 33.20, 24.17, 802.42, 91, 84, 18155868
3.42, 33.20, 24.22, 804.21, 91, 84, 18167712
3.43, 33.53, 24.27, 813.91, 91, 84, 18179524
3.43, 33.53, 24.19, 811.19, 91, 84, 18191360
3.43, 33.53, 24.27, 813.91, 91, 84, 18203184
3.44, 33.53, 24.27, 813.91, 91, 84, 18215020
3.45, 32.55, 24.65, 802.49, 91, 84, 18226844
3.44, 33.53, 24.27, 813.91, 91, 84, 18238680
3.45, 33.53, 24.17, 810.29, 91, 84, 18250508
3.45, 33.53, 24.19, 811.19, 91, 84, 18262340
3.45, 33.53, 24.25, 813.00, 91, 84, 18274164
3.45, 32.55, 24.44, 795.47, 91, 84, 18286008
3.45, 33.53, 24.38, 817.52, 91, 84, 18297828
3.45, 33.53, 24.33, 815.72, 91, 84, 18309652
3.45, 33.53, 24.25, 813.00, 92, 84, 18321488
3.45, 33.53, 24.14, 809.38, 92, 84, 18333312
3.45, 33.53, 24.33, 815.72, 92, 84, 18345148
3.45, 34.18, 24.25, 828.79, 92, 84, 18356972
3.47, 34.18, 24.38, 833.40, 92, 84, 18368808
3.48, 34.51, 24.22, 835.75, 92, 84, 18380632
3.49, 34.18, 24.17, 826.02, 92, 84, 18392464
3.50, 34.18, 24.44, 835.24, 92, 84, 18404300
3.50, 34.51, 24.19, 834.82, 92, 84, 18416120
3.50, 34.51, 24.27, 837.61, 92, 84, 18427976
3.50, 34.51, 24.22, 835.75, 92, 85, 18439780
3.50, 34.51, 24.22, 835.75, 92, 84, 18451616
3.51, 34.51, 24.30, 838.54, 92, 84, 18463440
3.51, 34.51, 24.30, 838.54, 92, 84, 18475272
3.51, 34.18, 24.36, 832.48, 92, 84, 18487100
3.52, 34.83, 24.19, 842.70, 92, 84, 18498928
3.52, 34.51, 24.19, 834.82, 92, 84, 18510760
3.52, 34.51, 24.30, 838.54, 93, 84, 18522592
3.52, 34.83, 24.22, 843.64, 93, 84, 18534428
3.52, 33.85, 24.30, 822.72, 93, 84, 18546252
3.52, 35.16, 24.14, 848.68, 93, 84, 18558092
3.53, 35.16, 24.14, 848.68, 93, 84, 18569916
3.54, 35.16, 24.25, 852.47, 93, 84, 18581756
3.54, 35.16, 24.36, 856.26, 93, 84, 18593580
3.55, 34.51, 24.33, 839.47, 93, 84, 18605412
3.55, 35.16, 24.19, 850.57, 93, 84, 18617244
3.55, 35.16, 24.14, 848.68, 93, 84, 18629072
3.55, 35.16, 24.22, 851.52, 93, 84, 18640904
3.56, 35.48, 24.19, 858.45, 93, 84, 18652732
3.56, 35.48, 24.22, 859.40, 93, 84, 18664568
3.56, 35.48, 24.54, 870.89, 93, 84, 18676388
3.56, 35.48, 24.36, 864.19, 93, 84, 18688228
3.56, 35.48, 24.25, 860.36, 93, 84, 18700056
3.56, 35.16, 24.25, 852.47, 93, 84, 18711884
3.56, 35.16, 24.19, 850.57, 94, 84, 18723720
3.56, 35.48, 24.19, 858.45, 94, 84, 18735548
3.56, 35.48, 24.41, 866.10, 94, 84, 18747384
3.58, 35.81, 24.14, 864.39, 94, 84, 18759212
3.59, 36.13, 24.17, 873.22, 94, 84, 18771048
3.60, 36.13, 24.22, 875.17, 94, 84, 18782876
3.61, 36.13, 24.17, 873.22, 94, 84, 18794716
3.61, 35.16, 24.38, 857.21, 94, 84, 18806540
3.62, 36.46, 24.17, 881.09, 94, 84, 18818376
3.62, 36.46, 24.19, 882.07, 94, 84, 18830204
3.63, 36.46, 24.19, 882.07, 94, 84, 18842036
3.63, 36.46, 24.22, 883.06, 94, 84, 18853872
3.63, 36.13, 24.30, 878.10, 94, 84, 18865696
3.63, 36.46, 24.17, 881.09, 94, 84, 18877532
3.63, 36.46, 24.17, 881.09, 94, 84, 18889360
3.64, 36.46, 24.22, 883.06, 94, 84, 18901196
3.64, 36.46, 24.14, 880.11, 94, 84, 18913024
3.64, 36.46, 24.17, 881.09, 95, 84, 18924864
3.64, 36.46, 24.25, 884.04, 95, 85, 18936688
3.64, 36.46, 24.30, 886.01, 95, 84, 18948520
3.64, 36.46, 24.22, 883.06, 95, 84, 18960352
3.64, 36.46, 24.14, 880.11, 95, 84, 18972176
3.64, 36.46, 24.25, 884.04, 95, 84, 18984016
3.64, 36.46, 24.22, 883.06, 95, 84, 18995836
3.64, 36.13, 24.14, 872.25, 95, 84, 19007672
3.64, 36.46, 24.19, 882.07, 95, 84, 19019500
3.64, 36.46, 24.14, 880.11, 95, 84, 19031332
3.64, 36.46, 24.17, 881.09, 95, 84, 19043156
3.64, 36.46, 24.22, 883.06, 95, 84, 19054984
3.64, 35.48, 24.30, 862.28, 95, 84, 19066820
3.65, 36.46, 24.14, 880.11, 95, 84, 19078644
3.65, 36.46, 24.36, 887.97, 95, 84, 19090480
3.65, 36.46, 24.14, 880.11, 95, 84, 19102304
3.64, 36.46, 24.17, 881.09, 95, 84, 19114136
3.65, 35.48, 24.30, 862.28, 96, 84, 19125976
3.65, 36.46, 24.30, 886.01, 96, 84, 19137796
3.64, 36.46, 24.27, 885.02, 96, 84, 19149620
3.64, 36.46, 24.22, 883.06, 96, 84, 19161448
3.64, 36.46, 24.27, 885.02, 96, 84, 19173280
3.64, 36.78, 24.22, 890.94, 96, 84, 19185112
3.64, 36.46, 24.27, 885.02, 96, 84, 19196944
3.65, 36.46, 24.14, 880.11, 96, 84, 19208768
3.64, 36.78, 24.27, 892.93, 96, 84, 19220604
3.65, 36.78, 24.38, 896.90, 96, 84, 19232428
3.65, 36.46, 24.14, 880.11, 96, 84, 19244264
3.65, 36.46, 24.22, 883.06, 96, 84, 19256088
3.65, 36.78, 24.25, 891.93, 96, 84, 19267932
3.64, 36.46, 24.14, 880.11, 96, 84, 19279748
3.64, 36.46, 24.14, 880.11, 96, 84, 19291580
3.64, 36.78, 24.17, 888.96, 96, 84, 19303420
3.64, 36.78, 24.14, 887.97, 96, 84, 19315244
3.64, 35.48, 24.36, 864.19, 97, 84, 19327084
3.63, 37.43, 24.17, 904.69, 97, 84, 19338908
3.65, 38.41, 24.09, 925.18, 97, 84, 19350744
3.69, 38.74, 24.09, 933.02, 97, 84, 19362568
3.74, 39.39, 24.17, 951.89, 97, 84, 19374400
3.78, 38.74, 24.41, 945.56, 97, 84, 19386240
3.81, 39.71, 24.06, 955.48, 97, 84, 19398056
3.83, 40.04, 24.17, 967.63, 97, 84, 19409892
3.86, 40.04, 24.11, 965.47, 97, 84, 19421716
3.87, 40.36, 24.06, 971.14, 97, 84, 19433552
3.88, 40.04, 24.14, 966.55, 97, 84, 19445372
3.88, 40.36, 24.22, 977.67, 97, 84, 19457208
3.88, 40.36, 24.17, 975.49, 97, 84, 19469036
3.89, 40.36, 24.14, 974.41, 97, 84, 19480872
3.89, 40.36, 24.11, 973.32, 97, 84, 19492696
3.89, 40.36, 24.06, 971.14, 97, 84, 19504524
3.89, 40.69, 24.11, 981.17, 97, 84, 19516360
3.89, 40.69, 24.17, 983.36, 98, 84, 19528200
3.90, 40.69, 24.11, 981.17, 98, 84, 19540016
3.90, 40.69, 24.09, 980.07, 98, 84, 19551844
3.90, 40.69, 24.14, 982.26, 98, 84, 19563680
3.90, 40.69, 24.09, 980.07, 98, 84, 19575508
3.90, 40.04, 24.22, 969.79, 98, 84, 19587340
3.91, 40.69, 24.06, 978.97, 98, 84, 19599168
3.91, 40.69, 24.11, 981.17, 98, 84, 19610996
3.91, 40.69, 24.25, 986.65, 98, 84, 19622828
3.91, 40.69, 24.09, 980.07, 98, 84, 19634664
3.90, 39.71, 24.25, 962.97, 98, 84, 19646500
3.90, 40.69, 24.06, 978.97, 98, 84, 19658328
3.90, 40.69, 24.09, 980.07, 98, 84, 19670160
3.90, 40.69, 24.17, 983.36, 98, 84, 19681988
3.90, 40.69, 24.06, 978.97, 98, 84, 19693828
3.90, 40.04, 24.33, 974.11, 98, 84, 19705652
3.90, 40.69, 24.06, 978.97, 98, 84, 19717484
3.91, 40.69, 24.09, 980.07, 99, 84, 19729312
3.91, 40.69, 24.22, 985.56, 99, 84, 19741148
3.91, 40.69, 24.11, 981.17, 99, 84, 19752984
3.91, 40.69, 24.06, 978.97, 99, 84, 19764808
3.90, 40.69, 24.09, 980.07, 99, 84, 19776648
3.90, 40.69, 24.06, 978.97, 99, 84, 19788472
3.90, 40.69, 24.11, 981.17, 99, 84, 19800308
3.90, 40.69, 24.06, 978.97, 99, 84, 19812136
3.90, 40.69, 24.09, 980.07, 99, 84, 19823964
3.90, 40.69, 24.06, 978.97, 99, 84, 19835796
3.90, 40.36, 24.17, 975.49, 99, 84, 19847628
3.90, 40.69, 24.06, 978.97, 99, 84, 19859464
3.90, 40.69, 24.14, 982.26, 99, 84, 19871292
3.90, 40.69, 24.19, 984.46, 99, 84, 19883128
3.90, 40.69, 24.14, 982.26, 99, 84, 19894952
3.90, 39.71, 24.27, 964.04, 99, 84, 19906788
3.90, 40.69, 24.06, 978.97, 99, 84, 19918608
3.90, 40.69, 24.09, 980.07, 100, 84, 19930440
3.90, 40.69, 24.06, 978.97, 100, 84, 19942272
3.90, 40.69, 24.14, 982.26, 100, 84, 19954100
3.90, 40.04, 24.22, 969.79, 100, 84, 19965952
3.90, 40.69, 24.06, 978.97, 100, 84, 19977764
3.90, 40.69, 24.09, 980.07, 100, 84, 19989600
3.90, 40.69, 24.19, 984.46, 100, 84, 20001428
3.90, 40.69, 24.19, 984.46, 100, 84, 20013260
3.89, 40.69, 24.09, 980.07, 100, 84, 20025084
3.89, 40.69, 24.14, 982.26, 100, 84, 20036924
3.89, 40.69, 24.06, 978.97, 100, 84, 20048752
3.89, 40.69, 24.06, 978.97, 100, 84, 20060580
3.89, 40.69, 24.19, 984.46, 100, 84, 20072420
3.89, 40.69, 24.09, 980.07, 100, 84, 20084248
3.89, 40.69, 24.19, 984.46, 100, 84, 20096084
3.89, 40.36, 24.09, 972.23, 100, 84, 20107912
3.89, 40.69, 24.06, 978.97, 100, 84, 20119744
3.89, 40.69, 24.19, 984.46, 100, 84, 20131568
3.89, 40.69, 24.09, 980.07, 100, 84, 20143404
3.88, 40.69, 24.09, 980.07, 100, 84, 20155232
3.88, 39.71, 24.36, 967.26, 100, 84, 20167060
3.88, 40.69, 24.06, 978.97, 100, 84, 20178896
3.88, 40.69, 24.06, 978.97, 100, 84, 20190720
3.88, 40.69, 24.25, 986.65, 100, 84, 20202560
3.88, 40.69, 24.09, 980.07, 100, 84, 20214384
3.88, 39.71, 24.27, 964.04, 100, 84, 20226236
3.88, 40.69, 24.19, 984.46, 100, 85, 20238044
3.88, 40.69, 24.06, 978.97, 100, 84, 20249880
3.88, 40.69, 24.06, 978.97, 100, 84, 20261700
3.88, 40.69, 24.19, 984.46, 100, 84, 20273532
3.88, 40.36, 24.19, 976.58, 100, 84, 20285368
3.88, 40.69, 24.11, 981.17, 100, 84, 20297196
3.87, 40.69, 24.06, 978.97, 100, 84, 20309032
3.87, 40.69, 24.17, 983.36, 100, 84, 20320860
3.87, 40.69, 24.06, 978.97, 100, 84, 20332696
3.87, 40.69, 24.03, 977.87, 100, 84, 20344520
3.87, 40.69, 24.11, 981.17, 100, 84, 20356356
3.87, 40.69, 24.06, 978.97, 100, 84, 20368196
3.87, 40.69, 24.03, 977.87, 100, 84, 20380012
3.87, 40.69, 24.06, 978.97, 100, 84, 20391840
3.87, 40.69, 24.14, 982.26, 100, 84, 20403668
3.86, 40.69, 24.03, 977.87, 100, 84, 20415508
3.87, 39.71, 24.17, 959.76, 100, 84, 20427328
3.87, 40.69, 24.11, 981.17, 100, 84, 20439164
3.87, 40.69, 24.17, 983.36, 100, 84, 20450988
3.87, 40.69, 24.09, 980.07, 100, 84, 20462824
3.87, 40.69, 24.06, 978.97, 100, 84, 20474648
3.87, 39.71, 24.19, 960.83, 100, 84, 20486480
3.87, 40.69, 24.11, 981.17, 100, 84, 20498308
3.86, 40.69, 24.06, 978.97, 100, 84, 20510136
3.87, 40.69, 24.03, 977.87, 100, 84, 20521972
3.87, 40.69, 24.03, 977.87, 100, 84, 20533796
3.87, 40.36, 24.22, 977.67, 100, 84, 20545628
3.87, 40.69, 24.22, 985.56, 100, 84, 20557456
3.88, 40.69, 24.06, 978.97, 100, 84, 20569292
3.87, 40.69, 24.06, 978.97, 100, 84, 20581120
3.87, 40.69, 24.03, 977.87, 100, 84, 20592956
3.88, 40.69, 24.03, 977.87, 100, 84, 20604776
3.87, 40.69, 24.01, 976.78, 100, 84, 20616608
3.88, 40.69, 24.06, 978.97, 100, 84, 20628448
3.87, 40.69, 24.09, 980.07, 100, 84, 20640272
3.88, 40.69, 24.03, 977.87, 100, 84, 20652108
3.88, 40.69, 24.03, 977.87, 100, 84, 20663932
3.88, 40.69, 24.14, 982.26, 100, 84, 20675772
3.88, 40.04, 24.22, 969.79, 100, 84, 20687596
3.88, 40.69, 24.11, 981.17, 100, 84, 20699436
3.88, 40.69, 24.19, 984.46, 100, 84, 20711260
3.88, 40.69, 24.14, 982.26, 100, 84, 20723092
3.88, 40.69, 24.06, 978.97, 100, 84, 20734932
3.88, 39.71, 24.22, 961.90, 100, 84, 20746752
3.88, 40.69, 24.06, 978.97, 100, 84, 20758592
3.88, 40.69, 24.03, 977.87, 100, 84, 20770420
3.88, 40.69, 24.03, 977.87, 100, 84, 20782256
3.88, 40.69, 24.03, 977.87, 100, 84, 20794084
3.88, 40.04, 24.30, 973.03, 100, 84, 20805920
3.88, 40.69, 24.17, 983.36, 100, 84, 20817744
3.88, 40.69, 24.17, 983.36, 100, 84, 20829576
3.87, 40.69, 24.11, 981.17, 100, 84, 20841412
3.87, 40.69, 24.14, 982.26, 100, 84, 20853240
3.87, 40.69, 24.06, 978.97, 100, 84, 20865080
3.87, 40.69, 24.11, 981.17, 100, 85, 20876904
3.87, 40.69, 24.03, 977.87, 100, 84, 20888740
3.87, 40.69, 24.09, 980.07, 100, 84, 20900564
3.87, 40.69, 24.03, 977.87, 100, 84, 20912404
3.88, 40.69, 24.06, 978.97, 100, 84, 20924228
3.87, 40.69, 24.06, 978.97, 0, 84, 20936056
3.87, 40.36, 24.44, 986.38, 0, 84, 20947900
3.87, 36.13, 24.57, 887.84, 0, 84, 20959720
3.81, 32.55, 24.63, 801.61, 0, 84, 20971560
3.57, 29.30, 24.63, 721.45, 0, 84, 20983388
3.30, 26.37, 24.65, 650.02, 0, 84, 20995224
3.07, 23.76, 24.65, 585.82, 0, 84, 21007064
2.83, 21.48, 24.65, 529.65, 0, 84, 21018888
2.64, 19.21, 24.65, 473.47, 0, 84, 21030712
2.44, 17.25, 24.68, 425.79, 0, 84, 21042544
2.29, 15.63, 24.68, 385.62, 0, 84, 21054376
2.15, 13.02, 24.81, 323.10, 0, 84, 21066220
2.00, 12.70, 24.68, 313.31, 0, 84, 21078044
1.90, 11.39, 24.68, 281.18, 0, 84, 21089868
1.78, 10.42, 24.68, 257.08, 0, 84, 21101708
1.69, 9.44, 24.68, 232.98, 0, 84, 21113532
1.60, 8.46, 24.73, 209.33, 0, 84, 21125372
1.52, 7.49, 24.68, 184.78, 0, 84, 21137196
1.44, 6.84, 24.68, 168.71, 0, 84, 21149028
1.37, 6.18, 24.68, 152.64, 0, 84, 21160860
1.31, 5.53, 24.68, 136.57, 0, 84, 21172692
1.24, 4.88, 24.68, 120.51, 0, 84, 21184528
1.19, 4.56, 24.68, 112.47, 0, 84, 21196352
1.13, 3.91, 24.68, 96.40, 0, 84, 21208192
1.08, 3.58, 24.68, 88.37, 0, 84, 21220016
1.04, 3.26, 24.68, 80.34, 0, 84, 21231856
0.99, 2.93, 24.68, 72.30, 0, 84, 21243676
0.95, 2.60, 24.71, 64.34, 0, 84, 21255508
0.91, 2.28, 24.68, 56.24, 0, 84, 21267356
0.88, 1.95, 24.71, 48.25, 0, 84, 21279172
0.85, 1.95, 24.71, 48.25, 0, 84, 21291004
0.82, 1.63, 24.71, 40.21, 0, 84, 21302828
0.78, 1.30, 24.71, 32.17, 0, 84, 21314668
0.75, 0.65, 24.81, 16.16, 0, 84, 21326508
0.72, 0.98, 24.71, 24.13, 0, 84, 21338328
0.69, 0.98, 24.71, 24.13, 0, 84, 21350148
0.67, 0.98, 24.71, 24.13, 0, 84, 21361984
0.64, 0.65, 24.71, 16.08, 0, 84, 21373812
0.61, 0.33, 24.76, 8.06, 0, 84, 21385640
0.59, 0.65, 24.71, 16.08, 0, 84, 21397480
0.57, 0.33, 24.71, 8.04, 0, 84, 21409304
0.55, 0.33, 24.71, 8.04, 0, 84, 21421140
0.53, 0.33, 24.71, 8.04, 0, 84, 21432968
0.52, 0.33, 24.71, 8.04, 0, 84, 21444804
0.50, -0.00, 24.71, -0.00, 0, 84, 21456632
0.48, -0.00, 24.71, -0.00, 0, 84, 21468464
0.47, -0.00, 24.71, -0.00, 0, 84, 21480292
0.45, -0.00, 24.71, -0.00, 0, 84, 21492120
0.44, -0.00, 24.71, -0.00, 0, 84, 21503960
0.42, -0.00, 24.71, -0.00, 0, 84, 21515784
0.41, -0.00, 24.71, -0.00, 0, 84, 21527624
