0.01, -0.00, 12.38, -0.00, 1, 19, 512
0.01, -0.00, 12.38, -0.00, 1, 151, 7164
0.01, -0.00, 12.38, -0.00, 1, 84, 18984
0.01, -0.00, 12.38, -0.00, 1, 84, 30820
0.01, -0.00, 12.38, -0.00, 1, 84, 42640
0.01, -0.00, 12.38, -0.00, 1, 84, 54476
0.01, -0.00, 12.38, -0.00, 1, 84, 66296
0.01, -0.00, 12.38, -0.00, 1, 84, 78132
0.01, -0.00, 12.38, -0.00, 1, 84, 89956
0.01, -0.00, 12.38, -0.00, 1, 84, 101784
0.01, -0.00, 12.38, -0.00, 1, 84, 113616
0.01, -0.00, 12.35, -0.00, 1, 84, 125436
0.01, -0.00, 12.35, -0.00, 1, 84, 137276
0.01, -0.00, 12.38, -0.00, 1, 84, 149100
0.01, -0.00, 12.35, -0.00, 1, 84, 160932
0.01, -0.00, 12.38, -0.00, 1, 84, 172756
0.01, -0.00, 12.38, -0.00, 1, 84, 184588
0.01, -0.00, 12.38, -0.00, 1, 84, 196412
0.01, -0.00, 12.35, -0.00, 1, 84, 208240
0.01, -0.00, 12.38, -0.00, 2, 84, 220068
0.01, -0.00, 12.38, -0.00, 2, 84, 231900
0.01, -0.00, 12.38, -0.00, 2, 84, 243748
0.01, -0.00, 12.38, -0.00, 2, 85, 255556
0.01, -0.00, 12.38, -0.00, 2, 84, 267392
0.01, -0.00, 12.38, -0.00, 2, 84, 279216
0.01, -0.00, 12.38, -0.00, 2, 84, 291052
0.01, -0.00, 12.38, -0.00, 2, 84, 302872
0.01, -0.00, 12.38, -0.00, 2, 84, 314700
0.01, -0.00, 12.38, -0.00, 2, 84, 326532
0.01, -0.00, 12.38, -0.00, 2, 84, 338356
0.01, -0.00, 12.38, -0.00, 2, 84, 350196
0.01, -0.00, 12.38, -0.00, 2, 84, 362016
0.01, -0.00, 12.38, -0.00, 2, 84, 373848
0.01, -0.00, 12.38, -0.00, 2, 84, 385668
0.01, -0.00, 12.35, -0.00, 2, 84, 397504
0.01, -0.00, 12.38, -0.00, 2, 84, 409328
0.01, -0.00, 12.35, -0.00, 3, 84, 421164
0.01, -0.00, 12.38, -0.00, 3, 84, 432984
0.01, -0.00, 12.35, -0.00, 3, 84, 444832
0.01, -0.00, 12.35, -0.00, 3, 84, 456648
0.01, -0.00, 12.38, -0.00, 3, 84, 468468
0.01, -0.00, 12.38, -0.00, 3, 84, 480304
0.01, -0.00, 12.38, -0.00, 3, 84, 492124
0.01, -0.00, 12.38, -0.00, 3, 84, 503972
0.01, -0.00, 12.35, -0.00, 3, 84, 515784
0.01, -0.00, 12.38, -0.00, 3, 84, 527616
0.01, -0.00, 12.38, -0.00, 3, 84, 539440
0.01, -0.00, 12.38, -0.00, 3, 84, 551268
0.01, -0.00, 12.38, -0.00, 3, 84, 563096
0.01, -0.00, 12.35, -0.00, 3, 84, 574920
0.01, -0.00, 12.35, -0.00, 3, 84, 586756
0.01, -0.00, 12.35, -0.00, 3, 84, 598576
0.01, -0.00, 12.35, -0.00, 3, 84, 610412
0.01, -0.00, 12.35, -0.00, 4, 84, 622232
0.01, -0.00, 12.38, -0.00, 4, 84, 634068
0.01, -0.00, 12.38, -0.00, 4, 84, 645892
0.01, -0.00, 12.41, -0.00, 4, 84, 657728
0.01, -0.00, 12.35, -0.00, 4, 84, 669556
0.01, -0.00, 12.38, -0.00, 4, 84, 681384
0.01, -0.00, 12.38, -0.00, 4, 84, 693220
0.01, -0.00, 12.38, -0.00, 4, 84, 705060
0.01, -0.00, 12.38, -0.00, 4, 84, 716872
0.01, -0.00, 12.35, -0.00, 4, 84, 728692
0.01, -0.00, 12.38, -0.00, 4, 84, 740528
0.01, -0.00, 12.38, -0.00, 4, 84, 752348
0.01, -0.00, 12.41, -0.00, 4, 84, 764184
0.01, -0.00, 12.38, -0.00, 4, 85, 776004
0.01, -0.00, 12.38, -0.00, 4, 84, 787836
0.01, -0.00, 12.35, -0.00, 4, 84, 799664
0.01, -0.00, 12.41, -0.00, 4, 84, 811492
0.01, -0.00, 12.38, -0.00, 5, 84, 823328
0.01, -0.00, 12.38, -0.00, 5, 84, 835152
0.01, -0.00, 12.38, -0.00, 5, 84, 846988
0.01, -0.00, 12.35, -0.00, 5, 84, 858804
0.01, -0.00, 12.35, -0.00, 5, 84, 870640
0.01, -0.00, 12.41, -0.00, 5, 84, 882464
0.01, -0.00, 12.38, -0.00, 5, 84, 894292
0.01, -0.00, 12.38, -0.00, 5, 84, 906116
0.01, -0.00, 12.35, -0.00, 5, 84, 917944
0.01, -0.00, 12.38, -0.00, 5, 84, 929776
0.01, -0.00, 12.35, -0.00, 5, 84, 941600
0.01, -0.00, 12.35, -0.00, 5, 84, 953436
0.01, -0.00, 12.35, -0.00, 5, 84, 965276
0.01, -0.00, 12.35, -0.00, 5, 84, 977088
0.01, -0.00, 12.38, -0.00, 5, 84, 988912
0.01, -0.00, 12.41, -0.00, 5, 84, 1000744
0.01, -0.00, 12.38, -0.00, 5, 84, 1012568
0.01, -0.00, 12.41, -0.00, 6, 84, 1024392
0.01, -0.00, 12.35, -0.00, 6, 84, 1036224
0.01, -0.00, 12.38, -0.00, 6, 84, 1048052
0.01, -0.00, 12.38, -0.00, 6, 84, 1059880
0.01, 0.33, 12.35, 4.02, 6, 84, 1071704
0.01, -0.00, 12.38, -0.00, 6, 84, 1083536
0.01, -0.00, 12.35, -0.00, 6, 84, 1095356
0.01, -0.00, 12.38, -0.00, 6, 84, 1107196
0.01, -0.00, 12.35, -0.00, 6, 84, 1119016
0.01, -0.00, 12.41, -0.00, 6, 84, 1130848
0.01, 0.33, 12.38, 4.03, 6, 84, 1142676
0.01, 0.33, 12.35, 4.02, 6, 84, 1154504
0.01, -0.00, 12.35, -0.00, 6, 84, 1166340
0.01, -0.00, 12.41, -0.00, 6, 84, 1178164
0.01, 0.33, 12.35, 4.02, 6, 84, 1189996
0.01, -0.00, 12.38, -0.00, 6, 84, 1201820
0.01, -0.00, 12.35, -0.00, 6, 84, 1213652
0.01, 0.33, 12.35, 4.02, 7, 84, 1225472
0.01, 0.33, 12.30, 4.00, 7, 84, 1237308
0.01, 0.33, 12.33, 4.01, 7, 84, 1249128
0.01, -0.00, 12.38, -0.00, 7, 84, 1260952
0.01, -0.00, 12.41, -0.00, 7, 84, 1272792
0.01, -0.00, 12.35, -0.00, 7, 84, 1284612
0.01, -0.00, 12.35, -0.00, 7, 84, 1296448
0.01, -0.00, 12.38, -0.00, 7, 84, 1308272
0.01, 0.33, 12.38, 4.03, 7, 84, 1320108
0.01, 0.33, 12.38, 4.03, 7, 84, 1331928
0.01, 0.33, 12.38, 4.03, 7, 84, 1343764
0.02, 0.33, 12.35, 4.02, 7, 84, 1355588
0.01, -0.00, 12.38, -0.00, 7, 84, 1367412
0.01, -0.00, 12.41, -0.00, 7, 84, 1379244
0.01, 0.33, 12.38, 4.03, 7, 84, 1391072
0.02, -0.00, 12.38, -0.00, 7, 84, 1402908
0.01, -0.00, 12.38, -0.00, 7, 85, 1414728
0.02, -0.00, 12.41, -0.00, 8, 84, 1426560
0.01, 0.33, 12.43, 4.05, 8, 84, 1438384
0.02, -0.00, 12.41, -0.00, 8, 84, 1450220
0.01, 0.33, 12.35, 4.02, 8, 84, 1462040
0.02, 0.33, 12.38, 4.03, 8, 84, 1473864
0.01, 0.33, 12.38, 4.03, 8, 84, 1485692
0.02, 0.33, 12.38, 4.03, 8, 84, 1497516
0.02, 0.33, 12.38, 4.03, 8, 84, 1509352
0.02, 0.33, 12.38, 4.03, 8, 84, 1521176
0.02, 0.33, 12.41, 4.04, 8, 84, 1533008
0.02, 0.33, 12.33, 4.01, 8, 84, 1544832
0.02, 0.33, 12.33, 4.01, 8, 84, 1556664
0.02, 0.33, 12.38, 4.03, 8, 84, 1568488
0.02, 0.33, 12.35, 4.02, 8, 84, 1580324
0.01, 0.33, 12.35, 4.02, 8, 84, 1592144
0.02, 0.33, 12.41, 4.04, 8, 84, 1603992
0.01, -0.00, 12.38, -0.00, 8, 85, 1615812
0.02, 0.33, 12.33, 4.01, 9, 84, 1627632
0.01, 0.33, 12.35, 4.02, 9, 84, 1639464
0.02, 0.33, 12.30, 4.00, 9, 84, 1651288
0.02, 0.33, 12.35, 4.02, 9, 84, 1663128
0.02, 0.33, 12.35, 4.02, 9, 84, 1674948
0.02, 0.33, 12.41, 4.04, 9, 84, 1686788
0.02, 0.33, 12.41, 4.04, 9, 84, 1698608
0.02, 0.33, 12.41, 4.04, 9, 84, 1710440
0.02, 0.33, 12.38, 4.03, 9, 84, 1722264
0.02, 0.33, 12.33, 4.01, 9, 84, 1734096
0.02, -0.00, 12.38, -0.00, 9, 84, 1745932
0.02, 0.33, 12.38, 4.03, 9, 84, 1757752
0.02, 0.33, 12.43, 4.05, 9, 84, 1769592
0.02, -0.00, 12.38, -0.00, 9, 84, 1781416
0.02, 0.33, 12.35, 4.02, 9, 84, 1793248
0.02, 0.33, 12.35, 4.02, 9, 84, 1805092
0.02, 0.33, 12.30, 4.00, 9, 84, 1816908
0.02, 0.33, 12.38, 4.03, 10, 84, 1828728
0.02, 0.33, 12.41, 4.04, 10, 84, 1840556
0.02, 0.33, 12.35, 4.02, 10, 84, 1852392
0.02, 0.33, 12.41, 4.04, 10, 84, 1864228
0.02, 0.33, 12.35, 4.02, 10, 84, 1876052
0.02, 0.33, 12.33, 4.01, 10, 84, 1887876
0.02, 0.33, 12.43, 4.05, 10, 84, 1899708
0.02, 0.33, 12.35, 4.02, 10, 84, 1911532
0.02, 0.33, 12.30, 4.00, 10, 84, 1923364
0.02, 0.33, 12.41, 4.04, 10, 85, 1935192
0.02, 0.33, 12.35, 4.02, 10, 84, 1947016
0.02, 0.33, 12.33, 4.01, 10, 84, 1958852
0.02, 0.33, 12.38, 4.03, 10, 84, 1970672
0.02, 0.33, 12.35, 4.02, 10, 84, 1982508
0.02, 0.33, 12.41, 4.04, 10, 84, 1994328
0.02, 0.33, 12.33, 4.01, 10, 84, 2006164
0.02, 0.33, 12.33, 4.01, 10, 84, 2017984
0.02, 0.33, 12.38, 4.03, 11, 84, 2029816
0.02, 0.33, 12.30, 4.00, 11, 84, 2041636
0.02, 0.33, 12.41, 4.04, 11, 84, 2053464
0.02, 0.33, 12.30, 4.00, 11, 84, 2065312
0.02, 0.33, 12.38, 4.03, 11, 84, 2077120
0.02, 0.33, 12.38, 4.03, 11, 84, 2088952
0.02, 0.33, 12.38, 4.03, 11, 84, 2100776
0.02, 0.33, 12.35, 4.02, 11, 84, 2112608
0.02, -0.00, 12.38, -0.00, 11, 84, 2124428
0.02, 0.33, 12.41, 4.04, 11, 84, 2136260
0.02, 0.33, 12.35, 4.02, 11, 84, 2148084
0.02, 0.33, 12.41, 4.04, 11, 84, 2159920
0.02, 0.33, 12.38, 4.03, 11, 84, 2171744
0.02, 0.33, 12.41, 4.04, 11, 84, 2183572
0.02, 0.33, 12.35, 4.02, 11, 84, 2195408
0.02, 0.33, 12.35, 4.02, 11, 84, 2207232
0.02, 0.33, 12.38, 4.03, 11, 84, 2219068
0.02, 0.33, 12.41, 4.04, 12, 84, 2230888
0.02, 0.33, 12.38, 4.03, 12, 84, 2242724
0.02, 0.33, 12.33, 4.01, 12, 84, 2254548
0.02, 0.33, 12.35, 4.02, 12, 84, 2266380
0.02, 0.33, 12.38, 4.03, 12, 84, 2278200
0.02, 0.33, 12.41, 4.04, 12, 84, 2290028
0.02, 0.33, 12.38, 4.03, 12, 84, 2301852
0.02, 0.33, 12.33, 4.01, 12, 84, 2313680
0.02, 0.33, 12.33, 4.01, 12, 84, 2325536
0.02, 0.33, 12.41, 4.04, 12, 84, 2337340
0.02, 0.33, 12.33, 4.01, 12, 84, 2349176
0.02, 0.33, 12.38, 4.03, 12, 84, 2361000
0.02, 0.33, 12.33, 4.01, 12, 84, 2372832
0.02, 0.33, 12.41, 4.04, 12, 84, 2384656
0.02, 0.33, 12.38, 4.03, 12, 84, 2396488
0.02, 0.33, 12.41, 4.04, 12, 84, 2408308
0.02, 0.33, 12.35, 4.02, 12, 84, 2420132
0.02, 0.33, 12.41, 4.04, 13, 84, 2431968
0.02, -0.00, 12.33, -0.00, 13, 84, 2443788
0.02, 0.33, 12.41, 4.04, 13, 84, 2455620
0.02, 0.65, 12.30, 8.01, 13, 84, 2467444
0.02, 0.33, 12.38, 4.03, 13, 84, 2479276
0.02, 0.33, 12.38, 4.03, 13, 84, 2491096
0.02, 0.33, 12.35, 4.02, 13, 84, 2502928
0.02, 0.33, 12.33, 4.01, 13, 84, 2514756
0.02, 0.33, 12.43, 4.05, 13, 84, 2526584
0.02, 0.33, 12.35, 4.02, 13, 84, 2538408
0.02, 0.33, 12.43, 4.05, 13, 84, 2550232
0.02, 0.65, 12.38, 8.06, 13, 84, 2562068
0.02, 0.33, 12.30, 4.00, 13, 84, 2573888
0.02, 0.65, 12.33, 8.02, 13, 84, 2585724
0.02, 0.33, 12.27, 3.99, 13, 84, 2597548
0.02, 0.33, 12.41, 4.04, 13, 84, 2609384
0.02, 0.65, 12.33, 8.02, 13, 84, 2621200
0.02, 0.33, 12.43, 4.05, 14, 84, 2633036
0.02, 0.65, 12.38, 8.06, 14, 84, 2644856
0.02, 0.33, 12.30, 4.00, 14, 84, 2656684
0.02, 0.33, 12.35, 4.02, 14, 84, 2668516
0.02, 0.65, 12.38, 8.06, 14, 84, 2680336
0.02, 0.65, 12.43, 8.10, 14, 84, 2692168
0.02, 0.33, 12.38, 4.03, 14, 84, 2703992
0.02, 0.33, 12.43, 4.05, 14, 84, 2715824
0.02, 0.33, 12.35, 4.02, 14, 84, 2727644
0.02, 0.33, 12.43, 4.05, 14, 84, 2739480
0.02, 0.33, 12.38, 4.03, 14, 84, 2751300
0.02, 0.33, 12.19, 3.97, 14, 84, 2763124
0.02, 0.33, 12.43, 4.05, 14, 84, 2774952
0.02, 0.65, 12.30, 8.01, 14, 84, 2786780
0.02, 0.33, 12.30, 4.00, 14, 84, 2798616
0.02, 0.65, 12.35, 8.04, 14, 84, 2810440
0.02, 0.33, 12.33, 4.01, 14, 84, 2822272
0.02, 0.33, 12.35, 4.02, 15, 84, 2834092
0.02, 0.33, 12.43, 4.05, 15, 84, 2845928
0.02, 0.65, 12.35, 8.04, 15, 84, 2857752
0.02, 0.33, 12.19, 3.97, 15, 84, 2869580
0.03, 0.33, 12.33, 4.01, 15, 84, 2881412
0.03, 0.65, 12.30, 8.01, 15, 84, 2893240
0.03, 0.65, 12.43, 8.10, 15, 84, 2905072
0.03, 0.65, 12.35, 8.04, 15, 85, 2916896
0.03, 0.65, 12.41, 8.08, 15, 84, 2928736
0.02, 0.65, 12.19, 7.94, 15, 84, 2940556
0.03, 0.65, 12.43, 8.10, 15, 84, 2952392
0.03, 0.33, 12.41, 4.04, 15, 84, 2964228
0.03, 0.33, 12.38, 4.03, 15, 84, 2976048
0.03, 0.33, 12.33, 4.01, 15, 84, 2987868
0.03, 0.33, 12.38, 4.03, 15, 84, 2999696
0.03, 0.65, 12.41, 8.08, 15, 84, 3011532
0.03, 0.33, 12.35, 4.02, 15, 84, 3023352
0.03, 0.33, 12.43, 4.05, 16, 84, 3035188
0.03, 0.33, 12.43, 4.05, 16, 84, 3047008
0.03, 0.65, 12.43, 8.10, 16, 84, 3058840
0.03, 0.65, 12.27, 7.99, 16, 84, 3070660
0.03, 0.65, 12.35, 8.04, 16, 84, 3082496
0.03, 0.65, 12.43, 8.10, 16, 84, 3094320
0.03, 0.65, 12.41, 8.08, 16, 84, 3106148
0.03, 0.65, 12.46, 8.11, 16, 84, 3117976
0.03, 0.65, 12.35, 8.04, 16, 84, 3129804
0.03, 0.33, 12.33, 4.01, 16, 84, 3141640
0.03, 0.65, 12.49, 8.13, 16, 84, 3153464
0.03, 0.65, 12.46, 8.11, 16, 84, 3165296
0.03, 0.65, 12.49, 8.13, 16, 84, 3177120
0.03, 0.65, 12.41, 8.08, 16, 84, 3188956
0.03, 0.33, 12.30, 4.00, 16, 84, 3200776
0.03, 0.65, 12.43, 8.10, 16, 84, 3212608
0.03, 0.65, 12.43, 8.10, 16, 84, 3224444
0.03, 0.65, 12.38, 8.06, 17, 85, 3236256
0.03, 0.33, 12.25, 3.99, 17, 84, 3248092
0.03, 0.65, 12.25, 7.97, 17, 84, 3259908
0.03, 0.65, 12.35, 8.04, 17, 84, 3271744
0.03, 0.65, 12.27, 7.99, 17, 84, 3283564
0.03, 0.65, 12.30, 8.01, 17, 84, 3295396
0.03, 0.65, 12.19, 7.94, 17, 84, 3307216
0.03, 0.65, 12.30, 8.01, 17, 84, 3319052
0.03, 0.65, 12.38, 8.06, 17, 84, 3330872
0.03, 0.65, 12.38, 8.06, 17, 84, 3342704
0.03, 0.65, 12.46, 8.11, 17, 84, 3354532
0.03, 0.65, 12.27, 7.99, 17, 84, 3366364
0.03, 0.65, 12.35, 8.04, 17, 84, 3378196
0.03, 0.65, 12.35, 8.04, 17, 84, 3390016
0.03, 0.65, 12.33, 8.02, 17, 84, 3401856
0.03, 0.65, 12.54, 8.17, 17, 84, 3413676
0.03, 0.65, 12.33, 8.02, 17, 84, 3425532
0.03, 0.65, 12.35, 8.04, 18, 84, 3437332
0.03, 0.65, 12.38, 8.06, 18, 84, 3449164
0.03, 0.65, 12.43, 8.10, 18, 84, 3460992
0.03, 0.65, 12.30, 8.01, 18, 84, 3472816
0.03, 0.33, 12.35, 4.02, 18, 84, 3484668
0.03, 0.65, 12.33, 8.02, 18, 85, 3496476
0.03, 0.65, 12.30, 8.01, 18, 84, 3508312
0.03, 0.65, 12.49, 8.13, 18, 84, 3520132
0.03, 0.65, 12.14, 7.90, 18, 84, 3531968
0.03, 0.65, 12.38, 8.06, 18, 84, 3543788
0.03, 0.98, 12.33, 12.04, 18, 84, 3555628
0.03, 0.65, 12.30, 8.01, 18, 84, 3567452
0.03, 0.65, 12.43, 8.10, 18, 84, 3579280
0.03, 0.65, 12.30, 8.01, 18, 84, 3591112
0.03, 0.65, 12.41, 8.08, 18, 84, 3602932
0.03, 0.65, 12.30, 8.01, 18, 84, 3614764
0.03, 0.65, 12.43, 8.10, 18, 84, 3626588
0.03, 0.65, 12.41, 8.08, 19, 84, 3638420
0.03, 0.65, 12.33, 8.02, 19, 84, 3650244
0.03, 0.98, 12.35, 12.06, 19, 84, 3662080
0.03, 0.65, 12.41, 8.08, 19, 84, 3673900
0.03, 0.65, 12.25, 7.97, 19, 84, 3685744
0.03, 0.65, 12.35, 8.04, 19, 85, 3697556
0.03, 0.65, 12.27, 7.99, 19, 84, 3709384
0.03, 0.65, 12.35, 8.04, 19, 84, 3721216
0.03, 0.65, 12.27, 7.99, 19, 84, 3733036
0.03, 0.33, 12.27, 3.99, 19, 84, 3744872
0.03, 0.65, 12.57, 8.18, 19, 84, 3756692
0.03, 0.65, 12.27, 7.99, 19, 84, 3768524
0.03, 0.65, 12.33, 8.02, 19, 84, 3780348
0.03, 0.65, 12.35, 8.04, 19, 84, 3792180
0.03, 0.98, 12.27, 11.98, 19, 84, 3804004
0.03, 0.65, 12.38, 8.06, 19, 84, 3815832
0.03, 0.65, 12.30, 8.01, 19, 84, 3827668
0.03, 0.65, 12.30, 8.01, 20, 84, 3839492
0.03, 0.65, 12.25, 7.97, 20, 84, 3851328
0.03, 0.65, 12.49, 8.13, 20, 84, 3863148
0.03, 0.65, 12.25, 7.97, 20, 84, 3874984
0.03, 0.65, 12.35, 8.04, 20, 84, 3886808
0.03, 0.65, 12.43, 8.10, 20, 84, 3898644
0.03, 0.65, 12.30, 8.01, 20, 84, 3910464
0.03, 0.65, 12.49, 8.13, 20, 84, 3922296
0.03, 0.98, 12.41, 12.12, 20, 84, 3934124
0.03, 0.98, 12.46, 12.17, 20, 84, 3945972
0.03, 0.65, 12.41, 8.08, 20, 84, 3957784
0.04, 0.65, 12.38, 8.06, 20, 84, 3969604
0.04, 0.65, 12.22, 7.95, 20, 84, 3981440
0.04, 0.65, 12.33, 8.02, 20, 84, 3993260
0.03, 0.65, 12.27, 7.99, 20, 84, 4005096
0.04, 0.65, 12.41, 8.08, 20, 84, 4016916
0.03, 0.65, 12.46, 8.11, 20, 84, 4028748
0.03, 0.98, 12.41, 12.12, 21, 84, 4040572
0.03, 0.65, 12.33, 8.02, 21, 84, 4052400
0.03, 0.65, 12.27, 7.99, 21, 84, 4064236
0.04, 0.98, 12.41, 12.12, 21, 84, 4076056
0.04, 0.65, 12.25, 7.97, 21, 84, 4087892
0.04, 0.98, 12.30, 12.01, 21, 84, 4099716
0.04, 0.98, 12.38, 12.09, 21, 84, 4111552
0.04, 0.98, 12.43, 12.14, 21, 84, 4123372
0.04, 0.65, 12.49, 8.13, 21, 84, 4135208
0.04, 0.98, 12.41, 12.12, 21, 84, 4147028
0.04, 0.65, 12.46, 8.11, 21, 84, 4158856
0.04, 0.98, 12.43, 12.14, 21, 84, 4170688
0.04, 0.65, 12.27, 7.99, 21, 84, 4182512
0.04, 0.65, 12.25, 7.97, 21, 84, 4194348
0.04, 0.98, 12.38, 12.09, 21, 84, 4206172
0.04, 0.98, 12.27, 11.98, 21, 84, 4218004
0.04, 0.65, 12.35, 8.04, 21, 84, 4229828
0.04, 0.98, 12.27, 11.98, 22, 84, 4241664
0.04, 0.65, 12.38, 8.06, 22, 84, 4253488
0.04, 1.30, 12.27, 15.98, 22, 84, 4265316
0.04, 0.98, 12.43, 12.14, 22, 85, 4277144
0.04, 0.98, 12.35, 12.06, 22, 84, 4288972
0.04, 0.65, 12.22, 7.95, 22, 84, 4300808
0.04, 0.98, 12.35, 12.06, 22, 84, 4312632
0.04, 0.98, 12.46, 12.17, 22, 84, 4324484
0.04, 1.30, 12.11, 15.77, 22, 84, 4336288
0.04, 0.98, 12.41, 12.12, 22, 84, 4348124
0.04, 0.65, 12.30, 8.01, 22, 84, 4359944
0.04, 0.65, 12.33, 8.02, 22, 84, 4371784
0.04, 0.65, 12.27, 7.99, 22, 84, 4383600
0.04, 0.98, 12.30, 12.01, 22, 84, 4395432
0.04, 0.98, 12.25, 11.96, 22, 84, 4407264
0.04, 0.98, 12.33, 12.04, 22, 84, 4419088
0.04, 0.98, 12.43, 12.14, 22, 84, 4430924
0.04, 0.65, 12.38, 8.06, 23, 84, 4442744
0.04, 0.98, 12.46, 12.17, 23, 84, 4454580
0.04, 0.65, 12.33, 8.02, 23, 84, 4466404
0.04, 0.98, 12.43, 12.14, 23, 84, 4478240
0.04, 0.98, 12.27, 11.98, 23, 84, 4490064
0.04, 1.30, 12.22, 15.91, 23, 84, 4501892
0.04, 1.30, 12.38, 16.12, 23, 84, 4513724
0.04, 0.98, 12.43, 12.14, 23, 84, 4525548
0.04, 0.98, 12.43, 12.14, 23, 84, 4537380
0.04, 0.98, 12.33, 12.04, 23, 84, 4549204
0.04, 0.98, 12.41, 12.12, 23, 84, 4561040
0.04, 0.98, 12.52, 12.22, 23, 84, 4572864
0.04, 0.65, 12.30, 8.01, 23, 84, 4584716
0.04, 1.30, 12.38, 16.12, 23, 85, 4596524
0.04, 1.30, 12.22, 15.91, 23, 84, 4608352
0.04, 0.98, 12.43, 12.14, 23, 84, 4620180
0.04, 0.98, 12.43, 12.14, 23, 84, 4632008
0.04, 0.98, 12.62, 12.33, 24, 84, 4643840
0.04, 0.98, 12.35, 12.06, 24, 85, 4655660
0.04, 0.98, 12.43, 12.14, 24, 84, 4667496
0.04, 0.98, 12.49, 12.20, 24, 84, 4679320
0.04, 0.98, 12.25, 11.96, 24, 84, 4691156
0.04, 0.98, 12.27, 11.98, 24, 84, 4702976
0.04, 1.30, 12.22, 15.91, 24, 84, 4714808
0.04, 0.98, 12.22, 11.93, 24, 84, 4726628
0.04, 0.98, 12.30, 12.01, 24, 84, 4738456
0.04, 0.98, 12.27, 11.98, 24, 84, 4750288
0.04, 0.98, 12.35, 12.06, 24, 84, 4762112
0.04, 1.30, 12.46, 16.23, 24, 84, 4773948
0.04, 0.65, 12.41, 8.08, 24, 84, 4785788
0.04, 0.98, 12.41, 12.12, 24, 84, 4797604
0.04, 0.98, 12.27, 11.98, 24, 84, 4809428
0.04, 0.98, 12.43, 12.14, 24, 84, 4821260
0.04, 0.98, 12.43, 12.14, 24, 84, 4833080
0.04, 0.98, 12.19, 11.91, 25, 84, 4844924
0.04, 0.98, 12.25, 11.96, 25, 84, 4856736
0.04, 0.98, 12.43, 12.14, 25, 84, 4868568
0.04, 0.98, 12.30, 12.01, 25, 84, 4880400
0.04, 0.98, 12.38, 12.09, 25, 84, 4892224
0.04, 0.98, 12.30, 12.01, 25, 84, 4904060
0.05, 0.98, 12.30, 12.01, 25, 84, 4915880
0.05, 0.98, 12.25, 11.96, 25, 84, 4927716
0.05, 1.30, 12.35, 16.08, 25, 84, 4939540
0.05, 0.65, 12.54, 8.17, 25, 84, 4951372
0.05, 1.30, 12.38, 16.12, 25, 84, 4963196
0.05, 0.98, 12.38, 12.09, 25, 84, 4975024
0.05, 1.30, 12.41, 16.16, 25, 84, 4986856
0.05, 0.98, 12.25, 11.96, 25, 84, 4998676
0.05, 0.98, 12.41, 12.12, 25, 84, 5010512
0.04, 0.98, 12.62, 12.33, 25, 84, 5022336
0.04, 0.98, 12.41, 12.12, 25, 84, 5034172
0.05, 1.30, 12.41, 16.16, 26, 84, 5046012
0.05, 1.30, 12.38, 16.12, 26, 84, 5057828
0.05, 0.98, 12.33, 12.04, 26, 84, 5069648
0.05, 0.65, 12.54, 8.17, 26, 84, 5081476
0.05, 1.30, 12.30, 16.01, 26, 84, 5093312
0.05, 0.98, 12.25, 11.96, 26, 84, 5105132
0.05, 0.98, 12.27, 11.98, 26, 84, 5116968
0.05, 1.30, 12.27, 15.98, 26, 84, 5128784
0.05, 0.98, 12.19, 11.91, 26, 84, 5140620
0.05, 0.98, 12.60, 12.30, 26, 84, 5152440
0.05, 0.98, 12.54, 12.25, 26, 84, 5164272
0.05, 0.98, 12.22, 11.93, 26, 85, 5176096
0.05, 0.98, 12.41, 12.12, 26, 84, 5187920
0.05, 0.98, 12.25, 11.96, 26, 84, 5199748
0.05, 1.30, 12.33, 16.05, 26, 84, 5211576
0.05, 0.98, 12.22, 11.93, 26, 84, 5223408
0.05, 1.30, 12.41, 16.16, 26, 84, 5235228
0.05, 0.98, 12.19, 11.91, 27, 84, 5247064
0.05, 1.30, 12.41, 16.16, 27, 84, 5258884
0.05, 0.98, 12.00, 11.72, 27, 84, 5270716
0.05, 1.30, 12.41, 16.16, 27, 84, 5282536
0.05, 1.30, 12.35, 16.08, 27, 84, 5294372
0.05, 1.30, 12.41, 16.16, 27, 84, 5306216
0.05, 1.63, 12.22, 19.89, 27, 84, 5318020
0.05, 1.30, 12.22, 15.91, 27, 84, 5329860
0.05, 0.98, 12.22, 11.93, 27, 84, 5341680
0.05, 1.30, 12.38, 16.12, 27, 84, 5353508
0.05, 1.63, 11.95, 19.45, 27, 84, 5365332
0.05, 1.30, 12.41, 16.16, 27, 84, 5377164
0.05, 1.30, 12.57, 16.37, 27, 84, 5388988
0.05, 1.30, 12.35, 16.08, 27, 84, 5400820
0.05, 1.30, 12.41, 16.16, 27, 84, 5412640
0.05, 1.30, 12.43, 16.19, 27, 84, 5424468
0.05, 1.30, 12.43, 16.19, 27, 84, 5436292
0.05, 1.30, 12.22, 15.91, 28, 84, 5448120
0.05, 1.30, 12.27, 15.98, 28, 84, 5459956
0.05, 1.30, 12.16, 15.84, 28, 84, 5471776
0.05, 1.30, 12.33, 16.05, 28, 84, 5483608
0.05, 1.63, 12.14, 19.76, 28, 84, 5495432
0.05, 1.30, 12.62, 16.44, 28, 84, 5507260
0.05, 1.30, 12.30, 16.01, 28, 84, 5519080
0.05, 1.30, 12.30, 16.01, 28, 84, 5530912
0.05, 1.30, 12.35, 16.08, 28, 84, 5542732
0.05, 1.30, 12.35, 16.08, 28, 84, 5554564
0.05, 1.30, 12.35, 16.08, 28, 84, 5566400
0.05, 1.30, 12.38, 16.12, 28, 84, 5578220
0.05, 1.63, 12.35, 20.11, 28, 84, 5590052
0.05, 1.30, 12.41, 16.16, 28, 84, 5601880
0.05, 1.30, 12.35, 16.08, 28, 84, 5613712
0.05, 1.30, 12.73, 16.58, 28, 84, 5625536
0.05, 1.63, 12.43, 20.24, 28, 84, 5637368
0.05, 1.30, 12.19, 15.87, 29, 84, 5649192
0.05, 1.30, 12.46, 16.23, 29, 84, 5661020
0.05, 1.30, 12.30, 16.01, 29, 84, 5672852
0.05, 1.30, 12.33, 16.05, 29, 84, 5684696
0.05, 1.30, 12.41, 16.16, 29, 84, 5696516
0.05, 1.30, 12.19, 15.87, 29, 84, 5708340
0.06, 1.30, 12.41, 16.16, 29, 84, 5720172
0.06, 1.30, 12.68, 16.51, 29, 84, 5731996
0.05, 1.30, 12.27, 15.98, 29, 84, 5743828
0.06, 1.63, 12.22, 19.89, 29, 84, 5755648
0.06, 1.63, 12.25, 19.93, 29, 84, 5767484
0.06, 1.30, 12.33, 16.05, 29, 84, 5779308
0.06, 1.63, 12.41, 20.19, 29, 84, 5791136
0.06, 1.63, 12.38, 20.15, 29, 84, 5802968
0.05, 1.30, 12.43, 16.19, 29, 84, 5814788
0.05, 1.30, 12.38, 16.12, 29, 84, 5826620
0.05, 1.63, 12.00, 19.54, 29, 84, 5838444
0.05, 1.30, 12.38, 16.12, 30, 84, 5850276
0.05, 1.30, 12.38, 16.12, 30, 84, 5862096
0.05, 1.30, 12.43, 16.19, 30, 84, 5873932
0.06, 0.98, 12.22, 11.93, 30, 84, 5885752
0.06, 1.63, 12.38, 20.15, 30, 84, 5897580
0.06, 1.63, 12.41, 20.19, 30, 84, 5909408
0.06, 1.63, 12.25, 19.93, 30, 84, 5921236
0.06, 1.30, 12.25, 15.94, 30, 84, 5933068
0.06, 1.63, 12.22, 19.89, 30, 84, 5944904
0.06, 1.63, 12.35, 20.11, 30, 84, 5956720
0.06, 1.63, 11.95, 19.45, 30, 84, 5968540
0.06, 1.63, 12.41, 20.19, 30, 84, 5980376
0.06, 1.30, 12.14, 15.80, 30, 84, 5992192
0.06, 1.30, 12.06, 15.70, 30, 84, 6004028
0.06, 1.63, 12.27, 19.97, 30, 84, 6015852
0.06, 1.63, 12.33, 20.06, 30, 84, 6027676
0.06, 1.63, 12.38, 20.15, 30, 84, 6039508
0.06, 1.63, 12.60, 20.50, 31, 84, 6051328
0.06, 1.63, 12.35, 20.11, 31, 84, 6063164
0.06, 0.98, 12.41, 12.12, 31, 84, 6074984
0.06, 1.63, 12.43, 20.24, 31, 84, 6086816
0.06, 1.30, 12.35, 16.08, 31, 84, 6098636
0.06, 1.63, 12.33, 20.06, 31, 84, 6110472
0.06, 1.63, 12.35, 20.11, 31, 84, 6122292
0.06, 0.98, 12.65, 12.35, 31, 84, 6134120
0.06, 1.63, 12.41, 20.19, 31, 84, 6145944
0.06, 1.63, 12.16, 19.80, 31, 84, 6157772
0.06, 1.30, 12.33, 16.05, 31, 84, 6169608
0.06, 1.63, 12.25, 19.93, 31, 84, 6181428
0.06, 1.63, 12.25, 19.93, 31, 84, 6193264
0.06, 0.98, 12.41, 12.12, 31, 84, 6205096
0.06, 1.63, 12.25, 19.93, 31, 85, 6216916
0.06, 1.63, 12.38, 20.15, 31, 84, 6228740
0.06, 1.30, 12.57, 16.37, 31, 84, 6240572
0.06, 1.63, 12.41, 20.19, 32, 84, 6252396
0.06, 1.63, 11.92, 19.40, 32, 84, 6264224
0.06, 1.63, 12.27, 19.97, 32, 84, 6276064
0.06, 1.63, 12.30, 20.02, 32, 84, 6287884
0.06, 1.63, 12.19, 19.84, 32, 84, 6299720
0.06, 1.63, 12.22, 19.89, 32, 84, 6311544
0.06, 1.63, 12.11, 19.71, 32, 84, 6323376
0.06, 1.63, 12.35, 20.11, 32, 84, 6335200
0.06, 1.63, 12.43, 20.24, 32, 84, 6347036
0.06, 1.63, 12.33, 20.06, 32, 84, 6358860
0.06, 1.63, 11.87, 19.32, 32, 84, 6370684
0.06, 1.63, 12.27, 19.97, 32, 84, 6382520
0.06, 1.63, 12.33, 20.06, 32, 84, 6394344
0.06, 1.95, 12.33, 24.07, 32, 84, 6406196
0.06, 1.63, 12.41, 20.19, 32, 84, 6418004
0.06, 1.63, 12.41, 20.19, 32, 84, 6429840
0.06, 2.28, 11.87, 27.04, 32, 84, 6441660
0.06, 1.63, 12.35, 20.11, 33, 84, 6453492
0.06, 1.63, 12.19, 19.84, 33, 84, 6465316
0.06, 1.63, 12.19, 19.84, 33, 84, 6477144
0.06, 1.63, 12.27, 19.97, 33, 84, 6488972
0.07, 1.63, 12.27, 19.97, 33, 84, 6500804
0.07, 1.63, 12.30, 20.02, 33, 84, 6512636
0.07, 1.63, 12.43, 20.24, 33, 84, 6524456
0.07, 1.63, 12.41, 20.19, 33, 84, 6536288
0.06, 1.30, 12.41, 16.16, 33, 84, 6548108
0.06, 1.95, 12.46, 24.34, 33, 84, 6559944
0.07, 1.63, 12.19, 19.84, 33, 84, 6571764
0.07, 1.30, 12.46, 16.23, 33, 84, 6583596
0.07, 1.63, 12.22, 19.89, 33, 84, 6595420
0.07, 1.63, 12.35, 20.11, 33, 84, 6607248
0.07, 1.63, 12.38, 20.15, 33, 84, 6619084
0.07, 1.63, 12.33, 20.06, 33, 84, 6630904
0.07, 1.63, 12.25, 19.93, 33, 84, 6642736
0.07, 1.95, 12.35, 24.13, 34, 84, 6654560
0.06, 1.63, 12.43, 20.24, 34, 84, 6666412
0.07, 1.30, 12.41, 16.16, 34, 84, 6678212
0.07, 1.95, 12.33, 24.07, 34, 84, 6690044
0.07, 1.95, 12.30, 24.02, 34, 84, 6701868
0.07, 1.63, 12.27, 19.97, 34, 84, 6713700
0.07, 1.63, 12.35, 20.11, 34, 84, 6725528
0.07, 1.63, 12.33, 20.06, 34, 84, 6737356
0.07, 1.95, 12.35, 24.13, 34, 84, 6749192
0.07, 1.95, 12.35, 24.13, 34, 84, 6761012
0.07, 1.95, 12.30, 24.02, 34, 84, 6772848
0.07, 1.30, 12.49, 16.26, 34, 84, 6784668
0.07, 1.95, 12.19, 23.81, 34, 84, 6796508
0.07, 1.63, 12.22, 19.89, 34, 84, 6808328
0.07, 1.95, 11.98, 23.39, 34, 84, 6820164
0.07, 1.63, 12.33, 20.06, 34, 84, 6831984
0.07, 1.63, 12.22, 19.89, 34, 84, 6843812
0.07, 1.95, 12.35, 24.13, 35, 84, 6855648
0.07, 1.63, 12.19, 19.84, 35, 84, 6867472
0.07, 1.95, 12.33, 24.07, 35, 84, 6879304
0.07, 1.63, 12.16, 19.80, 35, 84, 6891128
0.07, 1.95, 12.35, 24.13, 35, 84, 6902964
0.07, 1.95, 12.33, 24.07, 35, 84, 6914784
0.07, 1.95, 12.43, 24.29, 35, 84, 6926640
0.07, 1.95, 12.49, 24.39, 35, 85, 6938440
0.07, 1.95, 11.95, 23.34, 35, 84, 6950268
0.07, 1.95, 12.19, 23.81, 35, 84, 6962092
0.07, 1.95, 12.25, 23.92, 35, 84, 6973920
0.07, 1.95, 12.25, 23.92, 35, 84, 6985756
0.07, 1.95, 12.11, 23.65, 35, 84, 6997576
0.07, 1.95, 12.33, 24.07, 35, 84, 7009408
0.07, 1.95, 12.22, 23.86, 35, 84, 7021232
0.07, 1.95, 12.22, 23.86, 35, 84, 7033060
0.07, 1.95, 12.41, 24.23, 35, 84, 7044884
0.07, 1.63, 12.54, 20.41, 36, 84, 7056716
0.07, 1.95, 12.27, 23.97, 36, 84, 7068536
0.07, 1.95, 12.19, 23.81, 36, 84, 7080364
0.07, 1.95, 12.30, 24.02, 36, 84, 7092196
0.07, 1.95, 12.16, 23.76, 36, 84, 7104016
0.07, 1.95, 12.38, 24.18, 36, 84, 7115848
0.07, 1.95, 12.65, 24.71, 36, 84, 7127676
0.07, 1.95, 12.16, 23.76, 36, 84, 7139508
0.07, 1.95, 12.38, 24.18, 36, 84, 7151328
0.07, 1.95, 12.33, 24.07, 36, 84, 7163160
0.07, 1.95, 12.35, 24.13, 36, 84, 7174980
0.07, 2.28, 12.41, 28.27, 36, 84, 7186808
0.07, 1.95, 12.30, 24.02, 36, 84, 7198636
0.07, 1.95, 12.22, 23.86, 36, 84, 7210464
0.07, 1.95, 12.25, 23.92, 36, 84, 7222296
0.07, 1.95, 12.30, 24.02, 36, 84, 7234116
0.07, 1.95, 12.22, 23.86, 36, 84, 7245952
0.07, 1.95, 12.60, 24.60, 37, 84, 7257776
0.07, 1.95, 12.38, 24.18, 37, 84, 7269612
0.07, 2.28, 12.33, 28.09, 37, 84, 7281432
0.07, 2.28, 12.27, 27.96, 37, 84, 7293260
0.08, 1.95, 12.35, 24.13, 37, 84, 7305104
0.08, 2.28, 12.33, 28.09, 37, 84, 7316916
0.08, 2.28, 12.22, 27.84, 37, 84, 7328752
0.08, 2.28, 12.30, 28.03, 37, 84, 7340576
0.08, 1.95, 12.35, 24.13, 37, 84, 7352408
0.08, 2.60, 12.08, 31.47, 37, 84, 7364232
0.08, 2.28, 12.11, 27.60, 37, 84, 7376060
0.08, 1.95, 12.33, 24.07, 37, 84, 7387884
0.08, 2.28, 12.35, 28.15, 37, 84, 7399716
0.08, 1.95, 12.22, 23.86, 37, 84, 7411540
0.08, 2.28, 12.41, 28.27, 37, 84, 7423368
0.08, 1.95, 12.38, 24.18, 37, 84, 7435204
0.08, 1.95, 12.33, 24.07, 37, 84, 7447028
0.08, 2.28, 12.38, 28.21, 38, 84, 7458860
0.08, 1.95, 12.19, 23.81, 38, 84, 7470684
0.08, 2.28, 12.30, 28.03, 38, 84, 7482520
0.08, 2.28, 12.68, 28.89, 38, 84, 7494340
0.08, 2.28, 12.14, 27.66, 38, 84, 7506176
0.08, 2.28, 12.30, 28.03, 38, 84, 7517992
0.08, 1.95, 12.03, 23.50, 38, 84, 7529820
0.08, 2.28, 12.19, 27.78, 38, 84, 7541648
0.08, 2.28, 12.30, 28.03, 38, 84, 7553472
0.08, 2.28, 12.30, 28.03, 38, 84, 7565324
0.08, 2.28, 12.27, 27.96, 38, 85, 7577128
0.08, 2.28, 12.38, 28.21, 38, 84, 7588960
0.08, 1.63, 12.41, 20.19, 38, 84, 7600784
0.08, 2.28, 12.22, 27.84, 38, 84, 7612616
0.08, 1.95, 11.98, 23.39, 38, 84, 7624436
0.08, 1.63, 12.57, 20.46, 38, 84, 7636272
0.08, 2.28, 12.19, 27.78, 38, 84, 7648092
0.08, 1.95, 12.22, 23.86, 39, 84, 7659920
0.08, 1.95, 12.30, 24.02, 39, 84, 7671760
0.08, 2.60, 12.70, 33.08, 39, 84, 7683580
0.08, 2.28, 12.19, 27.78, 39, 84, 7695412
0.08, 2.28, 12.33, 28.09, 39, 84, 7707236
0.08, 1.95, 12.25, 23.92, 39, 84, 7719072
0.08, 1.95, 12.22, 23.86, 39, 84, 7730892
0.08, 2.60, 12.27, 31.96, 39, 84, 7742728
0.08, 2.28, 12.22, 27.84, 39, 84, 7754548
0.08, 1.63, 12.70, 20.68, 39, 84, 7766372
0.08, 2.28, 12.33, 28.09, 39, 84, 7778204
0.08, 2.28, 12.22, 27.84, 39, 84, 7790028
0.08, 2.28, 12.19, 27.78, 39, 84, 7801864
0.08, 2.28, 12.35, 28.15, 39, 84, 7813684
0.08, 2.28, 12.35, 28.15, 39, 84, 7825516
0.08, 2.28, 12.35, 28.15, 39, 84, 7837336
0.08, 2.28, 12.14, 27.66, 39, 84, 7849168
0.08, 2.28, 12.35, 28.15, 40, 84, 7860988
0.08, 2.60, 12.33, 32.10, 40, 84, 7872824
0.08, 2.28, 12.33, 28.09, 40, 84, 7884640
0.08, 2.28, 12.19, 27.78, 40, 84, 7896472
0.08, 2.28, 12.22, 27.84, 40, 84, 7908304
0.08, 1.95, 12.27, 23.97, 40, 84, 7920124
0.08, 2.28, 12.22, 27.84, 40, 84, 7931960
0.09, 2.60, 12.30, 32.03, 40, 84, 7943784
0.09, 2.60, 12.38, 32.24, 40, 84, 7955620
0.08, 2.60, 12.25, 31.89, 40, 84, 7967440
0.09, 2.60, 12.33, 32.10, 40, 84, 7979276
0.09, 1.95, 12.38, 24.18, 40, 84, 7991096
0.09, 2.60, 12.35, 32.17, 40, 84, 8002924
0.09, 2.28, 12.22, 27.84, 40, 84, 8014752
0.08, 2.28, 12.16, 27.72, 40, 84, 8026604
0.08, 2.60, 12.30, 32.03, 40, 84, 8038416
0.08, 2.28, 12.25, 27.90, 40, 84, 8050240
0.09, 2.28, 12.22, 27.84, 41, 84, 8062076
0.09, 2.60, 12.62, 32.87, 41, 84, 8073900
0.09, 2.28, 12.25, 27.90, 41, 84, 8085728
0.08, 2.60, 12.35, 32.17, 41, 84, 8097556
0.09, 2.60, 11.79, 30.69, 41, 84, 8109384
0.09, 2.28, 12.30, 28.03, 41, 84, 8121212
0.09, 2.60, 12.30, 32.03, 41, 84, 8133040
0.09, 2.93, 12.89, 37.77, 41, 84, 8144876
0.09, 2.60, 12.35, 32.17, 41, 85, 8156696
0.09, 2.60, 12.41, 32.31, 41, 84, 8168536
0.09, 3.26, 11.73, 38.19, 41, 84, 8180356
0.09, 2.60, 12.73, 33.15, 41, 84, 8192192
0.09, 2.60, 12.25, 31.89, 41, 84, 8204016
0.09, 2.60, 12.19, 31.75, 41, 84, 8215848
0.09, 2.60, 12.38, 32.24, 41, 84, 8227668
0.09, 2.60, 11.92, 31.05, 41, 84, 8239492
0.09, 2.60, 12.38, 32.24, 41, 84, 8251320
0.09, 2.60, 12.27, 31.96, 42, 84, 8263140
0.09, 2.60, 12.35, 32.17, 42, 84, 8274972
0.09, 2.28, 12.22, 27.84, 42, 84, 8286812
0.09, 2.60, 12.35, 32.17, 42, 84, 8298620
0.09, 2.60, 12.78, 33.29, 42, 84, 8310440
0.09, 2.60, 12.14, 31.61, 42, 84, 8322272
0.09, 2.60, 12.22, 31.82, 42, 84, 8334088
0.09, 3.26, 12.14, 39.51, 42, 84, 8345920
0.09, 2.60, 12.27, 31.96, 42, 85, 8357736
0.09, 2.60, 12.22, 31.82, 42, 84, 8369556
0.09, 2.60, 12.22, 31.82, 42, 84, 8381388
0.09, 2.60, 12.14, 31.61, 42, 84, 8393208
0.09, 2.60, 12.35, 32.17, 42, 84, 8405036
0.09, 2.60, 12.16, 31.68, 42, 84, 8416856
0.09, 2.60, 12.33, 32.10, 42, 84, 8428684
0.09, 2.60, 12.52, 32.59, 42, 84, 8440504
0.09, 2.60, 12.30, 32.03, 42, 84, 8452332
0.09, 2.93, 12.27, 35.95, 43, 84, 8464152
0.09, 2.60, 11.71, 30.48, 43, 84, 8475980
0.09, 2.93, 12.19, 35.72, 43, 84, 8487796
0.09, 2.60, 12.30, 32.03, 43, 84, 8499620
0.09, 2.93, 12.27, 35.95, 43, 84, 8511448
0.09, 2.60, 12.33, 32.10, 43, 84, 8523272
0.09, 2.93, 12.16, 35.64, 43, 84, 8535104
0.09, 2.60, 12.14, 31.61, 43, 84, 8546940
0.09, 2.93, 12.38, 36.27, 43, 84, 8558752
0.09, 2.93, 12.49, 36.59, 43, 84, 8570572
0.09, 2.93, 12.33, 36.11, 43, 84, 8582404
0.09, 2.93, 12.33, 36.11, 43, 84, 8594224
0.09, 2.28, 11.92, 27.17, 43, 84, 8606048
0.09, 2.93, 12.30, 36.03, 43, 84, 8617876
0.09, 2.60, 12.08, 31.47, 43, 84, 8629704
0.09, 2.60, 12.30, 32.03, 43, 84, 8641536
0.09, 2.60, 12.22, 31.82, 43, 84, 8653356
0.09, 2.60, 12.30, 32.03, 44, 84, 8665184
0.09, 2.93, 12.78, 37.46, 44, 84, 8677004
0.09, 2.60, 12.16, 31.68, 44, 84, 8688836
0.09, 2.93, 12.38, 36.27, 44, 84, 8700660
0.10, 2.93, 12.22, 35.80, 44, 84, 8712488
0.10, 2.60, 12.11, 31.54, 44, 84, 8724312
0.10, 3.26, 12.30, 40.04, 44, 84, 8736136
0.10, 2.93, 12.25, 35.88, 44, 84, 8747968
0.10, 2.93, 12.30, 36.03, 44, 84, 8759788
0.10, 2.93, 12.33, 36.11, 44, 84, 8771620
0.10, 2.93, 12.30, 36.03, 44, 84, 8783440
0.10, 2.93, 12.27, 35.95, 44, 84, 8795272
0.10, 2.28, 12.27, 27.96, 44, 84, 8807088
0.10, 2.93, 12.16, 35.64, 44, 84, 8818920
0.10, 2.93, 12.33, 36.11, 44, 84, 8830740
0.10, 3.58, 12.14, 43.46, 44, 84, 8842568
0.10, 2.93, 12.38, 36.27, 44, 84, 8854388
0.10, 2.60, 12.33, 32.10, 45, 84, 8866216
0.10, 2.93, 12.30, 36.03, 45, 84, 8878044
0.10, 2.93, 12.16, 35.64, 45, 84, 8889868
0.10, 2.93, 12.33, 36.11, 45, 84, 8901696
0.10, 2.60, 12.14, 31.61, 45, 84, 8913516
0.10, 2.93, 12.33, 36.11, 45, 84, 8925364
0.10, 2.93, 11.98, 35.08, 45, 84, 8937168
0.10, 3.26, 12.22, 39.77, 45, 84, 8949000
0.10, 3.26, 12.19, 39.69, 45, 84, 8960816
0.10, 2.60, 12.62, 32.87, 45, 84, 8972644
0.10, 2.93, 12.35, 36.19, 45, 84, 8984472
0.10, 2.93, 12.25, 35.88, 45, 84, 8996296
0.10, 2.93, 12.27, 35.95, 45, 84, 9008128
0.10, 2.93, 12.08, 35.40, 45, 84, 9019948
0.10, 2.93, 12.27, 35.95, 45, 84, 9031776
0.10, 3.58, 11.98, 42.88, 45, 84, 9043596
0.10, 2.93, 12.70, 37.22, 45, 84, 9055424
0.10, 2.93, 12.25, 35.88, 46, 84, 9067244
0.10, 3.26, 12.35, 40.21, 46, 84, 9079072
0.10, 3.26, 12.30, 40.04, 46, 84, 9090892
0.10, 2.93, 12.65, 37.06, 46, 84, 9102712
0.10, 2.93, 12.35, 36.19, 46, 84, 9114540
0.10, 3.26, 12.30, 40.04, 46, 84, 9126368
0.11, 3.26, 12.27, 39.95, 46, 84, 9138196
0.11, 3.26, 12.38, 40.30, 46, 84, 9150012
0.11, 3.26, 12.19, 39.69, 46, 84, 9161844
0.11, 3.58, 11.76, 42.11, 46, 84, 9173664
0.10, 2.93, 12.35, 36.19, 46, 84, 9185508
0.10, 3.26, 12.11, 39.42, 46, 85, 9197312
0.11, 2.60, 12.35, 32.17, 46, 84, 9209140
0.11, 2.93, 12.19, 35.72, 46, 84, 9220960
0.11, 2.60, 12.68, 33.01, 46, 84, 9232784
0.11, 3.26, 12.14, 39.51, 46, 84, 9244612
0.11, 2.93, 12.19, 35.72, 46, 84, 9256428
0.10, 2.93, 12.22, 35.80, 47, 84, 9268260
0.11, 3.26, 12.25, 39.86, 47, 85, 9280072
0.11, 3.26, 12.19, 39.69, 47, 84, 9291904
0.11, 2.93, 12.03, 35.24, 47, 84, 9303720
0.11, 3.26, 12.11, 39.42, 47, 84, 9315552
0.11, 3.26, 12.19, 39.69, 47, 84, 9327368
0.11, 3.58, 12.22, 43.75, 47, 84, 9339196
0.11, 3.26, 12.33, 40.12, 47, 84, 9351016
0.11, 3.26, 12.11, 39.42, 47, 84, 9362840
0.11, 3.26, 12.11, 39.42, 47, 84, 9374668
0.11, 2.28, 12.35, 28.15, 47, 84, 9386484
0.11, 3.26, 12.27, 39.95, 47, 84, 9398316
0.11, 3.58, 12.27, 43.94, 47, 84, 9410132
0.11, 3.26, 12.33, 40.12, 47, 84, 9421964
0.11, 2.60, 12.27, 31.96, 47, 84, 9433788
0.11, 3.26, 12.30, 40.04, 47, 84, 9445632
0.11, 3.26, 12.25, 39.86, 47, 85, 9457436
0.11, 3.91, 12.19, 47.62, 48, 84, 9469264
0.11, 3.26, 12.11, 39.42, 48, 84, 9481092
0.11, 3.26, 12.16, 39.60, 48, 84, 9492912
0.11, 3.91, 12.27, 47.94, 48, 84, 9504744
0.11, 3.58, 12.08, 43.27, 48, 85, 9516560
0.11, 3.58, 12.30, 44.04, 48, 84, 9528392
0.11, 2.60, 12.33, 32.10, 48, 84, 9540212
0.11, 3.26, 12.22, 39.77, 48, 84, 9552044
0.11, 3.26, 12.27, 39.95, 48, 84, 9563856
0.11, 3.58, 12.33, 44.14, 48, 84, 9575688
0.11, 3.26, 12.33, 40.12, 48, 84, 9587508
0.11, 4.23, 12.14, 51.36, 48, 84, 9599332
0.11, 3.58, 12.27, 43.94, 48, 84, 9611156
0.11, 3.58, 12.38, 44.33, 48, 84, 9622976
0.11, 3.26, 12.25, 39.86, 48, 84, 9634808
0.11, 2.93, 11.84, 34.69, 48, 84, 9646628
0.11, 3.26, 12.11, 39.42, 48, 85, 9658452
0.11, 2.93, 12.19, 35.72, 49, 84, 9670272
0.11, 3.26, 12.16, 39.60, 49, 84, 9682104
0.11, 3.58, 12.22, 43.75, 49, 84, 9693924
0.11, 3.58, 12.35, 44.23, 49, 84, 9705768
0.11, 3.26, 12.19, 39.69, 49, 84, 9717572
0.11, 3.91, 12.38, 48.36, 49, 84, 9729392
0.11, 3.26, 12.19, 39.69, 49, 84, 9741220
0.12, 3.58, 12.14, 43.46, 49, 84, 9753044
0.12, 3.58, 12.35, 44.23, 49, 84, 9764872
0.12, 3.58, 12.11, 43.36, 49, 84, 9776692
0.11, 3.58, 12.19, 43.65, 49, 84, 9788520
0.11, 3.58, 12.16, 43.56, 49, 84, 9800336
0.11, 3.58, 12.30, 44.04, 49, 84, 9812168
0.12, 3.58, 12.33, 44.14, 49, 84, 9823988
0.12, 3.58, 12.11, 43.36, 49, 84, 9835816
0.12, 3.58, 12.25, 43.85, 49, 84, 9847636
0.11, 3.58, 12.19, 43.65, 49, 84, 9859460
0.11, 3.58, 12.38, 44.33, 50, 84, 9871292
0.12, 3.58, 12.41, 44.43, 50, 84, 9883108
0.12, 3.91, 12.35, 48.25, 50, 84, 9894940
0.12, 3.91, 12.30, 48.04, 50, 84, 9906756
0.12, 3.91, 12.08, 47.20, 50, 84, 9918588
0.12, 3.91, 12.81, 50.05, 50, 84, 9930404
0.12, 3.58, 12.16, 43.56, 50, 84, 9942236
0.12, 3.58, 12.16, 43.56, 50, 84, 9954056
0.12, 3.58, 12.06, 43.17, 50, 84, 9965888
0.12, 3.91, 12.19, 47.62, 50, 85, 9977712
0.12, 3.58, 12.25, 43.85, 50, 84, 9989536
0.12, 3.58, 12.30, 44.04, 50, 84, 10001364
0.12, 3.91, 12.68, 49.52, 50, 84, 10013184
0.12, 3.58, 11.79, 42.21, 50, 84, 10025016
0.12, 3.91, 12.33, 48.15, 50, 85, 10036832
0.12, 3.58, 12.06, 43.17, 50, 84, 10048660
0.12, 3.91, 12.65, 49.41, 50, 84, 10060480
0.12, 3.58, 12.11, 43.36, 51, 84, 10072308
0.12, 3.58, 12.11, 43.36, 51, 84, 10084128
0.12, 3.91, 11.68, 45.62, 51, 84, 10095952
0.12, 3.91, 12.33, 48.15, 51, 84, 10107776
0.12, 3.58, 12.00, 42.98, 51, 84, 10119600
0.12, 3.58, 12.22, 43.75, 51, 84, 10131432
0.12, 3.91, 12.19, 47.62, 51, 84, 10143244
0.12, 3.58, 12.33, 44.14, 51, 84, 10155076
0.12, 3.91, 12.43, 48.57, 51, 84, 10166892
0.12, 3.91, 12.22, 47.73, 51, 84, 10178724
0.12, 3.91, 12.84, 50.15, 51, 84, 10190544
0.12, 3.91, 11.92, 46.57, 51, 84, 10202376
0.12, 3.58, 12.08, 43.27, 51, 84, 10214192
0.12, 3.91, 11.81, 46.15, 51, 84, 10226016
0.12, 3.58, 12.19, 43.65, 51, 85, 10237840
0.12, 3.91, 12.22, 47.73, 51, 84, 10249664
0.12, 3.58, 12.16, 43.56, 51, 84, 10261492
0.12, 3.91, 12.35, 48.25, 52, 84, 10273312
0.12, 3.58, 12.11, 43.36, 52, 84, 10285144
0.12, 4.23, 12.76, 53.99, 52, 84, 10296964
0.12, 3.91, 11.79, 46.04, 52, 84, 10308796
0.12, 3.91, 12.14, 47.41, 52, 84, 10320616
0.13, 3.91, 12.00, 46.89, 52, 84, 10332448
0.13, 4.23, 12.27, 51.93, 52, 84, 10344264
0.12, 4.23, 11.95, 50.56, 52, 84, 10356096
0.13, 3.91, 12.30, 48.04, 52, 84, 10367928
0.13, 3.91, 12.27, 47.94, 52, 84, 10379744
0.13, 3.91, 12.14, 47.41, 52, 84, 10391580
0.13, 3.91, 12.14, 47.41, 52, 84, 10403400
0.13, 3.91, 12.16, 47.52, 52, 84, 10415224
0.13, 4.56, 11.73, 53.47, 52, 84, 10427068
0.13, 3.91, 12.25, 47.83, 52, 85, 10438880
0.13, 4.23, 12.33, 52.16, 52, 84, 10450696
0.13, 4.23, 12.27, 51.93, 52, 84, 10462524
0.13, 3.91, 12.41, 48.47, 53, 84, 10474344
0.13, 4.23, 12.33, 52.16, 53, 84, 10486172
0.13, 4.23, 12.27, 51.93, 53, 84, 10498004
0.13, 4.56, 12.81, 58.39, 53, 84, 10509824
0.13, 4.23, 12.08, 51.13, 53, 84, 10521656
0.13, 4.23, 12.11, 51.25, 53, 84, 10533472
0.13, 4.23, 12.95, 54.79, 53, 84, 10545304
0.13, 3.91, 12.14, 47.41, 53, 84, 10557128
0.13, 4.23, 12.25, 51.82, 53, 84, 10568960
0.13, 3.91, 12.22, 47.73, 53, 84, 10580780
0.13, 4.88, 12.22, 59.66, 53, 84, 10592604
0.13, 4.23, 12.35, 52.28, 53, 84, 10604432
0.13, 4.23, 12.33, 52.16, 53, 84, 10616256
0.13, 4.23, 12.30, 52.05, 53, 84, 10628088
0.13, 4.23, 12.27, 51.93, 53, 84, 10639908
0.13, 4.23, 12.16, 51.48, 53, 84, 10651736
0.13, 3.58, 12.22, 43.75, 53, 84, 10663556
0.13, 3.91, 12.16, 47.52, 54, 84, 10675388
0.13, 4.23, 12.35, 52.28, 54, 84, 10687228
0.13, 4.23, 11.98, 50.68, 54, 84, 10699040
0.13, 4.23, 12.30, 52.05, 54, 84, 10710860
0.13, 4.56, 12.27, 55.93, 54, 84, 10722688
0.13, 4.23, 12.22, 51.71, 54, 84, 10734508
0.13, 4.23, 12.27, 51.93, 54, 84, 10746332
0.13, 4.23, 12.16, 51.48, 54, 84, 10758164
0.13, 4.23, 12.35, 52.28, 54, 84, 10769984
0.13, 4.56, 12.30, 56.05, 54, 84, 10781816
0.13, 3.58, 12.14, 43.46, 54, 84, 10793636
0.13, 4.23, 12.33, 52.16, 54, 84, 10805472
0.13, 4.23, 12.16, 51.48, 54, 84, 10817288
0.13, 4.56, 12.30, 56.05, 54, 84, 10829120
0.13, 4.56, 12.14, 55.31, 54, 84, 10840944
0.13, 4.23, 12.03, 50.91, 54, 84, 10852772
0.13, 4.23, 12.27, 51.93, 54, 84, 10864600
0.13, 4.56, 12.16, 55.44, 55, 84, 10876416
0.13, 4.56, 12.16, 55.44, 55, 84, 10888248
0.13, 4.23, 12.06, 51.02, 55, 84, 10900068
0.13, 4.23, 12.19, 51.59, 55, 84, 10911900
0.13, 3.91, 12.03, 46.99, 55, 84, 10923720
0.14, 4.56, 12.25, 55.81, 55, 84, 10935552
0.14, 4.56, 12.30, 56.05, 55, 84, 10947388
0.14, 4.88, 12.33, 60.19, 55, 84, 10959196
0.14, 4.56, 12.03, 54.82, 55, 84, 10971020
0.14, 4.56, 12.30, 56.05, 55, 84, 10982844
0.14, 4.56, 12.22, 55.68, 55, 84, 10994672
0.14, 4.56, 12.35, 56.30, 55, 84, 11006496
0.14, 4.56, 12.30, 56.05, 55, 84, 11018324
0.14, 4.23, 12.08, 51.13, 55, 84, 11030144
0.14, 4.56, 12.22, 55.68, 55, 84, 11041972
0.14, 4.88, 12.27, 59.92, 55, 84, 11053792
0.14, 3.91, 12.08, 47.20, 55, 84, 11065644
0.14, 4.23, 12.22, 51.71, 56, 85, 11077444
0.14, 5.21, 12.33, 64.20, 56, 84, 11089272
0.14, 4.56, 12.30, 56.05, 56, 84, 11101100
0.14, 4.56, 12.16, 55.44, 56, 84, 11112920
0.14, 4.56, 12.27, 55.93, 56, 84, 11124752
0.14, 4.56, 12.30, 56.05, 56, 85, 11136572
0.14, 4.88, 12.27, 59.92, 56, 84, 11148404
0.14, 4.56, 12.14, 55.31, 56, 84, 11160224
0.14, 4.56, 12.00, 54.70, 56, 84, 11172060
0.14, 4.23, 11.98, 50.68, 56, 84, 11183880
0.14, 5.21, 12.22, 63.64, 56, 84, 11195712
0.14, 4.56, 12.30, 56.05, 56, 84, 11207552
0.14, 4.56, 12.16, 55.44, 56, 85, 11219356
0.14, 4.56, 12.22, 55.68, 56, 84, 11231192
0.14, 4.56, 12.00, 54.70, 56, 84, 11243008
0.14, 4.88, 12.33, 60.19, 56, 84, 11254840
0.14, 3.91, 11.81, 46.15, 56, 84, 11266660
0.14, 4.56, 12.14, 55.31, 57, 84, 11278492
0.14, 3.91, 12.06, 47.10, 57, 84, 11290308
0.14, 4.56, 12.14, 55.31, 57, 84, 11302140
0.14, 4.88, 12.14, 59.27, 57, 84, 11313960
0.14, 3.91, 12.57, 49.10, 57, 84, 11325800
0.14, 4.56, 12.25, 55.81, 57, 85, 11337608
0.14, 4.88, 12.25, 59.79, 57, 84, 11349432
0.14, 4.88, 12.06, 58.87, 57, 84, 11361264
0.14, 4.88, 12.08, 59.00, 57, 84, 11373080
0.14, 4.56, 11.98, 54.58, 57, 84, 11384912
0.14, 4.23, 12.08, 51.13, 57, 84, 11396732
0.14, 4.88, 11.98, 58.47, 57, 84, 11408560
0.14, 4.88, 12.33, 60.19, 57, 84, 11420380
0.14, 4.56, 12.08, 55.07, 57, 84, 11432208
0.15, 3.91, 12.19, 47.62, 57, 84, 11444028
0.14, 5.21, 11.81, 61.53, 57, 84, 11455856
0.14, 5.21, 11.89, 61.95, 57, 84, 11467688
0.14, 4.88, 12.22, 59.66, 58, 84, 11479504
0.15, 4.88, 11.95, 58.34, 58, 84, 11491336
0.14, 4.88, 12.00, 58.61, 58, 84, 11503160
0.15, 4.88, 11.95, 58.34, 58, 84, 11514988
0.15, 4.88, 12.70, 62.03, 58, 84, 11526808
0.15, 4.88, 11.95, 58.34, 58, 84, 11538636
0.15, 5.21, 12.33, 64.20, 58, 84, 11550460
0.15, 5.53, 12.27, 67.91, 58, 84, 11562288
0.15, 4.88, 12.27, 59.92, 58, 84, 11574108
0.15, 4.88, 12.00, 58.61, 58, 84, 11585952
0.15, 5.21, 12.08, 62.94, 58, 84, 11597768
0.15, 5.21, 12.25, 63.78, 58, 84, 11609592
0.15, 4.88, 12.03, 58.74, 58, 84, 11621424
0.15, 5.21, 12.30, 64.06, 58, 84, 11633240
0.15, 5.21, 12.33, 64.20, 58, 84, 11645076
0.15, 4.56, 12.14, 55.31, 58, 84, 11656892
0.15, 5.21, 12.14, 63.22, 58, 84, 11668728
0.15, 5.21, 12.22, 63.64, 59, 84, 11680548
0.15, 5.53, 12.30, 68.06, 59, 84, 11692372
0.15, 4.88, 12.19, 59.53, 59, 84, 11704196
0.15, 4.88, 12.22, 59.66, 59, 84, 11716020
0.15, 5.21, 12.06, 62.79, 59, 84, 11727852
0.15, 4.88, 12.30, 60.06, 59, 84, 11739676
0.15, 5.21, 12.30, 64.06, 59, 84, 11751504
0.15, 4.88, 12.14, 59.27, 59, 84, 11763324
0.15, 5.53, 12.25, 67.76, 59, 84, 11775160
0.15, 4.88, 12.16, 59.40, 59, 84, 11786976
0.15, 5.21, 12.27, 63.92, 59, 84, 11798812
0.15, 5.21, 12.25, 63.78, 59, 84, 11810628
0.15, 5.86, 12.27, 71.91, 59, 84, 11822456
0.15, 5.21, 12.06, 62.79, 59, 84, 11834280
0.15, 5.21, 12.25, 63.78, 59, 84, 11846124
0.15, 5.21, 12.22, 63.64, 59, 84, 11857940
0.15, 5.21, 12.27, 63.92, 59, 84, 11869760
0.15, 5.21, 12.16, 63.36, 60, 84, 11881592
0.15, 4.56, 11.95, 54.45, 60, 84, 11893412
0.15, 5.86, 12.49, 73.17, 60, 84, 11905240
0.15, 5.21, 12.19, 63.50, 60, 85, 11917056
0.15, 5.86, 12.38, 72.54, 60, 84, 11928888
0.15, 5.21, 12.06, 62.79, 60, 84, 11940704
0.15, 5.53, 12.16, 67.32, 60, 84, 11952528
0.16, 5.53, 12.11, 67.02, 60, 84, 11964360
0.16, 5.53, 12.27, 67.91, 60, 84, 11976180
0.15, 5.21, 12.11, 63.08, 60, 84, 11988012
0.15, 5.21, 12.19, 63.50, 60, 84, 11999836
0.16, 5.53, 12.22, 67.61, 60, 84, 12011664
0.16, 4.88, 12.06, 58.87, 60, 84, 12023484
0.15, 5.53, 12.14, 67.17, 60, 84, 12035316
0.15, 4.88, 11.71, 57.16, 60, 84, 12047136
0.15, 5.86, 12.27, 71.91, 60, 84, 12058964
0.15, 5.21, 12.25, 63.78, 60, 84, 12070788
0.16, 5.53, 12.27, 67.91, 61, 84, 12082616
0.16, 5.21, 12.16, 63.36, 61, 84, 12094448
0.16, 5.21, 12.16, 63.36, 61, 84, 12106264
0.16, 5.53, 12.25, 67.76, 61, 84, 12118096
0.16, 5.21, 12.22, 63.64, 61, 84, 12129920
0.16, 5.53, 12.22, 67.61, 61, 84, 12141748
0.16, 5.53, 12.33, 68.21, 61, 84, 12153568
0.16, 5.86, 12.62, 73.96, 61, 84, 12165400
0.16, 5.21, 11.98, 62.37, 61, 84, 12177224
0.16, 5.53, 12.27, 67.91, 61, 84, 12189048
0.16, 5.21, 12.06, 62.79, 61, 84, 12200872
0.16, 5.53, 12.08, 66.87, 61, 84, 12212696
0.16, 5.53, 12.11, 67.02, 61, 84, 12224532
0.16, 5.53, 12.16, 67.32, 61, 84, 12236352
0.16, 5.53, 12.19, 67.47, 61, 84, 12248184
0.16, 4.88, 12.08, 59.00, 61, 84, 12260000
0.16, 5.53, 12.00, 66.42, 61, 84, 12271836
0.16, 5.53, 12.00, 66.42, 62, 84, 12283656
0.16, 6.18, 12.27, 75.90, 62, 84, 12295488
0.16, 5.53, 12.30, 68.06, 62, 84, 12307308
0.16, 5.21, 12.00, 62.51, 62, 84, 12319132
0.16, 5.53, 12.03, 66.57, 62, 84, 12330964
0.16, 5.86, 12.54, 73.49, 62, 84, 12342784
0.16, 5.53, 12.06, 66.72, 62, 84, 12354612
0.16, 5.53, 12.16, 67.32, 62, 84, 12366432
0.16, 5.53, 12.08, 66.87, 62, 84, 12378260
0.16, 5.21, 12.41, 64.62, 62, 84, 12390080
0.16, 5.86, 12.14, 71.12, 62, 84, 12401908
0.16, 5.53, 12.25, 67.76, 62, 84, 12413728
0.16, 5.53, 11.57, 64.03, 62, 84, 12425552
0.16, 5.53, 12.19, 67.47, 62, 84, 12437376
0.16, 5.86, 12.03, 70.49, 62, 84, 12449200
0.16, 5.53, 12.03, 66.57, 62, 84, 12461032
0.16, 5.53, 12.08, 66.87, 62, 84, 12472848
0.16, 5.53, 11.79, 65.23, 63, 84, 12484676
0.16, 5.86, 12.25, 71.75, 63, 84, 12496496
0.16, 5.53, 12.00, 66.42, 63, 84, 12508328
0.16, 6.51, 11.73, 76.39, 63, 84, 12520144
0.16, 5.53, 12.16, 67.32, 63, 84, 12531976
0.16, 5.86, 11.98, 70.17, 63, 84, 12543792
0.16, 5.53, 12.57, 69.56, 63, 84, 12555616
0.16, 6.84, 12.11, 82.79, 63, 84, 12567440
0.16, 5.86, 12.22, 71.59, 63, 84, 12579264
0.16, 5.86, 12.00, 70.33, 63, 84, 12591096
0.16, 5.86, 11.98, 70.17, 63, 84, 12602912
0.16, 5.86, 11.92, 69.85, 63, 84, 12614744
0.16, 5.21, 12.03, 62.65, 63, 84, 12626560
0.16, 5.86, 12.03, 70.49, 63, 84, 12638392
0.16, 6.18, 12.19, 75.40, 63, 84, 12650212
0.16, 6.18, 12.22, 75.57, 63, 84, 12662040
0.16, 5.86, 12.14, 71.12, 63, 84, 12673860
0.16, 4.56, 12.16, 55.44, 64, 84, 12685688
0.16, 6.18, 12.16, 75.24, 64, 84, 12697512
0.16, 6.18, 12.00, 74.23, 64, 84, 12709340
0.16, 5.86, 12.11, 70.96, 64, 84, 12721168
0.16, 5.86, 12.22, 71.59, 64, 84, 12732984
0.16, 6.18, 11.87, 73.40, 64, 84, 12744816
0.16, 5.86, 12.14, 71.12, 64, 84, 12756632
0.16, 6.18, 12.19, 75.40, 64, 84, 12768464
0.17, 6.18, 12.25, 75.74, 64, 84, 12780280
0.17, 6.51, 12.14, 79.02, 64, 84, 12792112
0.17, 6.18, 12.19, 75.40, 64, 84, 12803924
0.16, 6.51, 12.25, 79.72, 64, 84, 12815752
0.17, 6.18, 11.95, 73.90, 64, 84, 12827584
0.17, 6.18, 12.14, 75.07, 64, 84, 12839408
0.17, 6.18, 12.19, 75.40, 64, 84, 12851236
0.17, 6.18, 12.11, 74.90, 64, 84, 12863060
0.16, 6.18, 12.03, 74.40, 64, 84, 12874892
0.16, 5.86, 12.41, 72.70, 65, 84, 12886712
0.17, 6.18, 12.06, 74.57, 65, 84, 12898540
0.16, 6.51, 11.92, 77.62, 65, 84, 12910364
0.17, 6.51, 12.16, 79.20, 65, 84, 12922184
0.17, 6.18, 11.89, 73.57, 65, 84, 12934012
0.17, 6.51, 12.22, 79.55, 65, 84, 12945836
0.17, 6.18, 12.06, 74.57, 65, 84, 12957660
0.17, 6.51, 12.30, 80.07, 65, 84, 12969480
0.17, 6.18, 12.08, 74.74, 65, 84, 12981312
0.17, 6.18, 12.57, 77.74, 65, 84, 12993128
0.17, 6.51, 12.03, 78.32, 65, 84, 13004964
0.17, 6.18, 12.81, 79.24, 65, 84, 13016784
0.17, 6.51, 11.92, 77.62, 65, 84, 13028616
0.17, 6.51, 12.27, 79.90, 65, 84, 13040432
0.17, 6.84, 11.54, 78.91, 65, 84, 13052260
0.17, 6.51, 12.30, 80.07, 65, 84, 13064088
0.17, 6.18, 12.00, 74.23, 65, 84, 13075912
0.17, 6.51, 11.95, 77.79, 66, 84, 13087764
0.17, 6.51, 12.03, 78.32, 66, 85, 13099564
0.17, 6.51, 11.95, 77.79, 66, 84, 13111396
0.17, 6.18, 12.87, 79.57, 66, 84, 13123212
0.17, 6.51, 11.81, 76.91, 66, 84, 13135048
0.17, 6.51, 12.08, 78.67, 66, 84, 13146868
0.17, 7.16, 12.38, 88.66, 66, 84, 13158700
0.17, 6.84, 12.22, 83.52, 66, 84, 13170516
0.18, 6.84, 11.65, 79.65, 66, 84, 13182340
0.18, 6.51, 12.11, 78.84, 66, 84, 13194172
0.17, 6.51, 12.14, 79.02, 66, 84, 13205988
0.17, 6.51, 12.25, 79.72, 66, 84, 13217820
0.18, 6.84, 12.16, 83.16, 66, 84, 13229636
0.18, 6.84, 12.25, 83.71, 66, 84, 13241472
0.18, 6.51, 12.35, 80.42, 66, 84, 13253292
0.18, 6.51, 12.08, 78.67, 66, 84, 13265124
0.18, 6.51, 12.14, 79.02, 66, 84, 13276944
0.18, 7.16, 12.03, 86.15, 67, 84, 13288772
0.18, 6.84, 11.95, 81.68, 67, 84, 13300596
0.17, 6.84, 12.19, 83.34, 67, 84, 13312420
0.18, 6.84, 12.11, 82.79, 67, 84, 13324252
0.18, 6.51, 12.06, 78.49, 67, 84, 13336076
0.18, 6.84, 12.22, 83.52, 67, 84, 13347924
0.18, 6.51, 12.30, 80.07, 67, 84, 13359724
0.18, 6.84, 12.08, 82.60, 67, 84, 13371552
0.18, 6.51, 12.19, 79.37, 67, 84, 13383372
0.18, 6.84, 12.11, 82.79, 67, 84, 13395204
0.18, 6.84, 12.11, 82.79, 67, 84, 13407020
0.18, 7.16, 11.60, 83.06, 67, 84, 13418840
0.18, 7.16, 12.30, 88.08, 67, 84, 13430664
0.18, 6.84, 11.87, 81.13, 67, 84, 13442492
0.18, 6.84, 12.25, 83.71, 67, 84, 13454320
0.18, 6.84, 11.95, 81.68, 67, 84, 13466156
0.18, 6.84, 11.92, 81.50, 67, 84, 13477972
0.18, 7.81, 11.81, 92.30, 68, 84, 13489792
0.18, 6.84, 11.44, 78.18, 68, 84, 13501624
0.18, 7.16, 12.22, 87.50, 68, 84, 13513444
0.18, 7.16, 12.11, 86.73, 68, 84, 13525276
0.18, 7.16, 12.06, 86.34, 68, 84, 13537096
0.18, 7.49, 11.41, 85.42, 68, 84, 13548924
0.18, 7.16, 11.98, 85.76, 68, 84, 13560748
0.19, 7.16, 11.98, 85.76, 68, 84, 13572576
0.19, 7.16, 11.95, 85.57, 68, 84, 13584408
0.19, 7.49, 12.22, 91.48, 68, 84, 13596228
0.19, 7.16, 12.08, 86.54, 68, 84, 13608080
0.19, 7.16, 12.49, 89.43, 68, 84, 13619880
0.19, 7.49, 12.16, 91.08, 68, 84, 13631712
0.19, 6.84, 12.03, 82.23, 68, 84, 13643528
0.19, 7.81, 11.81, 92.30, 68, 84, 13655360
0.18, 6.51, 12.38, 80.60, 68, 84, 13667184
0.18, 7.16, 12.03, 86.15, 68, 85, 13679012
0.19, 7.16, 12.08, 86.54, 69, 84, 13690840
0.19, 7.16, 12.03, 86.15, 69, 84, 13702660
0.19, 7.49, 12.08, 90.47, 69, 84, 13714488
0.19, 7.16, 12.65, 90.59, 69, 84, 13726320
0.19, 7.49, 12.14, 90.87, 69, 84, 13738136
0.19, 8.46, 11.98, 101.36, 69, 84, 13749952
0.19, 7.16, 12.08, 86.54, 69, 84, 13761784
0.19, 7.49, 12.14, 90.87, 69, 84, 13773608
0.19, 6.84, 12.41, 84.81, 69, 84, 13785432
0.19, 7.81, 12.16, 95.03, 69, 84, 13797260
0.19, 7.49, 12.06, 90.27, 69, 84, 13809084
0.19, 7.49, 12.08, 90.47, 69, 84, 13820916
0.19, 7.49, 12.08, 90.47, 69, 84, 13832736
0.19, 7.49, 12.16, 91.08, 69, 84, 13844564
0.19, 8.46, 11.89, 100.67, 69, 84, 13856388
0.19, 7.49, 12.14, 90.87, 69, 84, 13868240
0.19, 7.49, 11.89, 89.06, 69, 85, 13880040
0.19, 7.49, 12.11, 90.67, 70, 84, 13891872
0.19, 7.49, 12.22, 91.48, 70, 84, 13903692
0.19, 6.84, 12.33, 84.26, 70, 84, 13915516
0.19, 7.49, 12.00, 89.86, 70, 84, 13927348
0.20, 7.81, 11.92, 93.14, 70, 84, 13939164
0.20, 7.49, 11.84, 88.65, 70, 84, 13951000
0.20, 7.49, 12.00, 89.86, 70, 84, 13962816
0.20, 7.49, 11.87, 88.85, 70, 84, 13974648
0.20, 8.46, 11.84, 100.21, 70, 84, 13986480
0.20, 7.49, 11.89, 89.06, 70, 84, 13998296
0.20, 7.81, 12.03, 93.98, 70, 84, 14010112
0.20, 8.14, 12.38, 100.75, 70, 84, 14021944
0.20, 7.49, 12.25, 91.68, 70, 84, 14033764
0.20, 8.46, 12.38, 104.78, 70, 84, 14045588
0.20, 7.81, 12.00, 93.77, 70, 84, 14057420
0.20, 7.81, 12.00, 93.77, 70, 85, 14069232
0.20, 7.49, 12.00, 89.86, 70, 84, 14081064
0.20, 8.14, 12.25, 99.65, 71, 84, 14092884
0.20, 8.14, 12.22, 99.43, 71, 84, 14104712
0.20, 7.81, 12.65, 98.83, 71, 84, 14116532
0.20, 7.81, 11.95, 93.35, 71, 84, 14128360
0.20, 8.14, 12.08, 98.34, 71, 84, 14140180
0.20, 8.46, 11.57, 97.93, 71, 84, 14152008
0.20, 8.14, 11.98, 97.46, 71, 84, 14163836
0.20, 8.14, 12.11, 98.56, 71, 84, 14175660
0.20, 7.16, 11.68, 83.64, 71, 84, 14187488
0.20, 8.14, 12.30, 100.09, 71, 85, 14199308
0.20, 8.46, 12.27, 103.87, 71, 84, 14211140
0.20, 8.46, 12.03, 101.81, 71, 84, 14222960
0.21, 8.14, 12.16, 98.99, 71, 84, 14234788
0.21, 8.14, 12.08, 98.34, 71, 84, 14246624
0.20, 8.14, 12.14, 98.78, 71, 84, 14258440
0.20, 8.14, 11.92, 97.02, 71, 84, 14270260
0.20, 7.81, 12.25, 95.67, 71, 84, 14282088
0.20, 8.46, 12.08, 102.27, 72, 84, 14293916
0.20, 8.14, 11.92, 97.02, 72, 84, 14305740
0.21, 8.14, 12.00, 97.68, 72, 84, 14317572
0.21, 8.46, 12.14, 102.73, 72, 84, 14329396
0.21, 8.14, 11.87, 96.58, 72, 84, 14341224
0.21, 8.79, 11.79, 103.60, 72, 84, 14353044
0.21, 8.46, 11.84, 100.21, 72, 84, 14364872
0.21, 8.14, 12.25, 99.65, 72, 84, 14376692
0.21, 8.46, 12.19, 103.18, 72, 84, 14388520
0.21, 8.46, 12.00, 101.58, 72, 84, 14400344
0.21, 8.79, 12.38, 108.81, 72, 84, 14412168
0.21, 8.46, 11.98, 101.36, 72, 84, 14423996
0.21, 8.79, 12.16, 106.91, 72, 84, 14435816
0.21, 9.11, 12.62, 115.05, 72, 84, 14447644
0.21, 8.46, 12.16, 102.95, 72, 85, 14459464
0.21, 8.79, 12.03, 105.73, 72, 84, 14471296
0.21, 8.46, 12.54, 106.15, 72, 84, 14483112
0.21, 8.46, 11.98, 101.36, 73, 84, 14494940
0.21, 8.46, 11.92, 100.90, 73, 84, 14506764
0.21, 9.11, 11.63, 105.96, 73, 84, 14518596
0.21, 8.79, 12.11, 106.44, 73, 84, 14530416
0.22, 8.46, 11.76, 99.53, 73, 84, 14542240
0.22, 8.79, 11.79, 103.60, 73, 84, 14554072
0.22, 8.46, 11.73, 99.30, 73, 84, 14565896
0.22, 8.46, 11.81, 99.99, 73, 84, 14577728
0.22, 8.46, 12.62, 106.84, 73, 84, 14589544
0.22, 8.46, 11.81, 99.99, 73, 84, 14601376
0.22, 9.11, 12.41, 113.09, 73, 84, 14613196
0.22, 8.79, 12.16, 106.91, 73, 84, 14625028
0.22, 8.79, 11.89, 104.54, 73, 84, 14636848
0.22, 8.79, 11.65, 102.41, 73, 84, 14648676
0.22, 8.79, 11.89, 104.54, 73, 84, 14660500
0.22, 8.79, 12.14, 106.68, 73, 84, 14672324
0.22, 8.79, 12.03, 105.73, 73, 84, 14684156
0.22, 8.79, 12.03, 105.73, 74, 84, 14695972
0.22, 8.46, 11.41, 96.56, 74, 84, 14707804
0.22, 9.11, 11.76, 107.19, 74, 85, 14719624
0.22, 8.79, 12.00, 105.49, 74, 84, 14731452
0.22, 9.11, 11.87, 108.17, 74, 84, 14743272
0.22, 9.11, 12.03, 109.64, 74, 84, 14755104
0.22, 9.11, 11.87, 108.17, 74, 84, 14766924
0.22, 8.79, 12.06, 105.97, 74, 84, 14778752
0.22, 9.11, 12.14, 110.63, 74, 84, 14790584
0.22, 9.11, 12.03, 109.64, 74, 84, 14802400
0.22, 9.44, 12.00, 113.31, 74, 84, 14814236
0.22, 8.79, 11.25, 98.85, 74, 84, 14826052
0.22, 9.11, 12.00, 109.40, 74, 84, 14837884
0.22, 8.79, 11.57, 101.70, 74, 84, 14849704
0.22, 9.11, 12.14, 110.63, 74, 84, 14861536
0.22, 9.11, 11.89, 108.42, 74, 84, 14873360
0.23, 9.44, 12.00, 113.31, 74, 84, 14885192
0.23, 8.79, 11.84, 104.07, 75, 84, 14897008
0.23, 9.44, 12.14, 114.58, 75, 84, 14908832
0.22, 9.44, 11.92, 112.54, 75, 84, 14920668
0.23, 9.44, 11.89, 112.29, 75, 84, 14932488
0.23, 9.11, 11.89, 108.42, 75, 84, 14944320
0.23, 9.11, 11.65, 106.20, 75, 84, 14956140
0.23, 9.77, 12.14, 118.53, 75, 84, 14967972
0.23, 9.11, 11.46, 104.48, 75, 84, 14979792
0.23, 9.77, 12.08, 118.00, 75, 84, 14991624
0.23, 9.44, 11.79, 111.27, 75, 84, 15003440
0.23, 9.77, 12.35, 120.64, 75, 84, 15015268
0.23, 9.44, 11.76, 111.01, 75, 84, 15027088
0.23, 9.44, 12.14, 114.58, 75, 85, 15038916
0.23, 9.44, 12.08, 114.07, 75, 84, 15050748
0.23, 9.77, 12.00, 117.21, 75, 84, 15062564
0.23, 9.44, 12.16, 114.83, 75, 84, 15074396
0.23, 10.09, 12.25, 123.57, 75, 84, 15086216
0.23, 9.77, 12.08, 118.00, 76, 84, 15098040
0.23, 9.44, 11.87, 112.03, 76, 84, 15109864
0.23, 9.77, 12.08, 118.00, 76, 84, 15121688
0.23, 9.44, 11.71, 110.51, 76, 84, 15133508
0.23, 9.44, 12.27, 115.85, 76, 84, 15145336
0.23, 9.44, 11.57, 109.23, 76, 84, 15157156
0.23, 10.09, 12.16, 122.75, 76, 84, 15168984
0.24, 10.09, 12.14, 122.48, 76, 84, 15180816
0.24, 9.44, 11.76, 111.01, 76, 84, 15192632
0.24, 10.09, 12.08, 121.94, 76, 84, 15204464
0.24, 9.77, 11.84, 115.63, 76, 84, 15216284
0.24, 9.77, 11.57, 113.00, 76, 84, 15228116
0.24, 10.09, 11.76, 118.67, 76, 84, 15239932
0.24, 10.42, 12.00, 125.03, 76, 84, 15251764
0.24, 10.09, 11.98, 120.85, 76, 84, 15263588
0.24, 9.77, 11.98, 116.95, 76, 84, 15275412
0.24, 9.77, 11.68, 114.05, 76, 84, 15287244
0.24, 10.09, 12.00, 121.12, 77, 85, 15299056
0.24, 9.77, 11.89, 116.16, 77, 84, 15310888
0.24, 10.09, 11.95, 120.58, 77, 84, 15322704
0.24, 10.42, 12.03, 125.31, 77, 84, 15334536
0.24, 9.77, 12.78, 124.85, 77, 84, 15346356
0.24, 10.09, 11.81, 119.21, 77, 84, 15358184
0.24, 10.42, 12.11, 126.15, 77, 84, 15370004
0.24, 10.74, 11.54, 124.01, 77, 84, 15381836
0.24, 10.42, 12.11, 126.15, 77, 84, 15393656
0.24, 10.09, 11.71, 118.13, 77, 84, 15405476
0.24, 9.77, 11.87, 115.90, 77, 84, 15417308
0.24, 10.09, 11.63, 117.31, 77, 84, 15429128
0.24, 10.42, 11.92, 124.18, 77, 84, 15440960
0.24, 10.74, 11.98, 128.64, 77, 84, 15452776
0.24, 10.42, 11.92, 124.18, 77, 84, 15464604
0.24, 10.09, 11.54, 116.49, 77, 84, 15476424
0.24, 10.09, 12.08, 121.94, 77, 84, 15488276
0.24, 10.42, 12.14, 126.43, 78, 85, 15500072
0.24, 10.42, 12.43, 129.52, 78, 84, 15511900
0.25, 10.42, 11.54, 120.25, 78, 84, 15523728
0.25, 10.42, 11.73, 122.22, 78, 84, 15535552
0.25, 10.42, 12.11, 126.15, 78, 84, 15547384
0.25, 10.42, 11.84, 123.34, 78, 84, 15559204
0.25, 10.74, 11.71, 125.75, 78, 84, 15571032
0.25, 11.72, 11.84, 138.76, 78, 84, 15582848
0.25, 10.42, 11.89, 123.90, 78, 84, 15594676
0.25, 10.42, 11.92, 124.18, 78, 84, 15606512
0.25, 10.42, 11.57, 120.53, 78, 84, 15618324
0.25, 11.39, 11.98, 136.44, 78, 84, 15630144
0.25, 11.07, 11.95, 132.24, 78, 84, 15641968
0.25, 11.07, 12.08, 133.74, 78, 84, 15653788
0.25, 10.74, 11.68, 125.46, 78, 84, 15665616
0.25, 10.42, 11.84, 123.34, 78, 84, 15677444
0.25, 10.42, 11.65, 121.37, 78, 84, 15689264
0.25, 11.07, 11.71, 129.56, 79, 84, 15701092
0.25, 10.09, 12.52, 126.29, 79, 84, 15712912
0.25, 10.74, 11.95, 128.35, 79, 84, 15724740
0.25, 11.07, 11.98, 132.54, 79, 84, 15736560
0.25, 11.72, 12.16, 142.55, 79, 84, 15748408
0.25, 11.07, 12.03, 133.14, 79, 85, 15760208
0.26, 10.42, 12.25, 127.56, 79, 84, 15772032
0.26, 11.07, 11.71, 129.56, 79, 84, 15783856
0.26, 11.07, 11.95, 132.24, 79, 84, 15795680
0.26, 11.07, 12.08, 133.74, 79, 84, 15807512
0.26, 11.07, 12.30, 136.13, 79, 84, 15819328
0.26, 11.72, 12.14, 142.24, 79, 84, 15831160
0.26, 10.74, 11.46, 123.14, 79, 84, 15842972
0.26, 11.07, 11.98, 132.54, 79, 84, 15854808
0.26, 11.39, 12.16, 138.59, 79, 84, 15866640
0.26, 11.39, 12.08, 137.67, 79, 84, 15878456
0.26, 10.74, 11.95, 128.35, 79, 84, 15890272
0.26, 11.39, 11.38, 129.68, 80, 84, 15902096
0.26, 11.39, 12.19, 138.90, 80, 84, 15913928
0.25, 10.74, 11.63, 124.88, 80, 84, 15925744
0.26, 11.39, 12.30, 140.13, 80, 84, 15937576
0.26, 11.39, 11.71, 133.37, 80, 84, 15949396
0.26, 11.07, 12.00, 132.84, 80, 84, 15961224
0.26, 12.04, 11.57, 139.37, 80, 84, 15973044
0.26, 11.72, 12.03, 140.97, 80, 84, 15984876
0.26, 11.72, 12.08, 141.60, 80, 84, 15996696
0.26, 12.04, 11.27, 135.79, 80, 84, 16008544
0.26, 11.39, 11.54, 131.52, 80, 85, 16020348
0.26, 11.39, 11.95, 136.13, 80, 84, 16032168
0.26, 11.39, 11.98, 136.44, 80, 84, 16044004
0.26, 11.07, 11.73, 129.86, 80, 84, 16055824
0.26, 11.39, 11.79, 134.29, 80, 84, 16067656
0.26, 11.07, 11.46, 126.87, 80, 84, 16079476
0.26, 11.72, 11.89, 139.39, 80, 84, 16091304
0.26, 11.72, 11.95, 140.02, 81, 84, 16103124
0.26, 11.72, 11.92, 139.71, 81, 84, 16114956
0.26, 11.72, 11.87, 139.08, 81, 84, 16126788
0.27, 11.72, 11.25, 131.81, 81, 84, 16138596
0.27, 11.72, 11.79, 138.13, 81, 84, 16150420
0.27, 12.04, 12.14, 146.19, 81, 84, 16162244
0.27, 11.39, 11.89, 135.52, 81, 84, 16174080
0.27, 11.39, 11.57, 131.83, 81, 84, 16185892
0.27, 11.72, 11.98, 140.34, 81, 84, 16197724
0.27, 12.04, 11.65, 140.34, 81, 84, 16209544
0.27, 11.72, 11.98, 140.34, 81, 84, 16221376
0.27, 11.72, 11.81, 138.44, 81, 84, 16233192
0.27, 12.04, 12.27, 147.81, 81, 84, 16245020
0.27, 12.37, 11.71, 144.80, 81, 84, 16256844
0.27, 11.39, 12.08, 137.67, 81, 84, 16268684
0.27, 11.39, 11.57, 131.83, 81, 84, 16280492
0.27, 12.04, 11.87, 142.94, 81, 84, 16292312
0.27, 12.04, 11.81, 142.29, 82, 84, 16304144
0.27, 11.72, 11.84, 138.76, 82, 84, 16315960
0.27, 11.72, 11.54, 135.28, 82, 84, 16327792
0.27, 13.02, 11.65, 151.72, 82, 84, 16339608
0.27, 12.04, 12.03, 144.89, 82, 84, 16351440
0.28, 12.04, 12.00, 144.56, 82, 84, 16363256
0.28, 12.37, 11.68, 144.47, 82, 84, 16375088
0.28, 12.70, 11.81, 149.98, 82, 84, 16386924
0.28, 12.70, 11.71, 148.61, 82, 84, 16398732
0.28, 12.37, 11.38, 140.80, 82, 84, 16410564
0.28, 12.37, 11.68, 144.47, 82, 84, 16422384
0.28, 12.70, 11.95, 151.69, 82, 84, 16434212
0.28, 13.02, 12.25, 159.44, 82, 84, 16446028
0.28, 12.37, 11.98, 148.14, 82, 84, 16457864
0.28, 12.37, 12.08, 149.47, 82, 84, 16469680
0.28, 12.37, 11.63, 143.80, 82, 84, 16481512
0.28, 12.70, 11.89, 151.01, 82, 84, 16493332
0.28, 13.02, 11.19, 145.75, 83, 84, 16505164
0.28, 12.37, 11.71, 144.80, 83, 84, 16516984
0.28, 12.70, 12.08, 153.40, 83, 84, 16528828
0.28, 13.35, 11.76, 156.95, 83, 84, 16540640
0.28, 13.02, 12.11, 157.69, 83, 84, 16552456
0.28, 13.02, 12.03, 156.64, 83, 84, 16564288
0.28, 12.37, 11.44, 141.46, 83, 84, 16576104
0.28, 12.70, 11.36, 144.16, 83, 84, 16587940
0.28, 12.37, 11.57, 143.13, 83, 84, 16599760
0.28, 13.02, 12.00, 156.28, 83, 84, 16611592
0.28, 13.02, 12.11, 157.69, 83, 84, 16623408
0.29, 13.02, 12.22, 159.09, 83, 84, 16635236
0.28, 13.02, 11.89, 154.88, 83, 84, 16647060
0.29, 12.70, 11.81, 149.98, 83, 84, 16658888
0.29, 12.70, 11.76, 149.30, 83, 84, 16670716
0.29, 12.70, 11.52, 146.21, 83, 84, 16682536
0.28, 13.02, 11.68, 152.07, 83, 84, 16694368
0.28, 13.67, 11.76, 160.78, 84, 84, 16706184
0.28, 13.67, 12.00, 164.10, 84, 84, 16718016
0.28, 12.70, 11.52, 146.21, 84, 84, 16729832
0.29, 13.35, 11.92, 159.11, 84, 84, 16741664
0.29, 13.67, 11.79, 161.15, 84, 84, 16753480
0.29, 13.02, 11.54, 150.31, 84, 84, 16765308
0.29, 13.02, 11.49, 149.61, 84, 84, 16777132
0.29, 13.02, 11.57, 150.66, 84, 84, 16788960
0.29, 13.35, 11.46, 152.99, 84, 84, 16800788
0.29, 13.02, 11.92, 155.23, 84, 84, 16812608
0.29, 13.35, 11.95, 159.47, 84, 84, 16824440
0.29, 13.02, 12.22, 159.09, 84, 84, 16836256
0.29, 13.35, 11.87, 158.39, 84, 84, 16848088
0.29, 13.35, 11.79, 157.31, 84, 84, 16859904
0.29, 12.70, 11.60, 147.24, 84, 84, 16871736
0.29, 13.35, 12.03, 160.55, 84, 84, 16883556
0.29, 13.02, 11.54, 150.31, 84, 84, 16895380
0.29, 13.02, 11.95, 155.58, 85, 84, 16907208
0.29, 13.02, 11.41, 148.56, 85, 84, 16919024
0.29, 13.67, 11.57, 158.20, 85, 84, 16930860
0.29, 13.67, 12.08, 165.20, 85, 84, 16942676
0.30, 13.67, 11.81, 161.52, 85, 84, 16954508
0.30, 13.67, 11.87, 162.25, 85, 84, 16966324
0.30, 13.67, 11.25, 153.77, 85, 84, 16978156
0.30, 13.67, 11.54, 157.83, 85, 84, 16989972
0.30, 14.32, 11.22, 160.71, 85, 84, 17001804
0.30, 14.00, 12.11, 169.52, 85, 84, 17013616
0.30, 13.67, 11.44, 156.35, 85, 84, 17025440
0.30, 14.00, 12.08, 169.14, 85, 84, 17037272
0.30, 14.32, 12.19, 174.62, 85, 84, 17049092
0.30, 14.00, 12.00, 168.01, 85, 84, 17060920
0.30, 14.00, 11.63, 162.72, 85, 84, 17072736
0.30, 13.67, 11.84, 161.89, 85, 84, 17084568
0.30, 13.67, 12.06, 164.84, 85, 84, 17096384
0.30, 13.67, 12.00, 164.10, 86, 84, 17108216
0.30, 14.32, 11.81, 169.21, 86, 84, 17120036
0.30, 13.67, 11.76, 160.78, 86, 84, 17131856
0.30, 14.00, 11.84, 165.74, 86, 84, 17143680
0.30, 14.00, 11.65, 163.10, 86, 84, 17155508
0.30, 14.00, 12.03, 168.38, 86, 84, 17167340
0.31, 14.32, 11.98, 171.53, 86, 84, 17179160
0.31, 14.32, 11.98, 171.53, 86, 84, 17190992
0.31, 14.32, 11.19, 160.32, 86, 84, 17202812
0.31, 14.65, 12.06, 176.61, 86, 84, 17214644
0.31, 13.67, 11.54, 157.83, 86, 84, 17226464
0.31, 14.32, 11.84, 169.59, 86, 84, 17238296
0.31, 14.32, 11.98, 171.53, 86, 84, 17250116
0.30, 14.97, 11.30, 169.23, 86, 84, 17261940
0.30, 14.32, 11.89, 170.37, 86, 84, 17273768
0.30, 14.32, 11.98, 171.53, 86, 84, 17285592
0.30, 14.32, 11.89, 170.37, 86, 84, 17297424
0.30, 14.00, 11.81, 165.36, 87, 84, 17309244
0.31, 14.00, 11.54, 161.59, 87, 84, 17321076
0.31, 15.30, 11.81, 180.75, 87, 84, 17332892
0.31, 14.97, 12.11, 181.34, 87, 84, 17344724
0.31, 14.65, 11.98, 175.42, 87, 84, 17356540
0.31, 14.00, 11.36, 158.94, 87, 84, 17368368
0.31, 14.32, 11.49, 164.57, 87, 85, 17380188
0.31, 14.65, 12.57, 184.12, 87, 84, 17392012
0.31, 14.65, 12.16, 178.19, 87, 84, 17403840
0.31, 14.65, 11.71, 171.47, 87, 84, 17415660
0.31, 14.32, 11.87, 169.98, 87, 84, 17427488
0.31, 14.65, 11.84, 173.45, 87, 84, 17439304
0.31, 14.97, 11.73, 175.69, 87, 84, 17451132
0.31, 14.65, 11.60, 169.89, 87, 84, 17462952
0.31, 14.65, 11.46, 167.92, 87, 84, 17474784
0.31, 14.97, 12.19, 182.55, 87, 84, 17486600
0.31, 14.65, 11.76, 172.26, 87, 84, 17498436
0.31, 14.97, 11.87, 177.71, 88, 84, 17510256
0.31, 15.30, 11.92, 182.40, 88, 84, 17522080
0.32, 14.97, 11.79, 176.50, 88, 84, 17533908
0.32, 15.30, 12.03, 184.05, 88, 84, 17545728
0.32, 14.97, 11.46, 171.65, 88, 84, 17557560
0.32, 15.63, 11.60, 181.22, 88, 84, 17569380
0.32, 15.63, 11.84, 185.01, 88, 84, 17581212
0.32, 14.65, 11.87, 173.84, 88, 84, 17593028
0.32, 15.30, 11.84, 181.16, 88, 84, 17604864
0.32, 15.30, 11.54, 176.62, 88, 84, 17616680
0.32, 14.65, 11.49, 168.31, 88, 84, 17628508
0.32, 15.30, 11.49, 175.79, 88, 84, 17640328
0.32, 15.30, 11.71, 179.09, 88, 84, 17652156
0.32, 15.63, 11.95, 186.70, 88, 84, 17663984
0.32, 15.63, 11.89, 185.86, 88, 84, 17675804
0.32, 15.63, 11.87, 185.43, 88, 84, 17687636
0.32, 15.30, 11.30, 172.90, 88, 84, 17699452
0.32, 15.30, 12.03, 184.05, 89, 84, 17711284
0.32, 15.30, 11.63, 177.86, 89, 84, 17723104
0.32, 14.97, 11.11, 166.40, 89, 84, 17734936
0.32, 14.97, 11.98, 179.32, 89, 84, 17746752
0.32, 15.95, 11.17, 178.11, 89, 84, 17758576
0.33, 15.63, 11.68, 182.48, 89, 84, 17770400
0.33, 15.63, 11.36, 177.43, 89, 84, 17782224
0.33, 15.63, 11.60, 181.22, 89, 84, 17794052
0.33, 15.63, 12.19, 190.49, 89, 84, 17805872
0.33, 15.95, 11.89, 189.73, 89, 84, 17817704
0.33, 15.63, 11.30, 176.58, 89, 84, 17829524
0.33, 15.95, 11.81, 188.44, 89, 84, 17841356
0.33, 15.30, 11.49, 175.79, 89, 84, 17853176
0.33, 15.95, 11.60, 184.99, 89, 84, 17865004
0.33, 15.30, 11.49, 175.79, 89, 84, 17876824
0.33, 16.28, 11.38, 185.26, 89, 84, 17888652
0.33, 15.30, 11.44, 174.97, 89, 84, 17900484
0.33, 16.28, 11.84, 192.72, 90, 84, 17912304
0.33, 15.95, 11.73, 187.15, 90, 84, 17924136
0.33, 15.95, 11.36, 181.12, 90, 84, 17935952
0.33, 15.95, 12.06, 192.31, 90, 84, 17947784
0.33, 15.63, 11.52, 179.96, 90, 84, 17959604
0.33, 15.95, 11.98, 191.02, 90, 84, 17971432
0.33, 15.95, 11.54, 184.13, 90, 84, 17983252
0.33, 15.95, 11.38, 181.55, 90, 84, 17995084
0.33, 16.28, 11.68, 190.09, 90, 84, 18006920
0.33, 16.60, 11.89, 197.47, 90, 84, 18018728
0.34, 15.95, 11.41, 181.98, 90, 84, 18030560
0.33, 16.28, 11.57, 188.33, 90, 84, 18042380
0.33, 16.28, 11.52, 187.45, 90, 84, 18054208
0.33, 16.93, 11.46, 194.04, 90, 84, 18066028
0.33, 15.95, 11.44, 182.41, 90, 84, 18077860
0.33, 15.95, 11.30, 180.26, 90, 84, 18089680
0.33, 16.28, 11.87, 193.16, 90, 84, 18101512
0.33, 16.60, 11.79, 195.68, 91, 84, 18113332
0.33, 16.28, 11.76, 191.40, 91, 84, 18125156
0.33, 16.60, 11.92, 197.92, 91, 84, 18136984
0.34, 16.28, 11.71, 190.53, 91, 84, 18148828
0.34, 16.93, 11.81, 199.97, 91, 84, 18160640
0.34, 16.28, 11.38, 185.26, 91, 84, 18172460
0.34, 16.60, 11.52, 191.20, 91, 84, 18184292
0.34, 16.28, 11.76, 191.40, 91, 84, 18196112
0.34, 16.60, 12.11, 201.05, 91, 84, 18207940
0.34, 16.60, 11.68, 193.89, 91, 84, 18219764
0.34, 16.60, 11.68, 193.89, 91, 84, 18231592
0.34, 16.60, 12.11, 201.05, 91, 84, 18243412
0.34, 15.95, 11.68, 186.29, 91, 84, 18255236
0.34, 16.28, 11.60, 188.77, 91, 84, 18267080
0.34, 16.93, 11.84, 200.43, 91, 85, 18278884
0.34, 16.60, 11.52, 191.20, 91, 84, 18290716
0.34, 16.93, 11.44, 193.58, 91, 84, 18302536
0.34, 16.93, 11.60, 196.32, 92, 84, 18314368
0.34, 16.60, 11.68, 193.89, 92, 84, 18326188
0.34, 16.60, 11.63, 192.99, 92, 84, 18338020
0.34, 17.25, 11.44, 197.30, 92, 84, 18349836
0.34, 17.25, 11.17, 192.65, 92, 84, 18361672
0.34, 17.25, 11.41, 196.84, 92, 84, 18373492
0.35, 16.93, 11.65, 197.23, 92, 84, 18385316
0.35, 17.25, 11.84, 204.28, 92, 84, 18397144
0.35, 16.93, 12.14, 205.45, 92, 84, 18408988
0.35, 17.58, 11.81, 207.66, 92, 84, 18420796
0.35, 17.25, 11.54, 199.17, 92, 84, 18432616
0.35, 16.93, 11.54, 195.41, 92, 84, 18444448
0.34, 16.93, 11.44, 193.58, 92, 84, 18456268
0.34, 17.25, 11.84, 204.28, 92, 84, 18468100
0.34, 17.58, 11.79, 207.19, 92, 84, 18479920
0.35, 16.93, 11.44, 193.58, 92, 84, 18491744
0.35, 17.25, 11.68, 201.49, 92, 84, 18503568
0.35, 17.25, 11.38, 196.37, 93, 84, 18515396
0.35, 16.93, 11.79, 199.52, 93, 84, 18527244
0.35, 16.93, 11.68, 197.69, 93, 85, 18539048
0.35, 17.25, 11.52, 198.70, 93, 84, 18550880
0.35, 17.90, 11.84, 211.99, 93, 84, 18562700
0.35, 16.93, 11.68, 197.69, 93, 84, 18574532
0.35, 17.90, 11.49, 205.72, 93, 84, 18586352
0.35, 17.25, 11.63, 200.56, 93, 84, 18598184
0.35, 17.25, 11.44, 197.30, 93, 84, 18610004
0.35, 17.90, 11.73, 210.06, 93, 84, 18621824
0.35, 17.90, 11.49, 205.72, 93, 84, 18633656
0.35, 17.25, 11.60, 200.10, 93, 84, 18645472
0.35, 17.58, 11.49, 201.98, 93, 84, 18657304
0.35, 17.58, 11.65, 204.82, 93, 84, 18669140
0.35, 17.90, 11.68, 209.10, 93, 84, 18680952
0.35, 17.25, 11.38, 196.37, 93, 84, 18692768
0.35, 17.58, 11.57, 203.40, 93, 84, 18704596
0.35, 17.90, 11.73, 210.06, 94, 84, 18716416
0.35, 17.58, 11.60, 203.87, 94, 84, 18728248
0.35, 17.58, 11.38, 200.08, 94, 84, 18740064
0.35, 17.25, 11.41, 196.84, 94, 84, 18751888
0.36, 18.23, 11.46, 208.96, 94, 84, 18763716
0.35, 17.90, 11.68, 209.10, 94, 84, 18775536
0.36, 17.58, 11.38, 200.08, 94, 84, 18787380
0.36, 17.90, 11.52, 206.20, 94, 84, 18799188
0.36, 17.58, 11.63, 204.35, 94, 84, 18811016
0.36, 17.58, 11.71, 205.77, 94, 84, 18822836
0.36, 17.90, 11.60, 207.65, 94, 84, 18834668
0.36, 18.23, 11.38, 207.49, 94, 84, 18846488
0.35, 17.25, 11.60, 200.10, 94, 84, 18858316
0.35, 18.55, 11.84, 219.70, 94, 84, 18870136
0.36, 17.90, 12.19, 218.27, 94, 84, 18881960
0.35, 17.90, 11.65, 208.61, 94, 84, 18893796
0.36, 17.90, 11.38, 203.78, 94, 84, 18905616
0.36, 17.58, 11.63, 204.35, 95, 84, 18917444
0.36, 17.90, 11.33, 202.82, 95, 84, 18929284
0.35, 17.58, 11.65, 204.82, 95, 85, 18941092
0.36, 18.55, 11.46, 212.70, 95, 84, 18952912
0.36, 18.23, 11.25, 205.03, 95, 84, 18964744
0.36, 17.90, 11.49, 205.72, 95, 84, 18976560
0.36, 17.58, 11.89, 209.09, 95, 84, 18988384
0.36, 17.90, 11.57, 207.16, 95, 85, 19000208
0.36, 18.23, 11.49, 209.46, 95, 84, 19012028
0.36, 18.88, 11.79, 222.54, 95, 84, 19023860
0.36, 18.88, 11.84, 223.56, 95, 84, 19035676
0.36, 18.23, 11.73, 213.88, 95, 84, 19047508
0.36, 18.23, 11.89, 216.83, 95, 84, 19059324
0.36, 18.55, 11.41, 211.69, 95, 84, 19071160
0.36, 18.88, 11.60, 218.97, 95, 84, 19082980
0.36, 17.90, 11.60, 207.65, 95, 84, 19094812
0.36, 18.23, 11.49, 209.46, 95, 84, 19106632
0.36, 18.23, 12.08, 220.27, 96, 84, 19118456
0.36, 18.55, 11.76, 218.20, 96, 84, 19130288
0.36, 19.21, 11.41, 219.12, 96, 84, 19142108
0.36, 18.23, 11.57, 210.93, 96, 84, 19153944
0.36, 18.55, 11.76, 218.20, 96, 84, 19165764
0.36, 18.23, 11.52, 209.95, 96, 84, 19177596
0.37, 18.88, 12.08, 228.14, 96, 84, 19189432
0.36, 18.55, 11.76, 218.20, 96, 84, 19201248
0.37, 18.55, 11.49, 213.20, 96, 84, 19213068
0.37, 19.21, 11.76, 225.86, 96, 84, 19224896
0.37, 19.21, 11.54, 221.71, 96, 84, 19236716
0.37, 19.53, 11.38, 222.31, 96, 84, 19248536
0.37, 18.88, 12.03, 227.12, 96, 84, 19260368
0.37, 19.21, 11.30, 217.05, 96, 84, 19272188
0.37, 18.55, 11.79, 218.70, 96, 84, 19284020
0.37, 18.88, 11.63, 219.48, 96, 84, 19295840
0.37, 18.88, 11.33, 213.88, 96, 84, 19307668
0.37, 18.55, 11.79, 218.70, 97, 84, 19319484
0.37, 19.53, 11.92, 232.85, 97, 84, 19331312
0.37, 18.88, 12.30, 232.21, 97, 84, 19343136
0.37, 18.88, 11.65, 219.99, 97, 84, 19354964
0.37, 19.21, 11.84, 227.41, 97, 84, 19366788
0.37, 19.21, 11.41, 219.12, 97, 84, 19378608
0.37, 19.21, 11.73, 225.34, 97, 84, 19390444
0.37, 19.21, 11.33, 217.57, 97, 84, 19402264
0.37, 19.53, 11.33, 221.26, 97, 84, 19414092
0.37, 18.55, 11.44, 212.20, 97, 84, 19425908
0.37, 19.21, 11.46, 220.16, 97, 84, 19437740
0.37, 18.88, 11.49, 216.94, 97, 84, 19449556
0.37, 18.88, 11.30, 213.37, 97, 84, 19461388
0.37, 18.88, 11.57, 218.46, 97, 84, 19473204
0.37, 19.21, 11.87, 227.93, 97, 84, 19485032
0.37, 18.88, 11.44, 215.92, 97, 84, 19496856
0.37, 19.21, 11.65, 223.78, 97, 84, 19508680
0.37, 19.53, 11.54, 225.47, 98, 84, 19520516
0.37, 19.53, 11.38, 222.31, 98, 84, 19532336
0.37, 19.21, 11.27, 216.53, 98, 84, 19544168
0.37, 19.53, 11.38, 222.31, 98, 84, 19555988
0.37, 19.86, 11.17, 221.73, 98, 84, 19567820
0.37, 19.21, 11.60, 222.75, 98, 84, 19579640
0.37, 19.86, 11.71, 232.44, 98, 84, 19591472
0.37, 19.86, 11.36, 225.48, 98, 84, 19603292
0.37, 19.21, 11.68, 224.30, 98, 84, 19615116
0.37, 19.53, 11.52, 224.94, 98, 84, 19626948
0.37, 19.21, 11.63, 223.27, 98, 84, 19638768
0.37, 19.53, 11.25, 219.68, 98, 84, 19650596
0.37, 19.21, 11.63, 223.27, 98, 84, 19662416
0.37, 19.53, 11.36, 221.78, 98, 84, 19674248
0.37, 19.53, 11.54, 225.47, 98, 84, 19686060
0.37, 19.53, 11.44, 223.36, 98, 84, 19697892
0.37, 19.21, 11.19, 214.98, 98, 84, 19709712
0.37, 19.21, 11.81, 226.89, 99, 84, 19721544
0.37, 19.86, 11.60, 230.30, 99, 84, 19733360
0.37, 19.53, 11.79, 230.21, 99, 84, 19745188
0.38, 19.53, 11.19, 218.62, 99, 84, 19757020
0.38, 19.53, 11.79, 230.21, 99, 84, 19768836
0.38, 19.86, 11.30, 224.41, 99, 84, 19780668
0.38, 19.21, 11.76, 225.86, 99, 84, 19792488
0.38, 20.18, 11.84, 238.97, 99, 84, 19804316
0.38, 20.18, 11.38, 229.72, 99, 84, 19816132
0.38, 19.53, 11.49, 224.42, 99, 84, 19827968
0.38, 19.86, 11.14, 221.19, 99, 84, 19839780
0.38, 19.86, 11.60, 230.30, 99, 84, 19851604
0.38, 19.53, 11.30, 220.73, 99, 84, 19863428
0.37, 19.53, 11.46, 223.89, 99, 84, 19875256
0.38, 19.53, 11.54, 225.47, 99, 84, 19887084
0.38, 19.86, 11.63, 230.84, 99, 84, 19898900
0.38, 19.86, 11.57, 229.76, 99, 84, 19910732
0.38, 20.51, 11.27, 231.21, 100, 84, 19922548
0.38, 19.53, 11.84, 231.27, 100, 84, 19934380
0.38, 19.86, 11.68, 231.91, 100, 84, 19946196
0.38, 20.18, 11.57, 233.53, 100, 84, 19958028
0.38, 20.51, 11.30, 231.77, 100, 84, 19969844
0.38, 20.51, 11.44, 234.53, 100, 84, 19981668
0.38, 20.51, 11.54, 236.74, 100, 84, 19993492
0.38, 20.18, 11.76, 237.34, 100, 84, 20005316
0.39, 20.51, 11.36, 232.87, 100, 84, 20017148
0.39, 20.83, 11.27, 234.88, 100, 84, 20028968
0.39, 20.51, 11.49, 235.64, 100, 84, 20040800
0.39, 20.51, 11.38, 233.43, 100, 84, 20052616
0.39, 20.51, 11.54, 236.74, 100, 84, 20064452
0.38, 20.18, 11.38, 229.72, 100, 84, 20076272
0.38, 20.51, 11.63, 238.40, 100, 84, 20088100
0.39, 20.83, 11.36, 236.57, 100, 84, 20099920
0.39, 20.83, 11.52, 239.94, 100, 84, 20111744
0.38, 20.83, 11.33, 236.01, 100, 84, 20123576
0.39, 20.51, 11.87, 243.38, 100, 84, 20135396
0.39, 20.18, 12.06, 243.33, 100, 84, 20147224
0.39, 20.83, 11.46, 238.82, 100, 84, 20159044
0.39, 20.51, 11.49, 235.64, 100, 84, 20170876
0.39, 21.16, 11.49, 243.12, 100, 84, 20182692
0.39, 20.51, 11.46, 235.08, 100, 84, 20194520
0.39, 20.51, 11.54, 236.74, 100, 84, 20206336
0.38, 20.51, 11.57, 237.30, 100, 84, 20218164
0.38, 20.51, 11.44, 234.53, 100, 84, 20229988
0.39, 20.51, 11.41, 233.98, 100, 84, 20241808
0.39, 20.51, 11.65, 238.96, 100, 84, 20253640
0.39, 20.51, 11.54, 236.74, 100, 84, 20265456
0.39, 20.51, 11.65, 238.96, 100, 84, 20277288
0.39, 20.83, 11.38, 237.13, 100, 84, 20289104
0.38, 20.83, 11.63, 242.19, 100, 84, 20300932
0.39, 20.18, 11.76, 237.34, 100, 84, 20312752
0.39, 21.16, 11.44, 241.98, 100, 84, 20324580
0.39, 20.51, 11.60, 237.85, 100, 84, 20336404
0.38, 20.83, 11.38, 237.13, 100, 84, 20348232
0.38, 20.51, 11.81, 242.28, 100, 85, 20360052
0.39, 20.51, 11.44, 234.53, 100, 84, 20371880
0.39, 20.51, 11.46, 235.08, 100, 84, 20383712
0.39, 20.83, 11.41, 237.69, 100, 84, 20395528
0.39, 20.51, 11.49, 235.64, 100, 84, 20407376
0.39, 20.18, 11.76, 237.34, 100, 84, 20419180
0.38, 20.18, 11.68, 235.71, 100, 84, 20431008
0.38, 20.18, 11.63, 234.62, 100, 84, 20442828
0.38, 20.51, 11.30, 231.77, 100, 84, 20454656
0.39, 20.83, 11.57, 241.06, 100, 84, 20466476
0.38, 20.83, 11.30, 235.44, 100, 84, 20478296
0.38, 21.16, 11.19, 236.84, 100, 84, 20490120
0.39, 20.18, 11.44, 230.81, 100, 84, 20501944
0.38, 20.83, 11.52, 239.94, 100, 84, 20513780
0.38, 20.83, 11.38, 237.13, 100, 84, 20525596
0.38, 20.51, 11.57, 237.30, 100, 84, 20537432
0.39, 20.83, 11.73, 244.44, 100, 84, 20549248
0.39, 20.83, 11.76, 245.00, 100, 84, 20561076
0.39, 20.51, 11.41, 233.98, 100, 84, 20572892
0.39, 20.18, 11.54, 232.99, 100, 84, 20584724
0.38, 20.51, 11.38, 233.43, 100, 84, 20596544
0.39, 20.83, 11.22, 233.76, 100, 84, 20608368
0.39, 20.83, 11.54, 240.50, 100, 85, 20620188
0.39, 20.83, 11.54, 240.50, 100, 84, 20632012
0.39, 20.51, 11.71, 240.06, 100, 84, 20643844
0.39, 20.51, 11.38, 233.43, 100, 84, 20655664
0.39, 20.18, 11.60, 234.07, 100, 84, 20667508
0.38, 20.83, 11.41, 237.69, 100, 84, 20679316
0.38, 20.83, 11.38, 237.13, 100, 84, 20691148
0.39, 20.83, 11.27, 234.88, 100, 84, 20702964
0.39, 20.18, 11.87, 239.52, 100, 84, 20714800
0.39, 20.83, 11.38, 237.13, 100, 84, 20726620
0.38, 21.16, 11.46, 242.55, 100, 84, 20738444
0.39, 20.51, 11.49, 235.64, 100, 84, 20750272
0.39, 20.51, 11.57, 237.30, 100, 84, 20762092
0.39, 21.16, 11.38, 240.84, 100, 84, 20773924
0.39, 20.83, 11.52, 239.94, 100, 84, 20785744
0.38, 20.51, 11.63, 238.40, 100, 84, 20797572
0.39, 20.51, 11.49, 235.64, 100, 84, 20809408
0.39, 21.16, 11.38, 240.84, 100, 85, 20821216
0.39, 20.51, 11.17, 229.00, 100, 84, 20833032
0.39, 20.51, 11.36, 232.87, 100, 84, 20844864
0.39, 20.51, 11.49, 235.64, 100, 84, 20856684
0.39, 20.51, 11.36, 232.87, 100, 84, 20868508
0.39, 20.51, 11.33, 232.32, 100, 84, 20880340
0.39, 20.83, 11.25, 234.32, 100, 84, 20892156
0.39, 20.51, 11.41, 233.98, 100, 84, 20903984
0.39, 20.83, 11.36, 236.57, 100, 84, 20915804
0.39, 20.83, 11.71, 243.87, 0, 84, 20927652
0.39, 18.55, 12.16, 225.71, 0, 85, 20939456
0.36, 16.28, 11.98, 194.92, 0, 84, 20951284
0.24, 14.65, 12.65, 185.30, 0, 84, 20963104
0.14, 12.37, 12.19, 150.81, 0, 84, 20974924
0.07, 11.72, 12.30, 144.13, 0, 84, 20986752
0.03, 10.42, 12.22, 127.27, 0, 84, 20998580
0.01, 9.44, 12.27, 115.85, 0, 84, 21010412
0.01, 8.46, 12.25, 103.64, 0, 84, 21022228
0.00, 7.81, 12.25, 95.67, 0, 84, 21034064
