0.00, -0.00, 12.46, -0.00, 1, 19, 528
0.00, -0.00, 12.43, -0.00, 1, 145, 7444
0.00, -0.00, 12.43, -0.00, 1, 84, 19268
0.00, -0.00, 12.43, -0.00, 1, 84, 31084
0.00, -0.00, 12.43, -0.00, 1, 84, 42912
0.00, -0.00, 12.43, -0.00, 1, 84, 54736
0.00, -0.00, 12.43, -0.00, 1, 84, 102036
0.00, -0.00, 12.46, -0.00, 1, 84, 113868
0.00, -0.00, 12.46, -0.00, 1, 84, 125688
0.00, 0.33, 12.43, 4.05, 1, 84, 137520
0.00, -0.00, 12.43, -0.00, 1, 84, 149336
0.00, -0.00, 12.46, -0.00, 1, 84, 161160
0.00, -0.00, 12.43, -0.00, 1, 84, 172988
0.00, 0.33, 12.43, 4.05, 1, 84, 184808
0.00, -0.00, 12.43, -0.00, 1, 84, 196640
0.00, 0.33, 12.43, 4.05, 1, 84, 208460
0.00, -0.00, 12.43, -0.00, 2, 84, 220288
0.00, -0.00, 12.43, -0.00, 2, 84, 232108
0.00, -0.00, 12.43, -0.00, 2, 84, 243940
0.00, 0.33, 12.43, 4.05, 2, 84, 255756
0.00, 0.33, 12.43, 4.05, 2, 84, 267584
0.00, -0.00, 12.43, -0.00, 2, 84, 279404
0.00, -0.00, 12.43, -0.00, 2, 84, 291224
0.00, -0.00, 12.43, -0.00, 2, 84, 303060
0.00, -0.00, 12.43, -0.00, 2, 84, 314876
0.00, -0.00, 12.43, -0.00, 2, 84, 326704
0.00, 0.33, 12.43, 4.05, 2, 84, 338520
0.00, -0.00, 12.43, -0.00, 2, 84, 350352
0.00, -0.00, 12.43, -0.00, 2, 84, 362168
0.00, 0.33, 12.43, 4.05, 2, 84, 373996
0.00, -0.00, 12.43, -0.00, 2, 84, 385816
0.00, -0.00, 12.43, -0.00, 2, 84, 397640
0.00, 0.33, 12.43, 4.05, 2, 84, 409464
0.00, 0.33, 12.43, 4.05, 3, 84, 421292
0.00, -0.00, 12.46, -0.00, 3, 84, 433124
0.00, -0.00, 12.43, -0.00, 3, 84, 444940
0.00, 0.33, 12.43, 4.05, 3, 84, 456772
0.00, 0.33, 12.43, 4.05, 3, 84, 468588
0.00, -0.00, 12.43, -0.00, 3, 84, 480416
0.00, 0.33, 12.43, 4.05, 3, 84, 492236
0.00, 0.33, 12.43, 4.05, 3, 84, 504068
0.00, -0.00, 12.43, -0.00, 3, 84, 515888
0.00, -0.00, 12.43, -0.00, 3, 84, 527712
0.00, 0.33, 12.43, 4.05, 3, 84, 539540
0.00, 0.33, 12.43, 4.05, 3, 84, 551368
0.00, -0.00, 12.43, -0.00, 3, 84, 563200
0.00, 0.33, 12.43, 4.05, 3, 84, 575016
0.00, 0.33, 12.43, 4.05, 3, 84, 586852
0.00, -0.00, 12.43, -0.00, 3, 84, 598668
0.00, 0.33, 12.43, 4.05, 3, 84, 610504
0.00, 0.33, 12.46, 4.06, 4, 84, 622320
0.00, 0.33, 12.46, 4.06, 4, 84, 634152
0.00, 0.33, 12.43, 4.05, 4, 84, 645972
0.00, 0.33, 12.43, 4.05, 4, 84, 657796
0.00, 0.33, 12.43, 4.05, 4, 84, 669628
0.00, 0.33, 12.46, 4.06, 4, 84, 681448
0.00, 0.33, 12.46, 4.06, 4, 84, 693276
0.00, 0.33, 12.43, 4.05, 4, 84, 705096
0.00, 0.33, 12.43, 4.05, 4, 84, 716928
0.00, 0.33, 12.43, 4.05, 4, 84, 728748
0.00, 0.33, 12.46, 4.06, 4, 84, 740592
0.00, 0.33, 12.46, 4.06, 4, 85, 752400
0.00, -0.00, 12.46, -0.00, 4, 84, 764228
0.00, 0.33, 12.41, 4.04, 4, 84, 776048
0.01, 0.33, 12.43, 4.05, 4, 84, 787872
0.01, 0.33, 12.46, 4.06, 4, 84, 799704
0.00, 0.33, 12.43, 4.05, 4, 84, 811520
0.00, 0.33, 12.43, 4.05, 5, 84, 823352
0.00, 0.33, 12.41, 4.04, 5, 84, 835172
0.00, 0.33, 12.41, 4.04, 5, 84, 847000
0.01, 0.33, 12.43, 4.05, 5, 84, 858820
0.01, 0.33, 12.41, 4.04, 5, 84, 870652
0.01, 0.33, 12.43, 4.05, 5, 84, 882472
0.01, 0.33, 12.43, 4.05, 5, 84, 894296
0.01, 0.33, 12.46, 4.06, 5, 84, 906124
0.01, 0.33, 12.46, 4.06, 5, 84, 917948
0.01, 0.33, 12.41, 4.04, 5, 84, 929784
0.01, 0.33, 12.43, 4.05, 5, 84, 941624
0.01, 0.33, 12.46, 4.06, 5, 84, 953432
0.01, 0.33, 12.43, 4.05, 5, 84, 965252
0.01, 0.33, 12.41, 4.04, 5, 84, 977080
0.01, 0.33, 12.41, 4.04, 5, 84, 988900
0.01, 0.33, 12.43, 4.05, 5, 84, 1000740
0.01, 0.33, 12.46, 4.06, 5, 84, 1012548
0.01, 0.33, 12.41, 4.04, 6, 84, 1024368
0.01, 0.33, 12.41, 4.04, 6, 84, 1036196
0.01, 0.33, 12.41, 4.04, 6, 84, 1048020
0.01, 0.33, 12.41, 4.04, 6, 84, 1059848
0.01, 0.33, 12.46, 4.06, 6, 84, 1071668
0.01, 0.33, 12.41, 4.04, 6, 84, 1083496
0.01, 0.33, 12.35, 4.02, 6, 84, 1095316
0.01, 0.33, 12.46, 4.06, 6, 84, 1107148
0.01, 0.33, 12.41, 4.04, 6, 84, 1118968
0.01, 0.33, 12.41, 4.04, 6, 84, 1130796
0.01, 0.33, 12.41, 4.04, 6, 84, 1142620
0.01, 0.33, 12.43, 4.05, 6, 84, 1154444
0.01, 0.33, 12.43, 4.05, 6, 84, 1166276
0.01, 0.33, 12.41, 4.04, 6, 84, 1178096
0.01, 0.33, 12.41, 4.04, 6, 84, 1189928
0.01, 0.33, 12.41, 4.04, 6, 84, 1201764
0.01, 0.33, 12.41, 4.04, 6, 84, 1213580
0.01, 0.33, 12.33, 4.01, 7, 84, 1225396
0.01, 0.33, 12.46, 4.06, 7, 84, 1237228
0.01, 0.33, 12.38, 4.03, 7, 84, 1249044
0.01, 0.33, 12.43, 4.05, 7, 84, 1260888
0.01, 0.33, 12.46, 4.06, 7, 85, 1272692
0.01, 0.33, 12.43, 4.05, 7, 84, 1284520
0.01, 0.33, 12.46, 4.06, 7, 84, 1296348
0.01, 0.33, 12.41, 4.04, 7, 84, 1308168
0.01, 0.33, 12.43, 4.05, 7, 84, 1319996
0.01, 0.33, 12.46, 4.06, 7, 85, 1331816
0.01, 0.33, 12.41, 4.04, 7, 84, 1343644
0.01, 0.33, 12.41, 4.04, 7, 84, 1355464
0.01, 0.33, 12.46, 4.06, 7, 84, 1367292
0.01, 0.33, 12.43, 4.05, 7, 84, 1379112
0.01, 0.33, 12.49, 4.07, 7, 84, 1390940
0.01, 0.33, 12.41, 4.04, 7, 84, 1402760
0.01, 0.33, 12.43, 4.05, 7, 84, 1414584
0.01, 0.33, 12.46, 4.06, 8, 84, 1426416
0.01, 0.33, 12.43, 4.05, 8, 84, 1438236
0.01, 0.65, 12.41, 8.08, 8, 84, 1450068
0.01, 0.33, 12.43, 4.05, 8, 84, 1461904
0.01, 0.33, 12.43, 4.05, 8, 84, 1473712
0.01, 0.33, 12.43, 4.05, 8, 84, 1485532
0.01, 0.65, 12.41, 8.08, 8, 84, 1497368
0.01, 0.33, 12.41, 4.04, 8, 84, 1509184
0.01, 0.33, 12.49, 4.07, 8, 84, 1521020
0.01, 0.33, 12.43, 4.05, 8, 84, 1532836
0.01, 0.33, 12.43, 4.05, 8, 84, 1544660
0.01, 0.33, 12.46, 4.06, 8, 84, 1556488
0.01, 0.33, 12.41, 4.04, 8, 84, 1568304
0.01, 0.33, 12.46, 4.06, 8, 84, 1580136
0.01, 0.33, 12.35, 4.02, 8, 84, 1591956
0.01, 0.33, 12.43, 4.05, 8, 84, 1603784
0.01, 0.33, 12.38, 4.03, 8, 84, 1615604
0.01, 0.65, 12.35, 8.04, 9, 84, 1627436
0.01, 0.33, 12.46, 4.06, 9, 84, 1639252
0.01, 0.65, 12.35, 8.04, 9, 84, 1651076
0.01, 0.33, 12.46, 4.06, 9, 84, 1662908
0.01, 0.65, 12.38, 8.06, 9, 84, 1674728
0.01, 0.65, 12.41, 8.08, 9, 84, 1686556
0.02, 0.33, 12.49, 4.07, 9, 84, 1698372
0.01, 0.65, 12.38, 8.06, 9, 84, 1710204
0.02, 0.65, 12.49, 8.13, 9, 84, 1722044
0.01, 0.65, 12.41, 8.08, 9, 84, 1733860
0.02, 0.65, 12.41, 8.08, 9, 84, 1745676
0.02, 0.33, 12.49, 4.07, 9, 84, 1757504
0.02, 0.33, 12.41, 4.04, 9, 84, 1769324
0.02, 0.33, 12.43, 4.05, 9, 84, 1781148
0.02, 0.65, 12.41, 8.08, 9, 84, 1792980
0.02, 0.65, 12.35, 8.04, 9, 84, 1804800
0.02, 0.33, 12.43, 4.05, 9, 84, 1816628
0.02, 0.65, 12.43, 8.10, 10, 84, 1828444
0.02, 0.65, 12.38, 8.06, 10, 84, 1840276
0.02, 0.65, 12.43, 8.10, 10, 84, 1852096
0.02, 0.65, 12.43, 8.10, 10, 84, 1863928
0.02, 0.65, 12.49, 8.13, 10, 84, 1875748
0.02, 0.65, 12.38, 8.06, 10, 84, 1887576
0.02, 0.65, 12.38, 8.06, 10, 84, 1899400
0.02, 0.33, 12.46, 4.06, 10, 84, 1911224
0.02, 0.65, 12.38, 8.06, 10, 84, 1923056
0.02, 0.65, 12.38, 8.06, 10, 84, 1934876
0.02, 0.33, 12.46, 4.06, 10, 84, 1946704
0.02, 0.65, 12.46, 8.11, 10, 84, 1958524
0.02, 0.65, 12.38, 8.06, 10, 84, 1970352
0.02, 0.65, 12.46, 8.11, 10, 84, 1982192
0.02, 0.65, 12.46, 8.11, 10, 84, 1994004
0.02, 0.33, 12.46, 4.06, 10, 84, 2005820
0.02, 0.65, 12.46, 8.11, 10, 84, 2017648
0.02, 0.65, 12.46, 8.11, 11, 84, 2029472
0.02, 0.65, 12.41, 8.08, 11, 84, 2041300
0.02, 0.65, 12.49, 8.13, 11, 84, 2053128
0.02, 0.65, 12.43, 8.10, 11, 84, 2064948
0.02, 0.65, 12.46, 8.11, 11, 84, 2076780
0.02, 0.65, 12.35, 8.04, 11, 84, 2088600
0.02, 0.33, 12.41, 4.04, 11, 84, 2100432
0.02, 0.65, 12.38, 8.06, 11, 84, 2112252
0.02, 0.65, 12.35, 8.04, 11, 84, 2124084
0.02, 0.33, 12.41, 4.04, 11, 84, 2135904
0.02, 0.65, 12.41, 8.08, 11, 84, 2147728
0.02, 0.65, 12.41, 8.08, 11, 84, 2159564
0.02, 0.65, 12.46, 8.11, 11, 84, 2171384
0.02, 0.65, 12.43, 8.10, 11, 84, 2183220
0.02, 0.65, 12.49, 8.13, 11, 84, 2195036
0.02, 0.65, 12.38, 8.06, 11, 84, 2206868
0.02, 0.65, 12.27, 7.99, 11, 84, 2218688
0.02, 0.65, 12.49, 8.13, 12, 84, 2230520
0.02, 0.65, 12.46, 8.11, 12, 84, 2242340
0.02, 0.65, 12.27, 7.99, 12, 84, 2254168
0.02, 0.65, 12.49, 8.13, 12, 84, 2265992
0.02, 0.65, 12.41, 8.08, 12, 84, 2277816
0.02, 0.65, 12.43, 8.10, 12, 84, 2289652
0.02, 0.65, 12.41, 8.08, 12, 84, 2301472
0.02, 0.65, 12.46, 8.11, 12, 84, 2313300
0.02, 0.65, 12.46, 8.11, 12, 84, 2325120
0.02, 0.65, 12.35, 8.04, 12, 84, 2336952
0.02, 0.65, 12.38, 8.06, 12, 84, 2348768
0.02, 0.65, 12.49, 8.13, 12, 84, 2360600
0.02, 0.65, 12.43, 8.10, 12, 84, 2372420
0.02, 0.65, 12.27, 7.99, 12, 84, 2384244
0.02, 0.65, 12.35, 8.04, 12, 84, 2396072
0.02, 0.65, 12.41, 8.08, 12, 84, 2407896
0.02, 0.65, 12.46, 8.11, 12, 84, 2419728
0.03, 0.65, 12.35, 8.04, 13, 85, 2431548
0.03, 0.65, 12.41, 8.08, 13, 84, 2443376
0.03, 0.65, 12.46, 8.11, 13, 84, 2455200
0.03, 0.65, 12.41, 8.08, 13, 84, 2467028
0.03, 0.65, 12.35, 8.04, 13, 84, 2478848
0.03, 0.33, 12.52, 4.07, 13, 84, 2490680
0.03, 0.65, 12.43, 8.10, 13, 84, 2502492
0.03, 0.65, 12.52, 8.15, 13, 84, 2514320
0.03, 0.98, 12.46, 12.17, 13, 84, 2526152
0.03, 0.98, 12.41, 12.12, 13, 84, 2537968
0.03, 0.65, 12.38, 8.06, 13, 84, 2549800
0.03, 0.65, 12.54, 8.17, 13, 84, 2561616
0.03, 0.65, 12.41, 8.08, 13, 84, 2573448
0.03, 0.65, 12.62, 8.22, 13, 84, 2585264
0.03, 0.65, 12.41, 8.08, 13, 84, 2597096
0.03, 0.65, 12.38, 8.06, 13, 84, 2608920
0.03, 0.98, 12.41, 12.12, 13, 84, 2620748
0.03, 0.65, 12.41, 8.08, 14, 84, 2632572
0.03, 0.65, 12.38, 8.06, 14, 84, 2644400
0.03, 0.98, 12.49, 12.20, 14, 84, 2656228
0.03, 0.98, 12.41, 12.12, 14, 84, 2668052
0.03, 0.65, 12.46, 8.11, 14, 84, 2679884
0.03, 0.65, 12.62, 8.22, 14, 84, 2691700
0.03, 0.98, 12.41, 12.12, 14, 84, 2703532
0.03, 0.65, 12.38, 8.06, 14, 84, 2715356
0.03, 0.65, 12.43, 8.10, 14, 84, 2727188
0.03, 0.98, 12.43, 12.14, 14, 84, 2739008
0.03, 0.65, 12.54, 8.17, 14, 84, 2750832
0.03, 0.65, 12.35, 8.04, 14, 84, 2762660
0.03, 0.98, 12.46, 12.17, 14, 84, 2774488
0.03, 0.65, 12.35, 8.04, 14, 84, 2786316
0.03, 0.98, 12.38, 12.09, 14, 84, 2798140
0.03, 0.98, 12.38, 12.09, 14, 84, 2809968
0.03, 0.98, 12.41, 12.12, 14, 84, 2821788
0.03, 0.98, 12.33, 12.04, 15, 84, 2833620
0.03, 0.65, 12.35, 8.04, 15, 84, 2845440
0.03, 0.98, 12.38, 12.09, 15, 84, 2857272
0.03, 0.98, 12.46, 12.17, 15, 84, 2869088
0.03, 0.65, 12.41, 8.08, 15, 84, 2880932
0.03, 0.98, 12.49, 12.20, 15, 84, 2892744
0.03, 0.98, 12.49, 12.20, 15, 84, 2904564
0.03, 0.65, 12.35, 8.04, 15, 84, 2916400
0.03, 0.98, 12.43, 12.14, 15, 84, 2928216
0.03, 0.98, 12.33, 12.04, 15, 84, 2940052
0.03, 0.98, 12.43, 12.14, 15, 84, 2951868
0.03, 0.98, 12.46, 12.17, 15, 84, 2963700
0.03, 0.98, 12.35, 12.06, 15, 84, 2975520
0.03, 1.30, 12.38, 16.12, 15, 84, 2987348
0.03, 0.98, 12.33, 12.04, 15, 84, 2999172
0.03, 0.98, 12.43, 12.14, 15, 84, 3011000
0.03, 0.98, 12.46, 12.17, 15, 84, 3022836
0.04, 0.98, 12.38, 12.09, 16, 84, 3034656
0.04, 0.98, 12.38, 12.09, 16, 84, 3046488
0.04, 0.98, 12.19, 11.91, 16, 84, 3058304
0.04, 0.98, 12.25, 11.96, 16, 84, 3070140
0.04, 0.98, 12.35, 12.06, 16, 84, 3081960
0.04, 0.98, 12.38, 12.09, 16, 84, 3093792
0.04, 0.98, 12.49, 12.20, 16, 84, 3105616
0.04, 0.98, 12.54, 12.25, 16, 84, 3117444
0.04, 0.98, 12.43, 12.14, 16, 84, 3129276
0.04, 0.98, 12.43, 12.14, 16, 84, 3141112
0.04, 0.98, 12.33, 12.04, 16, 84, 3152928
0.04, 0.98, 12.46, 12.17, 16, 84, 3164744
0.04, 0.98, 12.30, 12.01, 16, 84, 3176580
0.04, 0.98, 12.46, 12.17, 16, 84, 3188400
0.04, 0.98, 12.38, 12.09, 16, 84, 3200236
0.04, 0.98, 12.33, 12.04, 16, 84, 3212048
0.04, 0.98, 12.52, 12.22, 16, 84, 3223880
0.04, 0.98, 12.30, 12.01, 17, 84, 3235704
0.04, 0.98, 12.46, 12.17, 17, 84, 3247532
0.04, 0.98, 12.33, 12.04, 17, 84, 3259364
0.04, 0.98, 12.27, 11.98, 17, 84, 3271180
0.04, 0.98, 12.30, 12.01, 17, 84, 3283016
0.04, 0.98, 12.57, 12.27, 17, 84, 3294836
0.04, 1.30, 12.49, 16.26, 17, 84, 3306668
0.04, 0.98, 12.38, 12.09, 17, 84, 3318488
0.04, 0.98, 12.38, 12.09, 17, 84, 3330320
0.04, 0.98, 12.38, 12.09, 17, 84, 3342156
0.04, 1.30, 12.49, 16.26, 17, 84, 3353964
0.04, 1.30, 12.49, 16.26, 17, 84, 3365784
0.04, 0.98, 12.41, 12.12, 17, 84, 3377608
0.04, 0.98, 12.43, 12.14, 17, 84, 3389440
0.04, 0.98, 12.35, 12.06, 17, 84, 3401276
0.04, 0.98, 12.41, 12.12, 17, 84, 3413092
0.04, 1.30, 12.30, 16.01, 17, 84, 3424912
0.04, 0.98, 12.33, 12.04, 18, 84, 3436744
0.04, 1.30, 12.43, 16.19, 18, 84, 3448564
0.04, 0.98, 12.60, 12.30, 18, 84, 3460396
0.04, 0.98, 12.38, 12.09, 18, 85, 3472212
0.04, 1.30, 12.41, 16.16, 18, 84, 3484044
0.04, 0.98, 12.27, 11.98, 18, 84, 3495876
0.04, 0.98, 12.38, 12.09, 18, 84, 3507696
0.05, 0.98, 12.35, 12.06, 18, 84, 3519528
0.05, 1.30, 12.43, 16.19, 18, 84, 3531348
0.05, 1.30, 12.43, 16.19, 18, 84, 3543180
0.05, 1.30, 12.65, 16.47, 18, 84, 3555000
0.05, 0.98, 12.33, 12.04, 18, 84, 3566836
0.05, 0.98, 12.35, 12.06, 18, 84, 3578652
0.05, 1.30, 12.46, 16.23, 18, 84, 3590480
0.05, 1.30, 12.33, 16.05, 18, 84, 3602332
0.05, 0.98, 12.33, 12.04, 18, 85, 3614136
0.05, 0.98, 12.43, 12.14, 18, 84, 3625968
0.05, 0.98, 12.33, 12.04, 19, 84, 3637788
0.05, 1.30, 12.49, 16.26, 19, 84, 3649620
0.05, 0.98, 12.62, 12.33, 19, 84, 3661436
0.05, 1.30, 12.33, 16.05, 19, 84, 3673272
0.05, 1.30, 12.38, 16.12, 19, 84, 3685088
0.05, 1.30, 12.43, 16.19, 19, 84, 3696920
0.05, 1.30, 12.43, 16.19, 19, 84, 3708740
0.05, 1.63, 12.33, 20.06, 19, 84, 3720564
0.05, 0.98, 12.27, 11.98, 19, 84, 3732392
0.05, 1.30, 12.35, 16.08, 19, 84, 3744216
0.05, 1.30, 12.41, 16.16, 19, 84, 3756048
0.05, 1.30, 12.30, 16.01, 19, 84, 3767868
0.05, 1.30, 12.41, 16.16, 19, 84, 3779696
0.05, 1.30, 12.30, 16.01, 19, 84, 3791512
0.05, 1.30, 12.35, 16.08, 19, 84, 3803344
0.05, 0.98, 12.33, 12.04, 19, 84, 3815164
0.05, 1.30, 12.22, 15.91, 19, 84, 3826992
0.05, 1.30, 12.46, 16.23, 20, 84, 3838812
0.05, 1.30, 12.16, 15.84, 20, 84, 3850632
0.05, 1.30, 12.33, 16.05, 20, 84, 3862480
0.05, 1.30, 12.27, 15.98, 20, 85, 3874284
0.05, 1.30, 12.41, 16.16, 20, 84, 3886108
0.05, 1.30, 12.25, 15.94, 20, 84, 3897924
0.05, 1.30, 12.33, 16.05, 20, 84, 3909760
0.05, 1.30, 12.38, 16.12, 20, 84, 3921576
0.05, 1.30, 12.35, 16.08, 20, 84, 3933400
0.05, 1.30, 12.27, 15.98, 20, 84, 3945216
0.05, 1.63, 12.25, 19.93, 20, 84, 3957052
0.05, 1.30, 12.46, 16.23, 20, 84, 3968868
0.05, 1.30, 12.49, 16.26, 20, 84, 3980692
0.05, 1.30, 12.41, 16.16, 20, 84, 3992520
0.05, 1.30, 12.27, 15.98, 20, 84, 4004340
0.05, 1.30, 12.38, 16.12, 20, 84, 4016168
0.06, 1.30, 12.25, 15.94, 20, 84, 4027984
0.06, 1.30, 12.43, 16.19, 21, 84, 4039816
0.06, 1.63, 12.03, 19.58, 21, 84, 4051632
0.06, 1.30, 12.30, 16.01, 21, 84, 4063464
0.06, 1.63, 12.41, 20.19, 21, 84, 4075284
0.06, 1.30, 12.38, 16.12, 21, 84, 4087112
0.06, 1.30, 12.49, 16.26, 21, 84, 4098932
0.06, 1.30, 12.30, 16.01, 21, 84, 4110760
0.06, 1.30, 12.46, 16.23, 21, 84, 4122612
0.06, 1.30, 12.35, 16.08, 21, 85, 4134408
0.06, 1.30, 12.30, 16.01, 21, 84, 4146240
0.06, 1.30, 12.43, 16.19, 21, 84, 4158056
0.06, 1.30, 12.33, 16.05, 21, 84, 4169888
0.06, 1.63, 12.06, 19.62, 21, 84, 4181704
0.06, 1.63, 12.46, 20.28, 21, 85, 4193532
0.06, 1.63, 12.43, 20.24, 21, 84, 4205352
0.06, 1.63, 12.38, 20.15, 21, 84, 4217176
0.06, 1.63, 12.41, 20.19, 21, 84, 4229000
0.06, 1.30, 12.33, 16.05, 22, 84, 4240824
0.06, 1.63, 12.43, 20.24, 22, 84, 4252656
0.06, 1.63, 12.27, 19.97, 22, 84, 4264472
0.06, 1.30, 12.38, 16.12, 22, 84, 4276300
0.06, 1.63, 12.22, 19.89, 22, 84, 4288120
0.06, 1.63, 12.35, 20.11, 22, 84, 4299948
0.06, 1.63, 12.30, 20.02, 22, 84, 4311768
0.06, 1.63, 12.43, 20.24, 22, 84, 4323596
0.06, 1.63, 12.41, 20.19, 22, 84, 4335412
0.06, 1.63, 12.41, 20.19, 22, 84, 4347236
0.06, 1.63, 12.41, 20.19, 22, 84, 4359060
0.06, 1.63, 12.30, 20.02, 22, 84, 4370884
0.06, 1.63, 12.46, 20.28, 22, 84, 4382732
0.06, 1.63, 12.38, 20.15, 22, 85, 4394532
0.06, 1.63, 12.33, 20.06, 22, 84, 4406364
0.06, 1.30, 12.46, 16.23, 22, 84, 4418180
0.06, 1.30, 12.41, 16.16, 22, 84, 4430008
0.06, 1.95, 11.92, 23.28, 23, 84, 4441828
0.06, 1.63, 12.46, 20.28, 23, 84, 4453660
0.06, 1.63, 12.38, 20.15, 23, 84, 4465480
0.06, 1.30, 12.46, 16.23, 23, 84, 4477304
0.07, 1.63, 12.43, 20.24, 23, 84, 4489128
0.07, 1.63, 12.25, 19.93, 23, 84, 4500952
0.07, 1.63, 12.46, 20.28, 23, 84, 4512780
0.07, 1.95, 12.35, 24.13, 23, 84, 4524600
0.07, 1.63, 12.27, 19.97, 23, 84, 4536428
0.07, 1.63, 12.38, 20.15, 23, 84, 4548248
0.07, 1.63, 12.33, 20.06, 23, 84, 4560080
0.07, 1.63, 12.30, 20.02, 23, 84, 4571896
0.07, 1.95, 12.33, 24.07, 23, 84, 4583728
0.07, 1.63, 12.43, 20.24, 23, 84, 4595544
0.07, 1.95, 12.38, 24.18, 23, 84, 4607368
0.07, 1.63, 12.25, 19.93, 23, 84, 4619196
0.07, 1.63, 12.35, 20.11, 23, 84, 4631016
0.07, 1.63, 12.49, 20.33, 24, 84, 4642848
0.07, 1.63, 12.38, 20.15, 24, 84, 4654668
0.07, 1.63, 12.43, 20.24, 24, 84, 4666496
0.07, 1.63, 12.84, 20.90, 24, 84, 4678320
0.07, 1.95, 12.38, 24.18, 24, 84, 4690152
0.07, 1.63, 12.30, 20.02, 24, 84, 4701968
0.07, 1.95, 12.41, 24.23, 24, 84, 4713800
0.07, 1.63, 12.33, 20.06, 24, 84, 4725616
0.07, 1.63, 12.25, 19.93, 24, 84, 4737440
0.07, 1.63, 12.35, 20.11, 24, 84, 4749272
0.07, 1.63, 12.43, 20.24, 24, 84, 4761088
0.07, 1.95, 12.27, 23.97, 24, 84, 4772920
0.07, 1.95, 12.43, 24.29, 24, 84, 4784740
0.07, 1.95, 12.43, 24.29, 24, 84, 4796568
0.07, 2.28, 12.03, 27.41, 24, 84, 4808388
0.07, 1.95, 12.46, 24.34, 24, 84, 4820216
0.07, 1.95, 12.27, 23.97, 24, 85, 4832036
0.07, 1.95, 12.11, 23.65, 25, 84, 4843860
0.07, 1.95, 12.46, 24.34, 25, 84, 4855684
0.07, 1.95, 12.35, 24.13, 25, 84, 4867508
0.07, 1.95, 12.43, 24.29, 25, 84, 4879340
0.07, 1.95, 12.27, 23.97, 25, 84, 4891156
0.07, 1.95, 12.35, 24.13, 25, 84, 4902992
0.08, 1.95, 12.33, 24.07, 25, 84, 4914808
0.08, 1.95, 12.49, 24.39, 25, 84, 4926644
0.08, 1.95, 12.43, 24.29, 25, 84, 4938460
0.08, 1.63, 12.25, 19.93, 25, 84, 4950296
0.08, 2.28, 12.35, 28.15, 25, 84, 4962112
0.08, 1.95, 12.22, 23.86, 25, 84, 4973940
0.08, 1.95, 12.41, 24.23, 25, 84, 4985764
0.08, 1.95, 12.38, 24.18, 25, 84, 4997592
0.08, 1.95, 12.43, 24.29, 25, 84, 5009424
0.08, 1.95, 12.49, 24.39, 25, 84, 5021260
0.08, 1.95, 12.25, 23.92, 25, 84, 5033076
0.08, 1.30, 12.43, 16.19, 26, 84, 5044892
0.08, 1.95, 12.43, 24.29, 26, 84, 5056724
0.08, 1.95, 12.38, 24.18, 26, 84, 5068548
0.08, 1.95, 11.98, 23.39, 26, 84, 5080380
0.08, 1.95, 12.27, 23.97, 26, 85, 5092200
0.08, 2.28, 12.33, 28.09, 26, 84, 5104020
0.08, 1.95, 12.35, 24.13, 26, 84, 5115852
0.08, 2.28, 12.41, 28.27, 26, 84, 5127672
0.08, 1.95, 12.27, 23.97, 26, 84, 5139500
0.08, 1.95, 12.33, 24.07, 26, 84, 5151316
0.08, 1.95, 12.43, 24.29, 26, 84, 5163148
0.08, 1.95, 12.33, 24.07, 26, 84, 5174964
0.08, 1.95, 12.30, 24.02, 26, 84, 5186796
0.08, 1.95, 12.30, 24.02, 26, 84, 5198620
0.08, 1.95, 12.49, 24.39, 26, 84, 5210448
0.08, 2.28, 12.54, 28.58, 26, 84, 5222272
0.08, 2.28, 12.33, 28.09, 26, 85, 5234100
0.08, 1.95, 12.30, 24.02, 27, 84, 5245932
0.08, 1.95, 12.38, 24.18, 27, 84, 5257752
0.08, 2.28, 12.41, 28.27, 27, 84, 5269584
0.08, 1.63, 12.43, 20.24, 27, 84, 5281416
0.08, 1.95, 12.33, 24.07, 27, 84, 5293232
0.08, 1.95, 12.25, 23.92, 27, 84, 5305052
0.09, 2.28, 12.43, 28.33, 27, 84, 5316888
0.09, 1.95, 12.30, 24.02, 27, 84, 5328708
0.08, 1.63, 12.76, 20.76, 27, 84, 5340532
0.08, 2.28, 12.33, 28.09, 27, 84, 5352356
0.09, 2.28, 12.49, 28.46, 27, 84, 5364184
0.09, 1.95, 12.19, 23.81, 27, 84, 5376012
0.09, 2.28, 12.33, 28.09, 27, 84, 5387836
0.09, 1.95, 12.22, 23.86, 27, 84, 5399668
0.09, 2.28, 12.38, 28.21, 27, 84, 5411488
0.09, 2.28, 12.46, 28.39, 27, 84, 5423316
0.09, 2.28, 12.22, 27.84, 27, 84, 5435136
0.09, 2.60, 12.22, 31.82, 28, 84, 5446968
0.09, 1.95, 12.22, 23.86, 28, 84, 5458788
0.09, 2.28, 12.25, 27.90, 28, 84, 5470612
0.09, 2.28, 12.35, 28.15, 28, 84, 5482440
0.09, 2.28, 12.46, 28.39, 28, 84, 5494260
0.09, 2.28, 12.30, 28.03, 28, 84, 5506088
0.09, 2.28, 12.19, 27.78, 28, 84, 5517908
0.09, 2.28, 12.43, 28.33, 28, 84, 5529736
0.09, 2.28, 12.25, 27.90, 28, 84, 5541572
0.09, 2.28, 12.19, 27.78, 28, 85, 5553388
0.09, 2.28, 12.33, 28.09, 28, 84, 5565204
0.09, 2.28, 11.79, 26.86, 28, 84, 5577032
0.09, 2.60, 12.38, 32.24, 28, 84, 5588852
0.09, 2.28, 12.25, 27.90, 28, 84, 5600672
0.09, 2.28, 12.19, 27.78, 28, 84, 5612504
0.09, 2.28, 12.33, 28.09, 28, 84, 5624320
0.09, 2.28, 12.22, 27.84, 28, 84, 5636152
0.09, 2.28, 12.30, 28.03, 29, 84, 5647968
0.09, 2.60, 12.35, 32.17, 29, 84, 5659800
0.09, 2.28, 12.25, 27.90, 29, 84, 5671616
0.09, 2.28, 12.30, 28.03, 29, 84, 5683448
0.09, 2.28, 12.22, 27.84, 29, 84, 5695268
0.09, 2.93, 12.25, 35.88, 29, 84, 5707088
0.09, 2.28, 12.14, 27.66, 29, 84, 5718912
0.09, 2.28, 12.43, 28.33, 29, 84, 5730736
0.09, 2.28, 12.33, 28.09, 29, 84, 5742568
0.09, 2.28, 12.25, 27.90, 29, 84, 5754384
0.09, 2.60, 12.35, 32.17, 29, 84, 5766216
0.09, 2.93, 11.87, 34.77, 29, 84, 5778032
0.10, 2.28, 12.43, 28.33, 29, 84, 5789864
0.09, 2.28, 12.38, 28.21, 29, 84, 5801700
0.09, 2.28, 12.27, 27.96, 29, 85, 5813512
0.09, 2.60, 12.38, 32.24, 29, 84, 5825332
0.09, 2.60, 12.35, 32.17, 29, 84, 5837156
0.10, 2.28, 12.35, 28.15, 30, 84, 5848980
0.10, 2.93, 12.43, 36.43, 30, 84, 5860804
0.10, 2.60, 12.33, 32.10, 30, 84, 5872632
0.10, 2.60, 12.41, 32.31, 30, 84, 5884452
0.10, 2.60, 12.33, 32.10, 30, 84, 5896280
0.10, 1.95, 12.46, 24.34, 30, 84, 5908100
0.10, 2.60, 12.54, 32.66, 30, 84, 5919932
0.10, 2.60, 12.25, 31.89, 30, 84, 5931748
0.10, 2.60, 12.35, 32.17, 30, 84, 5943576
0.10, 2.93, 12.38, 36.27, 30, 84, 5955396
0.10, 2.28, 12.52, 28.52, 30, 84, 5967220
0.10, 2.60, 12.33, 32.10, 30, 84, 5979044
0.10, 2.60, 12.16, 31.68, 30, 84, 5990868
0.10, 2.60, 12.49, 32.52, 30, 84, 6002700
0.10, 2.60, 12.43, 32.38, 30, 84, 6014520
0.10, 2.60, 12.35, 32.17, 30, 84, 6026352
0.10, 2.28, 12.25, 27.90, 30, 84, 6038172
0.10, 2.60, 12.38, 32.24, 31, 84, 6050000
0.10, 2.60, 12.35, 32.17, 31, 84, 6061840
0.10, 2.60, 12.68, 33.01, 31, 84, 6073656
0.10, 2.93, 12.38, 36.27, 31, 84, 6085476
0.10, 2.60, 12.41, 32.31, 31, 84, 6097300
0.10, 2.93, 12.38, 36.27, 31, 84, 6109132
0.10, 2.60, 12.22, 31.82, 31, 84, 6120948
0.10, 2.60, 12.41, 32.31, 31, 84, 6132780
0.10, 2.93, 12.35, 36.19, 31, 84, 6144600
0.10, 2.93, 12.33, 36.11, 31, 84, 6156428
0.10, 2.93, 12.84, 37.61, 31, 84, 6168244
0.10, 2.60, 12.35, 32.17, 31, 84, 6180076
0.10, 2.93, 12.49, 36.59, 31, 84, 6191892
0.10, 2.60, 12.27, 31.96, 31, 84, 6203720
0.11, 2.60, 12.33, 32.10, 31, 84, 6215544
0.11, 2.93, 12.35, 36.19, 31, 84, 6227368
0.11, 2.93, 12.27, 35.95, 31, 84, 6239200
0.11, 2.60, 12.30, 32.03, 32, 84, 6251020
0.10, 2.60, 12.25, 31.89, 32, 84, 6262872
0.10, 3.26, 11.87, 38.63, 32, 85, 6274672
0.10, 2.60, 12.30, 32.03, 32, 84, 6286504
0.10, 2.60, 12.30, 32.03, 32, 84, 6298324
0.10, 2.93, 12.30, 36.03, 32, 84, 6310156
0.11, 2.93, 12.41, 36.35, 32, 84, 6321972
0.11, 2.93, 12.25, 35.88, 32, 84, 6333796
0.11, 2.60, 12.27, 31.96, 32, 84, 6345620
0.11, 2.93, 12.22, 35.80, 32, 84, 6357444
0.11, 2.93, 12.25, 35.88, 32, 84, 6369280
0.11, 2.60, 12.30, 32.03, 32, 84, 6381100
0.11, 2.93, 12.43, 36.43, 32, 84, 6392932
0.10, 3.26, 12.03, 39.16, 32, 84, 6404752
0.11, 2.60, 12.30, 32.03, 32, 84, 6416584
0.11, 2.93, 12.27, 35.95, 32, 84, 6428400
0.11, 2.93, 12.38, 36.27, 32, 84, 6440228
0.11, 2.93, 12.22, 35.80, 33, 84, 6452048
0.11, 2.93, 12.11, 35.48, 33, 84, 6463872
0.11, 2.60, 12.27, 31.96, 33, 84, 6475704
0.11, 2.93, 12.27, 35.95, 33, 84, 6487524
0.11, 2.93, 12.25, 35.88, 33, 84, 6499352
0.11, 2.93, 12.41, 36.35, 33, 84, 6511172
0.11, 2.93, 12.22, 35.80, 33, 84, 6523024
0.11, 2.28, 12.41, 28.27, 33, 84, 6534824
0.11, 2.93, 12.35, 36.19, 33, 84, 6546656
0.11, 2.93, 12.22, 35.80, 33, 84, 6558476
0.11, 2.28, 12.76, 29.07, 33, 84, 6570304
0.11, 2.93, 12.33, 36.11, 33, 84, 6582120
0.11, 2.93, 12.41, 36.35, 33, 84, 6593944
0.11, 3.26, 12.30, 40.04, 33, 84, 6605776
0.11, 2.93, 12.33, 36.11, 33, 84, 6617592
0.11, 2.93, 12.27, 35.95, 33, 84, 6629424
0.11, 2.60, 13.03, 33.93, 33, 84, 6641244
0.11, 2.93, 12.14, 35.56, 34, 84, 6653072
0.11, 2.93, 12.43, 36.43, 34, 84, 6664888
0.11, 3.26, 12.38, 40.30, 34, 84, 6676724
0.11, 3.26, 12.30, 40.04, 34, 84, 6688544
0.11, 3.58, 12.22, 43.75, 34, 84, 6700368
0.11, 2.93, 12.14, 35.56, 34, 84, 6712196
0.11, 3.26, 12.33, 40.12, 34, 84, 6724020
0.11, 2.93, 12.22, 35.80, 34, 84, 6735856
0.11, 2.93, 12.35, 36.19, 34, 84, 6747672
0.11, 3.26, 12.38, 40.30, 34, 84, 6759504
0.12, 3.58, 12.22, 43.75, 34, 84, 6771324
0.11, 3.26, 12.22, 39.77, 34, 84, 6783172
0.12, 3.26, 12.35, 40.21, 34, 85, 6794968
0.12, 3.26, 12.25, 39.86, 34, 84, 6806800
0.12, 2.93, 12.33, 36.11, 34, 84, 6818620
0.12, 3.26, 12.33, 40.12, 34, 84, 6830444
0.12, 2.93, 12.30, 36.03, 34, 84, 6842268
0.12, 3.26, 12.19, 39.69, 35, 84, 6854092
0.12, 2.93, 12.25, 35.88, 35, 84, 6865924
0.12, 3.26, 12.41, 40.39, 35, 84, 6877740
0.11, 3.26, 12.22, 39.77, 35, 84, 6889572
0.12, 2.60, 12.57, 32.73, 35, 84, 6901388
0.12, 3.26, 12.38, 40.30, 35, 84, 6913224
0.12, 3.26, 12.41, 40.39, 35, 84, 6925040
0.12, 3.26, 12.33, 40.12, 35, 84, 6936872
0.12, 3.26, 12.33, 40.12, 35, 84, 6948692
0.12, 2.93, 12.16, 35.64, 35, 84, 6960516
0.12, 3.26, 12.27, 39.95, 35, 84, 6972344
0.12, 3.26, 12.00, 39.07, 35, 84, 6984160
0.12, 3.26, 12.38, 40.30, 35, 84, 6995992
0.12, 3.58, 12.38, 44.33, 35, 84, 7007812
0.12, 3.58, 12.22, 43.75, 35, 84, 7019644
0.12, 3.26, 12.78, 41.62, 35, 84, 7031460
0.12, 3.58, 12.38, 44.33, 35, 84, 7043308
0.12, 3.58, 12.35, 44.23, 36, 85, 7055104
0.12, 3.26, 12.16, 39.60, 36, 84, 7066936
0.12, 3.26, 12.22, 39.77, 36, 84, 7078752
0.12, 3.58, 12.27, 43.94, 36, 84, 7090580
0.12, 4.23, 11.92, 50.45, 36, 84, 7102412
0.12, 3.26, 12.38, 40.30, 36, 85, 7114232
0.12, 3.58, 12.35, 44.23, 36, 84, 7126064
0.12, 3.26, 12.38, 40.30, 36, 84, 7137880
0.12, 3.26, 12.30, 40.04, 36, 84, 7149712
0.12, 3.91, 11.73, 45.83, 36, 84, 7161532
0.12, 3.26, 12.41, 40.39, 36, 84, 7173364
0.12, 3.58, 12.38, 44.33, 36, 84, 7185184
0.12, 2.93, 12.22, 35.80, 36, 84, 7197004
0.12, 3.58, 12.30, 44.04, 36, 84, 7208828
0.12, 3.26, 12.11, 39.42, 36, 84, 7220652
0.12, 3.26, 12.35, 40.21, 36, 84, 7232484
0.12, 3.58, 12.27, 43.94, 36, 84, 7244300
0.12, 3.58, 12.30, 44.04, 37, 84, 7256132
0.12, 3.58, 12.76, 45.68, 37, 84, 7267952
0.12, 3.58, 12.38, 44.33, 37, 84, 7279780
0.12, 3.26, 12.22, 39.77, 37, 84, 7291600
0.13, 3.26, 12.25, 39.86, 37, 84, 7303444
0.13, 3.58, 12.30, 44.04, 37, 85, 7315244
0.13, 4.23, 12.22, 51.71, 37, 84, 7327068
0.12, 3.58, 12.27, 43.94, 37, 84, 7338892
0.13, 3.58, 12.46, 44.62, 37, 84, 7350716
0.13, 3.58, 12.27, 43.94, 37, 84, 7362548
0.13, 3.58, 12.38, 44.33, 37, 84, 7374368
0.13, 3.58, 12.25, 43.85, 37, 84, 7386204
0.13, 4.23, 12.03, 50.91, 37, 84, 7398020
0.13, 3.58, 11.98, 42.88, 37, 84, 7409852
0.13, 3.58, 12.38, 44.33, 37, 84, 7421672
0.12, 3.58, 12.14, 43.46, 37, 84, 7433504
0.13, 3.58, 12.27, 43.94, 37, 84, 7445324
0.13, 3.91, 12.49, 48.78, 38, 84, 7457148
0.13, 3.58, 12.08, 43.27, 38, 84, 7468976
0.13, 3.58, 12.27, 43.94, 38, 84, 7480800
0.13, 3.91, 12.38, 48.36, 38, 84, 7492632
0.13, 3.58, 12.33, 44.14, 38, 84, 7504452
0.13, 3.91, 12.38, 48.36, 38, 84, 7516284
0.13, 4.23, 11.76, 49.77, 38, 84, 7528100
0.13, 3.58, 12.25, 43.85, 38, 84, 7539928
0.13, 3.91, 12.27, 47.94, 38, 84, 7551748
0.13, 2.93, 12.65, 37.06, 38, 84, 7563576
0.13, 3.58, 12.19, 43.65, 38, 84, 7575396
0.13, 3.58, 12.38, 44.33, 38, 84, 7587220
0.13, 3.58, 12.14, 43.46, 38, 84, 7599052
0.13, 3.58, 12.25, 43.85, 38, 84, 7610868
0.13, 3.58, 12.43, 44.52, 38, 84, 7622700
0.13, 3.58, 12.33, 44.14, 38, 84, 7634520
0.13, 3.91, 12.38, 48.36, 38, 84, 7646352
0.13, 3.26, 12.30, 40.04, 39, 84, 7658172
0.13, 3.58, 12.22, 43.75, 39, 84, 7670008
0.13, 3.91, 12.33, 48.15, 39, 84, 7681840
0.13, 3.58, 12.62, 45.20, 39, 84, 7693648
0.13, 3.91, 12.27, 47.94, 39, 84, 7705472
0.14, 3.58, 12.11, 43.36, 39, 84, 7717300
0.14, 3.91, 12.35, 48.25, 39, 84, 7729132
0.14, 4.23, 12.41, 52.50, 39, 84, 7740948
0.13, 3.91, 11.95, 46.67, 39, 84, 7752784
0.13, 3.91, 12.78, 49.94, 39, 84, 7764604
0.13, 3.58, 12.03, 43.07, 39, 84, 7776436
0.13, 3.58, 12.27, 43.94, 39, 84, 7788256
0.13, 3.91, 12.33, 48.15, 39, 84, 7800088
0.14, 3.58, 12.41, 44.43, 39, 84, 7811908
0.14, 4.56, 12.22, 55.68, 39, 84, 7823732
0.13, 3.91, 12.19, 47.62, 39, 84, 7835560
0.13, 3.58, 12.43, 44.52, 39, 84, 7847384
0.13, 4.23, 12.46, 52.73, 40, 84, 7859216
0.14, 3.91, 12.25, 47.83, 40, 84, 7871036
0.14, 3.91, 11.54, 45.09, 40, 84, 7882868
0.14, 4.56, 11.95, 54.45, 40, 85, 7894688
0.14, 3.91, 12.38, 48.36, 40, 84, 7906516
0.14, 3.91, 12.35, 48.25, 40, 84, 7918340
0.14, 4.56, 12.43, 56.67, 40, 84, 7930168
0.14, 3.91, 12.06, 47.10, 40, 84, 7942004
0.14, 4.23, 12.35, 52.28, 40, 84, 7953812
0.14, 3.91, 12.14, 47.41, 40, 84, 7965644
0.14, 3.91, 12.19, 47.62, 40, 84, 7977460
0.14, 3.91, 12.27, 47.94, 40, 84, 7989292
0.14, 4.23, 12.43, 52.62, 40, 84, 8001112
0.14, 4.23, 12.19, 51.59, 40, 84, 8012940
0.14, 3.26, 12.30, 40.04, 40, 84, 8024756
0.14, 4.23, 12.38, 52.39, 40, 84, 8036588
0.14, 4.23, 12.43, 52.62, 40, 84, 8048404
0.14, 4.23, 12.30, 52.05, 41, 84, 8060232
0.14, 3.91, 12.06, 47.10, 41, 84, 8072052
0.14, 4.23, 12.27, 51.93, 41, 84, 8083876
0.14, 3.91, 12.11, 47.31, 41, 84, 8095708
0.14, 3.91, 12.27, 47.94, 41, 84, 8107524
0.14, 4.23, 12.35, 52.28, 41, 84, 8119356
0.14, 4.56, 12.06, 54.95, 41, 84, 8131176
0.15, 3.58, 11.87, 42.50, 41, 84, 8143008
0.14, 4.23, 12.95, 54.79, 41, 84, 8154828
0.14, 4.23, 12.08, 51.13, 41, 84, 8166660
0.15, 4.23, 12.33, 52.16, 41, 84, 8178476
0.15, 3.91, 11.71, 45.73, 41, 84, 8190300
0.15, 4.23, 12.03, 50.91, 41, 84, 8202140
0.14, 4.23, 12.38, 52.39, 41, 85, 8213952
0.14, 4.23, 12.14, 51.36, 41, 84, 8225784
0.15, 4.56, 12.33, 56.17, 41, 84, 8237604
0.15, 4.23, 12.14, 51.36, 41, 84, 8249436
0.15, 3.58, 11.57, 41.43, 42, 84, 8261256
0.14, 4.23, 12.81, 54.22, 42, 84, 8273088
0.15, 4.23, 12.08, 51.13, 42, 84, 8284912
0.15, 4.23, 12.41, 52.50, 42, 84, 8296740
0.15, 4.56, 12.35, 56.30, 42, 84, 8308560
0.15, 4.23, 11.92, 50.45, 42, 84, 8320384
0.15, 4.56, 12.22, 55.68, 42, 84, 8332216
0.15, 4.88, 12.41, 60.58, 42, 84, 8344036
0.15, 4.23, 11.98, 50.68, 42, 84, 8355868
0.15, 4.23, 11.95, 50.56, 42, 84, 8367688
0.15, 4.56, 12.08, 55.07, 42, 84, 8379520
0.15, 3.58, 12.22, 43.75, 42, 84, 8391340
0.15, 3.58, 12.38, 44.33, 42, 84, 8403176
0.15, 4.23, 12.00, 50.79, 42, 84, 8414992
0.15, 3.58, 12.84, 45.97, 42, 84, 8426824
0.15, 4.56, 12.38, 56.42, 42, 84, 8438644
0.15, 4.23, 12.27, 51.93, 42, 84, 8450472
0.15, 4.56, 12.33, 56.17, 43, 84, 8462304
0.15, 4.88, 12.35, 60.32, 43, 85, 8474124
0.15, 4.56, 12.30, 56.05, 43, 84, 8485956
0.15, 4.56, 12.78, 58.26, 43, 84, 8497776
0.15, 4.23, 12.08, 51.13, 43, 84, 8509604
0.15, 4.56, 12.14, 55.31, 43, 84, 8521424
0.16, 4.88, 12.54, 61.24, 43, 84, 8533256
0.15, 4.23, 12.35, 52.28, 43, 84, 8545076
0.15, 5.21, 12.25, 63.78, 43, 84, 8556900
0.16, 4.56, 12.16, 55.44, 43, 84, 8568724
0.16, 4.56, 12.35, 56.30, 43, 84, 8580548
0.16, 4.88, 12.30, 60.06, 43, 84, 8592388
0.16, 4.56, 12.11, 55.19, 43, 84, 8604200
0.15, 4.56, 12.25, 55.81, 43, 84, 8616032
0.15, 5.53, 11.79, 65.23, 43, 84, 8627852
0.15, 4.23, 12.00, 50.79, 43, 84, 8639684
0.15, 4.56, 12.30, 56.05, 43, 84, 8651504
0.15, 4.56, 12.33, 56.17, 44, 84, 8663336
0.15, 4.56, 12.35, 56.30, 44, 84, 8675156
0.15, 4.56, 11.65, 53.10, 44, 84, 8686980
0.16, 4.88, 12.38, 60.45, 44, 84, 8698812
0.16, 4.56, 12.11, 55.19, 44, 84, 8710632
0.16, 4.88, 12.30, 60.06, 44, 84, 8722468
0.16, 4.88, 12.30, 60.06, 44, 85, 8734284
0.16, 4.88, 12.19, 59.53, 44, 84, 8746112
0.16, 3.91, 12.25, 47.83, 44, 84, 8757936
0.16, 4.88, 12.19, 59.53, 44, 84, 8769764
0.16, 4.88, 12.16, 59.40, 44, 84, 8781584
0.16, 4.56, 12.87, 58.63, 44, 84, 8793416
0.16, 4.56, 12.19, 55.56, 44, 84, 8805236
0.16, 4.56, 12.14, 55.31, 44, 84, 8817060
0.16, 4.88, 12.33, 60.19, 44, 84, 8828888
0.16, 4.23, 12.27, 51.93, 44, 84, 8840704
0.16, 4.88, 12.08, 59.00, 44, 84, 8852536
0.16, 4.88, 12.22, 59.66, 45, 84, 8864352
0.16, 4.88, 12.25, 59.79, 45, 84, 8876180
0.16, 5.86, 11.92, 69.85, 45, 84, 8888000
0.16, 4.88, 12.16, 59.40, 45, 84, 8899832
0.16, 5.21, 12.38, 64.48, 45, 84, 8911656
0.16, 5.53, 12.22, 67.61, 45, 84, 8923500
0.16, 4.88, 12.11, 59.13, 45, 85, 8935304
0.16, 5.21, 12.33, 64.20, 45, 84, 8947132
0.16, 5.21, 12.16, 63.36, 45, 84, 8958964
0.16, 5.21, 12.25, 63.78, 45, 84, 8970780
0.16, 4.88, 11.89, 58.08, 45, 84, 8982616
0.16, 4.56, 12.19, 55.56, 45, 84, 8994436
0.16, 4.88, 12.19, 59.53, 45, 84, 9006264
0.17, 5.21, 12.38, 64.48, 45, 85, 9018080
0.17, 4.88, 12.19, 59.53, 45, 84, 9029912
0.17, 5.86, 11.71, 68.59, 45, 84, 9041728
0.17, 5.53, 12.41, 68.66, 45, 84, 9053552
0.16, 5.21, 12.35, 64.34, 46, 84, 9065376
0.16, 4.88, 12.08, 59.00, 46, 84, 9077200
0.16, 5.21, 12.33, 64.20, 46, 84, 9089032
0.16, 5.21, 12.49, 65.04, 46, 84, 9100848
0.16, 5.21, 12.08, 62.94, 46, 84, 9112680
0.17, 4.23, 12.30, 52.05, 46, 84, 9124496
0.17, 5.21, 12.27, 63.92, 46, 84, 9136328
0.17, 5.21, 12.19, 63.50, 46, 84, 9148144
0.17, 5.21, 12.35, 64.34, 46, 84, 9159976
0.17, 5.53, 12.11, 67.02, 46, 84, 9171792
0.17, 5.21, 12.11, 63.08, 46, 84, 9183636
0.17, 5.21, 12.11, 63.08, 46, 84, 9195448
0.17, 5.53, 12.41, 68.66, 46, 84, 9207268
0.17, 5.21, 12.27, 63.92, 46, 84, 9219096
0.17, 5.21, 11.98, 62.37, 46, 84, 9230916
0.17, 5.21, 12.30, 64.06, 46, 84, 9242748
0.17, 5.21, 12.57, 65.46, 46, 84, 9254560
0.17, 5.53, 12.11, 67.02, 47, 84, 9266396
0.17, 4.88, 12.06, 58.87, 47, 84, 9278212
0.17, 5.53, 12.06, 66.72, 47, 84, 9290044
0.17, 5.53, 12.35, 68.36, 47, 84, 9301864
0.17, 5.53, 12.14, 67.17, 47, 84, 9313688
0.17, 5.21, 12.33, 64.20, 47, 84, 9325520
0.17, 5.53, 12.33, 68.21, 47, 84, 9337336
0.18, 5.21, 11.89, 61.95, 47, 84, 9349164
0.17, 5.53, 12.27, 67.91, 47, 84, 9360984
0.17, 5.53, 12.30, 68.06, 47, 84, 9372812
0.17, 4.88, 12.11, 59.13, 47, 84, 9384632
0.18, 5.53, 12.16, 67.32, 47, 84, 9396460
0.18, 5.21, 12.06, 62.79, 47, 84, 9408280
0.17, 5.86, 12.33, 72.22, 47, 84, 9420108
0.17, 5.53, 12.41, 68.66, 47, 84, 9431928
0.17, 5.21, 12.03, 62.65, 47, 84, 9443768
0.18, 5.86, 12.38, 72.54, 47, 84, 9455580
0.18, 5.53, 12.46, 68.96, 48, 84, 9467396
0.18, 5.53, 12.08, 66.87, 48, 84, 9479228
0.18, 5.21, 12.00, 62.51, 48, 84, 9491044
0.17, 5.53, 12.49, 69.11, 48, 84, 9502876
0.17, 5.86, 11.81, 69.22, 48, 84, 9514692
0.18, 5.53, 12.30, 68.06, 48, 84, 9526524
0.18, 5.53, 12.00, 66.42, 48, 84, 9538340
0.18, 5.53, 12.70, 70.30, 48, 84, 9550164
0.18, 5.53, 12.19, 67.47, 48, 84, 9561988
0.18, 5.53, 12.03, 66.57, 48, 84, 9573812
0.17, 5.86, 12.35, 72.38, 48, 84, 9585640
0.18, 5.86, 12.30, 72.07, 48, 84, 9597456
0.18, 5.53, 12.14, 67.17, 48, 84, 9609288
0.18, 6.18, 11.76, 72.73, 48, 84, 9621104
0.18, 5.53, 12.11, 67.02, 48, 84, 9632940
0.18, 5.86, 12.08, 70.80, 48, 84, 9644756
0.18, 5.53, 12.30, 68.06, 48, 84, 9656588
0.18, 5.86, 12.35, 72.38, 49, 84, 9668404
0.18, 5.86, 11.49, 67.33, 49, 84, 9680232
0.18, 5.86, 12.27, 71.91, 49, 84, 9692060
0.18, 5.86, 12.33, 72.22, 49, 84, 9703900
0.18, 5.53, 11.87, 65.67, 49, 84, 9715712
0.18, 6.18, 12.22, 75.57, 49, 84, 9727532
0.18, 5.86, 12.27, 71.91, 49, 84, 9739360
0.18, 6.18, 12.76, 78.91, 49, 84, 9751176
0.18, 6.84, 12.60, 86.11, 49, 84, 9763012
0.18, 6.18, 12.38, 76.57, 49, 85, 9774828
0.18, 6.18, 12.25, 75.74, 49, 84, 9786660
0.18, 5.86, 12.22, 71.59, 49, 84, 9798484
0.18, 6.51, 12.16, 79.20, 49, 84, 9810304
0.18, 5.86, 12.25, 71.75, 49, 84, 9822152
0.18, 6.18, 12.35, 76.40, 49, 85, 9833956
0.19, 5.53, 11.98, 66.27, 49, 84, 9845784
0.19, 5.86, 12.00, 70.33, 49, 84, 9857604
0.18, 6.18, 12.27, 75.90, 50, 84, 9869432
0.18, 5.53, 12.00, 66.42, 50, 84, 9881252
0.18, 5.86, 12.33, 72.22, 50, 84, 9893084
0.18, 5.86, 12.00, 70.33, 50, 84, 9904908
0.19, 5.21, 11.87, 61.81, 50, 84, 9916740
0.19, 6.18, 12.38, 76.57, 50, 84, 9928556
0.19, 5.86, 11.98, 70.17, 50, 84, 9940384
0.19, 6.18, 12.25, 75.74, 50, 84, 9952216
0.19, 5.86, 11.98, 70.17, 50, 84, 9964048
0.19, 5.86, 12.22, 71.59, 50, 84, 9975864
0.19, 6.18, 12.25, 75.74, 50, 84, 9987680
0.19, 5.86, 11.98, 70.17, 50, 84, 9999512
0.19, 6.18, 12.78, 79.07, 50, 84, 10011332
0.19, 6.18, 11.73, 72.57, 50, 84, 10023164
0.19, 6.18, 11.95, 73.90, 50, 84, 10034980
0.19, 6.18, 11.54, 71.40, 50, 84, 10046808
0.19, 5.86, 12.16, 71.28, 50, 84, 10058636
0.19, 6.51, 12.22, 79.55, 51, 84, 10070464
0.19, 6.18, 11.81, 73.07, 51, 84, 10082308
0.19, 6.18, 12.27, 75.90, 51, 85, 10094116
0.19, 6.18, 11.76, 72.73, 51, 84, 10105944
0.19, 5.53, 12.14, 67.17, 51, 84, 10117764
0.19, 6.51, 12.30, 80.07, 51, 84, 10129592
0.19, 5.86, 11.98, 70.17, 51, 84, 10141408
0.20, 6.18, 12.25, 75.74, 51, 84, 10153240
0.20, 6.18, 12.25, 75.74, 51, 84, 10165060
0.19, 7.16, 12.11, 86.73, 51, 84, 10176888
0.19, 6.51, 12.16, 79.20, 51, 84, 10188712
0.19, 6.18, 11.98, 74.07, 51, 84, 10200540
0.19, 6.18, 12.11, 74.90, 51, 84, 10212368
0.19, 6.18, 12.52, 77.40, 51, 84, 10224192
0.19, 6.84, 12.35, 84.45, 51, 84, 10236024
0.19, 6.84, 11.73, 80.21, 51, 84, 10247840
0.20, 6.51, 11.87, 77.26, 51, 84, 10259668
0.20, 6.51, 11.98, 77.97, 52, 84, 10271488
0.19, 5.53, 12.00, 66.42, 52, 84, 10283316
0.20, 6.51, 12.38, 80.60, 52, 84, 10295136
0.20, 5.53, 12.46, 68.96, 52, 84, 10306960
0.20, 6.18, 12.30, 76.07, 52, 84, 10318788
0.20, 6.18, 12.35, 76.40, 52, 84, 10330608
0.20, 6.51, 12.22, 79.55, 52, 84, 10342452
0.20, 6.84, 11.98, 81.86, 52, 85, 10354256
0.20, 6.51, 11.95, 77.79, 52, 84, 10366084
0.20, 7.49, 11.81, 88.45, 52, 84, 10377900
0.20, 6.51, 12.43, 80.95, 52, 84, 10389732
0.20, 6.84, 12.35, 84.45, 52, 84, 10401552
0.20, 6.51, 11.54, 75.16, 52, 84, 10413380
0.20, 6.51, 12.06, 78.49, 52, 84, 10425200
0.20, 6.84, 12.46, 85.18, 52, 84, 10437024
0.20, 6.51, 12.38, 80.60, 52, 84, 10448852
0.20, 6.51, 11.52, 74.98, 52, 84, 10460668
0.20, 6.51, 12.16, 79.20, 53, 84, 10472500
0.20, 6.51, 12.11, 78.84, 53, 84, 10484316
0.20, 6.84, 12.35, 84.45, 53, 84, 10496152
0.20, 6.51, 12.43, 80.95, 53, 84, 10507972
0.20, 7.16, 12.06, 86.34, 53, 84, 10519800
0.20, 6.51, 12.08, 78.67, 53, 84, 10531616
0.21, 6.51, 11.73, 76.39, 53, 84, 10543440
0.21, 6.51, 11.95, 77.79, 53, 84, 10555268
0.21, 7.16, 11.81, 84.60, 53, 84, 10567088
0.20, 6.84, 12.16, 83.16, 53, 84, 10578920
0.21, 6.51, 12.03, 78.32, 53, 84, 10590740
0.20, 7.16, 12.22, 87.50, 53, 84, 10602588
0.21, 6.51, 12.11, 78.84, 53, 84, 10614392
0.21, 7.16, 12.46, 89.24, 53, 84, 10626224
0.21, 6.84, 12.33, 84.26, 53, 84, 10638044
0.21, 6.84, 12.11, 82.79, 53, 84, 10649872
0.21, 9.11, 12.54, 114.32, 53, 84, 10661692
0.20, 6.84, 12.54, 85.74, 54, 84, 10673520
0.20, 6.84, 11.92, 81.50, 54, 84, 10685344
0.20, 7.16, 12.16, 87.12, 54, 84, 10697168
0.20, 7.16, 12.00, 85.96, 54, 84, 10708996
0.21, 6.84, 11.95, 81.68, 54, 84, 10720816
0.21, 7.16, 12.22, 87.50, 54, 84, 10732644
0.21, 6.84, 11.60, 79.28, 54, 84, 10744464
0.21, 7.49, 12.22, 91.48, 54, 84, 10756292
0.21, 7.49, 12.14, 90.87, 54, 84, 10768112
0.21, 6.84, 11.87, 81.13, 54, 84, 10779944
0.21, 7.16, 11.81, 84.60, 54, 84, 10791760
0.21, 7.49, 11.27, 84.41, 54, 84, 10803584
0.21, 7.16, 11.87, 84.99, 54, 84, 10815416
0.22, 7.16, 11.92, 85.38, 54, 84, 10827232
0.21, 7.49, 11.98, 89.66, 54, 84, 10839064
0.21, 7.49, 11.84, 88.65, 54, 84, 10850888
0.21, 6.84, 12.19, 83.34, 54, 84, 10862720
0.21, 8.14, 11.92, 97.02, 55, 84, 10874536
0.21, 7.16, 12.46, 89.24, 55, 84, 10886368
0.21, 7.49, 12.08, 90.47, 55, 84, 10898184
0.21, 7.81, 11.73, 91.66, 55, 84, 10910020
0.21, 7.49, 12.27, 91.88, 55, 84, 10921836
0.22, 7.49, 11.76, 88.05, 55, 84, 10933664
0.21, 7.16, 12.08, 86.54, 55, 84, 10945496
0.21, 7.81, 12.22, 95.46, 55, 84, 10957312
0.21, 7.16, 11.87, 84.99, 55, 84, 10969144
0.22, 7.16, 11.81, 84.60, 55, 84, 10980964
0.22, 7.49, 12.11, 90.67, 55, 84, 10992796
0.22, 6.84, 12.16, 83.16, 55, 84, 11004612
0.22, 7.49, 11.81, 88.45, 55, 84, 11016440
0.22, 7.49, 12.03, 90.07, 55, 84, 11028260
0.22, 8.46, 11.87, 100.44, 55, 84, 11040084
0.22, 7.81, 11.98, 93.56, 55, 84, 11051908
0.22, 7.81, 12.60, 98.41, 55, 84, 11063732
0.22, 7.81, 11.95, 93.35, 56, 84, 11075564
0.22, 7.81, 11.98, 93.56, 56, 84, 11087380
0.22, 7.81, 11.95, 93.35, 56, 84, 11099216
0.22, 7.49, 12.38, 92.69, 56, 84, 11111032
0.22, 7.49, 12.03, 90.07, 56, 84, 11122868
0.22, 7.49, 11.98, 89.66, 56, 85, 11134684
0.22, 8.14, 12.54, 102.07, 56, 84, 11146516
0.22, 7.49, 11.63, 87.04, 56, 84, 11158336
0.22, 8.46, 12.35, 104.55, 56, 84, 11170160
0.22, 7.81, 12.00, 93.77, 56, 84, 11181984
0.22, 7.81, 12.03, 93.98, 56, 84, 11193808
0.22, 7.81, 11.89, 92.93, 56, 84, 11205644
0.23, 7.49, 11.89, 89.06, 56, 84, 11217460
0.23, 7.81, 12.08, 94.40, 56, 84, 11229288
0.22, 7.49, 11.52, 86.23, 56, 84, 11241108
0.23, 7.81, 11.92, 93.14, 56, 84, 11252936
0.23, 7.81, 11.89, 92.93, 56, 84, 11264748
0.23, 7.81, 12.08, 94.40, 57, 84, 11276580
0.22, 8.14, 11.76, 95.70, 57, 84, 11288400
0.22, 7.81, 12.60, 98.41, 57, 84, 11300224
0.22, 7.81, 11.76, 91.87, 57, 84, 11312056
0.22, 8.14, 12.14, 98.78, 57, 84, 11323872
0.23, 8.14, 12.11, 98.56, 57, 84, 11335704
0.23, 7.81, 11.71, 91.45, 57, 84, 11347520
0.23, 8.46, 12.33, 104.32, 57, 84, 11359352
0.23, 7.49, 11.57, 86.63, 57, 84, 11371172
0.23, 8.14, 12.08, 98.34, 57, 84, 11383000
0.23, 8.14, 12.19, 99.21, 57, 84, 11394820
0.23, 7.81, 12.70, 99.25, 57, 84, 11406652
0.23, 8.14, 12.22, 99.43, 57, 84, 11418472
0.23, 8.14, 11.84, 96.36, 57, 84, 11430300
0.23, 8.14, 13.32, 108.43, 57, 84, 11442128
0.23, 7.16, 11.63, 83.25, 57, 84, 11453948
0.23, 8.14, 12.38, 100.75, 57, 84, 11465780
0.23, 8.14, 12.46, 101.41, 58, 84, 11477596
0.23, 8.46, 12.33, 104.32, 58, 84, 11489428
0.23, 8.79, 11.54, 101.46, 58, 84, 11501244
0.23, 8.14, 12.06, 98.12, 58, 84, 11513080
0.23, 8.46, 11.87, 100.44, 58, 84, 11524896
0.23, 7.81, 12.62, 98.62, 58, 84, 11536716
0.23, 8.14, 11.95, 97.24, 58, 84, 11548540
0.23, 8.46, 11.92, 100.90, 58, 84, 11560364
0.23, 8.14, 12.14, 98.78, 58, 84, 11572196
0.24, 8.46, 11.92, 100.90, 58, 84, 11584036
0.24, 8.46, 12.41, 105.01, 58, 84, 11595848
0.23, 8.79, 11.49, 100.99, 58, 84, 11607664
0.23, 8.79, 12.14, 106.68, 58, 84, 11619496
0.24, 9.44, 11.44, 107.96, 58, 84, 11631312
0.23, 8.46, 11.89, 100.67, 58, 84, 11643140
0.23, 8.46, 11.98, 101.36, 58, 85, 11654960
0.24, 7.49, 11.98, 89.66, 58, 84, 11666788
0.23, 8.46, 11.92, 100.90, 59, 84, 11678612
0.23, 8.46, 12.33, 104.32, 59, 84, 11690436
0.23, 8.79, 12.16, 106.91, 59, 84, 11702268
0.23, 8.79, 11.92, 104.78, 59, 84, 11714088
0.24, 8.46, 11.81, 99.99, 59, 84, 11725916
0.24, 9.77, 11.63, 113.53, 59, 84, 11737732
0.24, 8.79, 11.81, 103.83, 59, 84, 11749560
0.24, 8.79, 12.08, 106.20, 59, 84, 11761384
0.24, 8.79, 12.25, 107.63, 59, 84, 11773212
0.24, 9.11, 12.25, 111.61, 59, 84, 11785028
0.24, 7.81, 12.03, 93.98, 59, 84, 11796852
0.24, 8.79, 12.03, 105.73, 59, 84, 11808676
0.24, 8.79, 12.19, 107.15, 59, 84, 11820500
0.24, 9.11, 12.25, 111.61, 59, 84, 11832332
0.24, 8.79, 12.11, 106.44, 59, 84, 11844168
0.24, 8.79, 12.16, 106.91, 59, 84, 11855976
0.24, 8.46, 11.76, 99.53, 59, 84, 11867792
0.24, 9.11, 12.06, 109.89, 60, 84, 11879624
0.24, 8.79, 12.00, 105.49, 60, 84, 11891440
0.24, 8.79, 12.19, 107.15, 60, 84, 11903272
0.24, 9.11, 12.08, 110.14, 60, 84, 11915092
0.24, 7.81, 12.54, 97.98, 60, 84, 11926916
0.25, 8.79, 11.98, 105.25, 60, 84, 11938744
0.24, 8.79, 11.95, 105.02, 60, 84, 11950560
0.24, 9.11, 12.03, 109.64, 60, 84, 11962392
0.24, 9.11, 12.16, 110.87, 60, 84, 11974208
0.24, 9.11, 11.92, 108.66, 60, 84, 11986040
0.24, 8.46, 11.81, 99.99, 60, 84, 11997856
0.24, 9.11, 11.92, 108.66, 60, 84, 12009688
0.24, 8.79, 11.98, 105.25, 60, 84, 12021500
0.24, 9.11, 12.54, 114.32, 60, 84, 12033332
0.24, 9.77, 12.30, 120.11, 60, 84, 12045148
0.24, 9.77, 12.43, 121.43, 60, 84, 12056972
0.25, 9.11, 11.98, 109.15, 60, 84, 12068804
0.24, 9.11, 12.30, 112.10, 61, 84, 12080620
0.25, 9.44, 12.08, 114.07, 61, 84, 12092448
0.24, 9.44, 12.14, 114.58, 61, 84, 12104288
0.25, 9.44, 12.14, 114.58, 61, 84, 12116096
0.25, 8.46, 11.79, 99.76, 61, 84, 12127916
0.25, 9.44, 12.16, 114.83, 61, 84, 12139744
0.25, 9.44, 11.84, 111.78, 61, 84, 12151560
0.25, 10.09, 12.84, 129.56, 61, 84, 12163392
0.25, 9.77, 12.30, 120.11, 61, 85, 12175208
0.25, 9.44, 11.76, 111.01, 61, 84, 12187032
0.25, 9.44, 12.06, 113.82, 61, 84, 12198860
0.25, 9.44, 11.95, 112.80, 61, 84, 12210680
0.25, 9.44, 12.03, 113.56, 61, 84, 12222508
0.25, 9.44, 12.06, 113.82, 61, 84, 12234328
0.25, 9.11, 11.95, 108.91, 61, 84, 12246156
0.25, 9.77, 12.35, 120.64, 61, 84, 12257972
0.25, 9.44, 11.81, 111.52, 61, 84, 12269800
0.25, 9.44, 11.84, 111.78, 62, 84, 12281616
0.25, 8.14, 12.22, 99.43, 62, 84, 12293444
0.25, 9.77, 11.98, 116.95, 62, 84, 12305264
0.25, 9.77, 11.95, 116.69, 62, 84, 12317088
0.25, 9.77, 12.49, 121.95, 62, 84, 12328920
0.25, 9.77, 12.27, 119.85, 62, 84, 12340740
0.25, 9.77, 12.06, 117.74, 62, 84, 12352568
0.25, 9.44, 13.05, 123.24, 62, 84, 12364408
0.25, 9.77, 11.95, 116.69, 62, 84, 12376220
0.25, 10.74, 11.60, 124.59, 62, 84, 12388032
0.25, 9.77, 12.22, 119.32, 62, 84, 12399864
0.25, 9.44, 11.79, 111.27, 62, 84, 12411680
0.25, 10.42, 12.46, 129.80, 62, 84, 12423504
0.25, 9.77, 12.00, 117.21, 62, 84, 12435328
0.25, 9.77, 12.19, 119.06, 62, 84, 12447152
0.26, 9.77, 12.14, 118.53, 62, 84, 12458980
0.25, 9.44, 12.14, 114.58, 62, 84, 12470800
0.25, 9.77, 12.11, 118.27, 63, 84, 12482648
0.25, 9.44, 11.44, 107.96, 63, 84, 12494456
0.25, 9.77, 12.22, 119.32, 63, 84, 12506284
0.26, 9.77, 12.14, 118.53, 63, 84, 12518100
0.26, 10.09, 12.19, 123.03, 63, 84, 12529936
0.26, 11.39, 12.08, 137.67, 63, 84, 12541756
0.26, 9.44, 12.60, 118.91, 63, 84, 12553580
0.26, 10.09, 11.95, 120.58, 63, 84, 12565404
0.26, 10.09, 12.19, 123.03, 63, 84, 12577228
0.26, 10.09, 11.92, 120.30, 63, 84, 12589060
0.26, 10.09, 11.84, 119.49, 63, 84, 12600880
0.26, 10.09, 11.79, 118.94, 63, 84, 12612708
0.26, 10.74, 11.81, 126.91, 63, 84, 12624544
0.26, 10.09, 11.92, 120.30, 63, 84, 12636356
0.26, 10.09, 11.87, 119.76, 63, 84, 12648168
0.26, 10.74, 12.06, 129.51, 63, 84, 12660000
0.26, 10.74, 12.03, 129.22, 63, 84, 12671820
0.26, 9.44, 13.14, 124.00, 64, 84, 12683644
0.26, 10.42, 12.14, 126.43, 64, 84, 12695464
0.26, 10.09, 11.65, 117.58, 64, 84, 12707288
0.26, 10.42, 12.22, 127.27, 64, 84, 12719120
0.26, 10.09, 11.98, 120.85, 64, 84, 12730936
0.26, 10.42, 12.00, 125.03, 64, 84, 12742784
0.26, 10.42, 12.68, 132.05, 64, 84, 12754584
0.27, 10.74, 11.95, 128.35, 64, 84, 12766416
0.27, 10.74, 11.95, 128.35, 64, 84, 12778228
0.27, 10.74, 11.25, 120.82, 64, 84, 12790064
0.27, 10.42, 11.95, 124.47, 64, 84, 12801880
0.27, 10.74, 11.06, 118.79, 64, 84, 12813708
0.27, 10.09, 11.87, 119.76, 64, 84, 12825540
0.27, 10.42, 11.79, 122.78, 64, 84, 12837356
0.27, 10.74, 11.89, 127.78, 64, 84, 12849188
0.27, 10.42, 11.71, 121.94, 64, 84, 12861008
0.27, 10.09, 11.95, 120.58, 64, 84, 12872840
0.27, 10.09, 12.43, 125.48, 65, 84, 12884672
0.27, 10.74, 11.92, 128.07, 65, 84, 12896484
0.27, 10.42, 11.54, 120.25, 65, 84, 12908300
0.27, 9.77, 11.79, 115.11, 65, 84, 12920132
0.27, 10.74, 11.87, 127.49, 65, 84, 12931948
0.27, 9.77, 11.36, 110.89, 65, 84, 12943776
0.27, 11.07, 11.98, 132.54, 65, 84, 12955604
0.27, 10.74, 11.87, 127.49, 65, 84, 12967428
0.27, 10.74, 12.25, 131.54, 65, 84, 12979260
0.27, 10.42, 12.33, 128.40, 65, 84, 12991076
0.27, 10.74, 12.06, 129.51, 65, 84, 13002920
0.27, 10.74, 11.60, 124.59, 65, 84, 13014724
0.27, 11.07, 11.95, 132.24, 65, 84, 13026556
0.28, 10.74, 11.92, 128.07, 65, 84, 13038376
0.28, 11.72, 12.62, 147.93, 65, 84, 13050200
0.28, 10.74, 12.00, 128.93, 65, 84, 13062024
0.27, 11.39, 12.03, 137.06, 65, 84, 13073848
0.27, 11.07, 11.79, 130.45, 66, 84, 13085680
0.27, 11.07, 12.06, 133.44, 66, 84, 13097496
0.27, 11.39, 12.33, 140.44, 66, 84, 13109328
0.28, 10.42, 11.98, 124.75, 66, 84, 13121148
0.28, 11.39, 11.98, 136.44, 66, 84, 13132980
0.28, 11.07, 12.11, 134.04, 66, 84, 13144800
0.28, 11.39, 12.25, 139.51, 66, 84, 13156628
0.28, 10.74, 11.89, 127.78, 66, 84, 13168448
0.28, 12.04, 10.95, 131.89, 66, 84, 13180272
0.28, 11.39, 12.19, 138.90, 66, 84, 13192096
0.28, 11.39, 11.63, 132.45, 66, 84, 13203920
0.28, 11.07, 11.81, 130.75, 66, 84, 13215748
0.28, 11.07, 11.63, 128.66, 66, 84, 13227564
0.28, 11.07, 11.73, 129.86, 66, 84, 13239400
0.28, 11.07, 12.89, 142.69, 66, 84, 13251216
0.28, 11.07, 11.76, 130.15, 66, 84, 13263064
0.28, 11.72, 11.54, 135.28, 66, 85, 13274864
0.28, 11.39, 11.60, 132.14, 67, 84, 13286692
0.28, 11.39, 11.52, 131.22, 67, 84, 13298508
0.28, 11.07, 12.35, 136.72, 67, 84, 13310332
0.28, 12.70, 12.89, 163.68, 67, 84, 13322156
0.28, 11.72, 11.89, 139.39, 67, 85, 13333980
0.28, 11.72, 12.19, 142.87, 67, 84, 13345816
0.28, 11.72, 11.63, 136.23, 67, 84, 13357632
0.29, 12.04, 12.16, 146.51, 67, 84, 13369464
0.29, 10.74, 11.57, 124.30, 67, 84, 13381284
0.29, 12.04, 11.95, 143.91, 67, 84, 13393112
0.29, 11.72, 11.87, 139.08, 67, 84, 13404932
0.29, 12.37, 12.41, 153.47, 67, 84, 13416764
0.29, 12.04, 12.08, 145.54, 67, 84, 13428584
0.29, 11.72, 11.98, 140.34, 67, 84, 13440408
0.29, 11.72, 12.35, 144.76, 67, 84, 13452240
0.29, 12.37, 13.03, 161.15, 67, 84, 13464060
0.29, 11.39, 12.19, 138.90, 67, 84, 13475888
0.29, 11.72, 11.92, 139.71, 68, 84, 13487704
0.29, 12.04, 11.68, 140.66, 68, 84, 13499536
0.29, 11.39, 13.00, 148.12, 68, 84, 13511356
0.29, 12.04, 11.98, 144.24, 68, 84, 13523200
0.29, 12.04, 12.16, 146.51, 68, 84, 13535004
0.29, 10.74, 11.98, 128.64, 68, 84, 13546828
0.30, 12.37, 11.92, 147.47, 68, 84, 13558652
0.30, 11.72, 11.65, 136.55, 68, 84, 13570476
0.29, 11.72, 11.79, 138.13, 68, 84, 13582304
0.29, 12.04, 11.65, 140.34, 68, 84, 13594124
0.29, 12.04, 11.73, 141.31, 68, 84, 13605956
0.29, 11.39, 11.52, 131.22, 68, 84, 13617776
0.30, 12.04, 11.57, 139.37, 68, 84, 13629604
0.30, 11.39, 11.44, 130.30, 68, 84, 13641424
0.29, 12.37, 11.79, 145.80, 68, 84, 13653252
0.29, 12.37, 11.73, 145.13, 68, 84, 13665068
0.29, 13.35, 11.81, 157.67, 68, 84, 13676888
0.30, 12.37, 11.84, 146.47, 69, 84, 13688716
0.30, 12.37, 11.71, 144.80, 69, 84, 13700536
0.30, 12.70, 11.95, 151.69, 69, 84, 13712368
0.30, 14.00, 12.62, 176.69, 69, 84, 13724180
0.30, 12.70, 11.92, 151.35, 69, 84, 13736016
0.30, 13.35, 11.89, 158.75, 69, 84, 13747832
0.30, 12.70, 12.27, 155.80, 69, 84, 13759664
0.30, 12.70, 11.52, 146.21, 69, 84, 13771480
0.30, 12.70, 11.98, 152.03, 69, 84, 13783312
0.30, 14.00, 12.00, 168.01, 69, 84, 13795132
0.30, 12.37, 12.25, 151.47, 69, 84, 13806956
0.30, 12.70, 11.71, 148.61, 69, 84, 13818784
0.30, 12.37, 12.11, 149.80, 69, 84, 13830608
0.30, 12.37, 11.71, 144.80, 69, 84, 13842440
0.30, 12.70, 11.84, 150.32, 69, 84, 13854256
0.30, 12.70, 11.76, 149.30, 69, 84, 13866088
0.30, 12.04, 11.38, 137.09, 69, 84, 13877908
0.30, 13.35, 12.06, 160.91, 70, 84, 13889740
0.30, 13.35, 12.06, 160.91, 70, 84, 13901556
0.31, 13.67, 12.76, 174.42, 70, 84, 13913388
0.31, 12.70, 12.25, 155.46, 70, 84, 13925204
0.31, 14.32, 10.90, 156.07, 70, 84, 13937028
0.30, 13.02, 11.54, 150.31, 70, 84, 13948860
0.30, 13.02, 11.87, 154.53, 70, 84, 13960680
0.31, 13.02, 12.08, 157.34, 70, 84, 13972512
0.31, 12.70, 12.57, 159.57, 70, 84, 13984332
0.31, 12.70, 11.44, 145.19, 70, 84, 13996160
0.31, 14.32, 11.65, 166.89, 70, 84, 14007976
0.31, 13.02, 12.06, 156.99, 70, 84, 14019808
0.31, 13.35, 11.57, 154.43, 70, 84, 14031628
0.31, 11.72, 12.14, 142.24, 70, 84, 14043460
0.31, 13.35, 11.87, 158.39, 70, 84, 14055276
0.31, 13.02, 11.71, 152.42, 70, 84, 14067100
0.30, 13.02, 11.79, 153.47, 70, 84, 14078932
0.31, 14.32, 12.87, 184.27, 71, 84, 14090752
0.31, 14.32, 11.92, 170.75, 71, 84, 14102580
0.31, 13.35, 12.08, 161.27, 71, 85, 14114404
0.31, 13.35, 11.79, 157.31, 71, 84, 14126232
0.31, 12.70, 12.11, 153.75, 71, 84, 14138052
0.32, 13.35, 11.81, 157.67, 71, 84, 14149884
0.32, 13.35, 11.54, 154.07, 71, 84, 14161700
0.32, 13.35, 11.11, 148.31, 71, 84, 14173528
0.32, 13.67, 11.44, 156.35, 71, 84, 14185352
0.31, 13.35, 11.95, 159.47, 71, 84, 14197176
0.32, 13.35, 12.06, 160.91, 71, 84, 14209004
0.31, 14.00, 11.87, 166.12, 71, 84, 14220824
0.31, 13.67, 11.84, 161.89, 71, 84, 14232656
0.31, 14.32, 11.46, 164.19, 71, 84, 14244476
0.31, 14.32, 11.79, 168.82, 71, 84, 14256308
0.32, 13.67, 12.03, 164.47, 71, 84, 14268128
0.32, 14.32, 12.06, 172.69, 71, 84, 14279960
0.32, 14.00, 11.68, 163.47, 72, 84, 14291772
0.32, 14.32, 12.54, 179.64, 72, 84, 14303596
0.32, 13.67, 11.36, 155.25, 72, 85, 14315420
0.32, 13.67, 12.06, 164.84, 72, 84, 14327244
0.32, 13.67, 11.60, 158.57, 72, 84, 14339072
0.32, 14.32, 11.79, 168.82, 72, 84, 14350888
0.32, 14.32, 11.84, 169.59, 72, 84, 14362716
0.32, 14.65, 12.16, 178.19, 72, 84, 14374540
0.33, 14.32, 12.38, 177.32, 72, 84, 14386368
0.32, 14.00, 12.03, 168.38, 72, 84, 14398184
0.32, 14.00, 12.27, 171.78, 72, 84, 14410012
0.32, 14.00, 11.73, 164.23, 72, 84, 14421828
0.32, 14.97, 12.60, 188.61, 72, 84, 14433652
0.33, 14.00, 11.79, 164.99, 72, 84, 14445476
0.33, 14.00, 11.79, 164.99, 72, 84, 14457304
0.32, 14.65, 12.11, 177.40, 72, 84, 14469136
0.33, 14.65, 12.03, 176.21, 72, 84, 14480948
0.33, 14.00, 11.89, 166.50, 73, 84, 14492780
0.33, 13.67, 13.24, 181.06, 73, 84, 14504604
0.33, 14.32, 12.25, 175.39, 73, 84, 14516436
0.33, 14.65, 11.87, 173.84, 73, 84, 14528252
0.33, 14.00, 11.03, 154.41, 73, 84, 14540084
0.33, 14.65, 12.03, 176.21, 73, 84, 14551904
0.33, 14.00, 12.33, 172.54, 73, 84, 14563724
0.33, 14.32, 11.89, 170.37, 73, 84, 14575556
0.33, 14.65, 12.16, 178.19, 73, 84, 14587372
0.33, 14.65, 12.27, 179.77, 73, 84, 14599204
0.33, 14.32, 11.79, 168.82, 73, 84, 14611024
0.33, 14.97, 11.81, 176.90, 73, 84, 14622856
0.33, 14.32, 11.14, 159.55, 73, 84, 14634672
0.33, 14.65, 11.54, 169.10, 73, 84, 14646504
0.33, 14.32, 12.35, 176.93, 73, 84, 14658324
0.33, 15.30, 12.49, 191.06, 73, 84, 14670156
0.33, 14.65, 11.92, 174.63, 73, 84, 14681976
0.33, 14.97, 11.95, 178.92, 74, 84, 14693800
0.34, 15.30, 12.11, 185.28, 74, 84, 14705632
0.33, 15.30, 11.65, 178.27, 74, 84, 14717448
0.34, 15.30, 11.27, 172.49, 74, 84, 14729284
0.34, 16.28, 11.57, 188.33, 74, 84, 14741104
0.34, 15.30, 11.81, 180.75, 74, 84, 14752932
0.34, 14.97, 12.00, 179.73, 74, 84, 14764768
0.34, 15.30, 11.84, 181.16, 74, 84, 14776584
0.34, 14.65, 11.65, 170.68, 74, 84, 14788396
0.33, 15.63, 12.52, 195.55, 74, 84, 14800224
0.34, 14.97, 11.57, 173.26, 74, 84, 14812044
0.34, 15.30, 12.00, 183.63, 74, 84, 14823868
0.34, 15.63, 11.98, 187.12, 74, 84, 14835696
0.34, 14.97, 11.38, 170.44, 74, 84, 14847512
0.34, 14.97, 11.49, 172.05, 74, 84, 14859344
0.34, 15.63, 11.38, 177.85, 74, 84, 14871160
0.34, 15.63, 11.98, 187.12, 74, 84, 14882992
0.34, 15.30, 12.11, 185.28, 75, 84, 14894808
0.34, 15.95, 11.22, 178.97, 75, 84, 14906640
0.34, 15.63, 12.22, 190.91, 75, 84, 14918456
0.34, 16.60, 10.57, 175.53, 75, 84, 14930280
0.34, 15.95, 11.71, 186.72, 75, 84, 14942104
0.35, 15.63, 11.41, 178.27, 75, 84, 14953928
0.34, 15.63, 11.98, 187.12, 75, 84, 14965756
0.35, 15.30, 11.60, 177.44, 75, 84, 14977576
0.35, 14.97, 11.44, 171.25, 75, 84, 14989408
0.35, 14.97, 11.06, 165.59, 75, 84, 15001224
0.35, 16.28, 13.00, 211.60, 75, 84, 15013056
0.35, 15.95, 12.11, 193.17, 75, 84, 15024888
0.35, 15.95, 11.81, 188.44, 75, 84, 15036700
0.35, 15.30, 11.25, 172.08, 75, 84, 15048520
0.35, 15.63, 11.00, 171.95, 75, 84, 15060344
0.35, 16.28, 11.98, 194.92, 75, 84, 15072164
0.35, 15.95, 12.03, 191.88, 75, 84, 15083992
0.35, 15.63, 11.11, 173.63, 76, 84, 15095824
0.35, 16.60, 11.79, 195.68, 76, 84, 15107640
0.35, 15.95, 11.65, 185.86, 76, 84, 15119464
0.35, 15.63, 11.14, 174.05, 76, 84, 15131284
0.35, 15.95, 11.89, 189.73, 76, 84, 15143128
0.35, 15.95, 11.46, 182.84, 76, 84, 15154932
0.35, 15.95, 11.95, 190.59, 76, 84, 15166760
0.35, 16.60, 12.16, 201.95, 76, 84, 15178576
0.35, 15.95, 11.89, 189.73, 76, 84, 15190400
0.35, 15.95, 11.46, 182.84, 76, 84, 15202232
0.35, 16.28, 12.16, 197.99, 76, 84, 15214052
0.36, 16.60, 12.30, 204.19, 76, 84, 15225884
0.36, 16.28, 11.63, 189.21, 76, 84, 15237700
0.35, 16.60, 12.16, 201.95, 76, 84, 15249528
0.35, 15.63, 12.92, 201.87, 76, 84, 15261348
0.36, 16.93, 11.63, 196.78, 76, 84, 15273180
0.36, 17.25, 11.92, 205.68, 76, 84, 15285016
0.36, 15.95, 11.09, 176.82, 77, 84, 15296828
0.36, 16.60, 12.25, 203.29, 77, 84, 15308648
0.36, 16.60, 11.76, 195.23, 77, 84, 15320472
0.36, 16.60, 11.41, 189.41, 77, 84, 15332304
0.36, 16.28, 12.35, 201.06, 77, 84, 15344116
0.36, 16.93, 11.60, 196.32, 77, 84, 15355948
0.36, 16.93, 11.98, 202.71, 77, 84, 15367764
0.36, 16.93, 11.92, 201.80, 77, 84, 15379592
0.36, 17.90, 11.84, 211.99, 77, 84, 15391416
0.36, 16.60, 11.73, 194.78, 77, 84, 15403260
0.36, 17.58, 11.76, 206.72, 77, 85, 15415060
0.36, 16.28, 12.16, 197.99, 77, 84, 15426892
0.36, 16.93, 12.03, 203.63, 77, 84, 15438704
0.36, 17.25, 11.98, 206.61, 77, 84, 15450528
0.36, 17.25, 10.79, 186.14, 77, 84, 15462364
0.36, 16.93, 11.44, 193.58, 77, 85, 15474184
0.36, 16.28, 11.71, 190.53, 77, 84, 15486016
0.36, 17.25, 11.65, 201.03, 78, 84, 15497832
0.36, 17.25, 12.41, 214.06, 78, 84, 15509664
0.36, 16.93, 11.38, 192.67, 78, 84, 15521480
0.36, 16.93, 11.52, 194.95, 78, 84, 15533308
0.37, 17.25, 11.36, 195.91, 78, 84, 15545144
0.37, 17.90, 10.71, 191.71, 78, 84, 15556948
0.37, 16.93, 11.81, 199.97, 78, 84, 15568772
0.37, 17.58, 12.03, 211.46, 78, 84, 15580596
0.37, 17.90, 11.84, 211.99, 78, 84, 15592424
0.37, 17.58, 11.52, 202.45, 78, 84, 15604240
0.37, 17.58, 11.63, 204.35, 78, 84, 15616072
0.37, 16.93, 10.73, 181.71, 78, 84, 15627892
0.38, 17.58, 11.79, 207.19, 78, 84, 15639720
0.38, 17.90, 12.14, 217.31, 78, 84, 15651536
0.38, 17.58, 11.92, 209.56, 78, 84, 15663384
0.37, 17.90, 11.52, 206.20, 78, 85, 15675180
0.37, 18.23, 11.63, 211.91, 78, 84, 15687008
0.37, 17.58, 11.92, 209.56, 79, 84, 15698828
0.37, 18.23, 12.14, 221.26, 79, 84, 15710656
0.37, 18.23, 11.98, 218.31, 79, 84, 15722488
0.38, 18.55, 12.08, 224.21, 79, 84, 15734304
0.38, 18.23, 11.54, 210.44, 79, 84, 15746132
0.38, 18.55, 11.44, 212.20, 79, 84, 15757952
0.38, 18.55, 11.89, 220.70, 79, 84, 15769780
0.38, 18.23, 10.95, 199.62, 79, 84, 15781596
0.38, 18.23, 11.52, 209.95, 79, 84, 15793428
0.38, 18.88, 12.03, 227.12, 79, 84, 15805264
0.38, 19.21, 10.63, 204.10, 79, 84, 15817068
0.38, 18.23, 11.03, 201.10, 79, 84, 15828892
0.38, 17.58, 11.60, 203.87, 79, 84, 15840716
0.38, 17.90, 11.14, 199.44, 79, 84, 15852552
0.38, 18.55, 10.60, 196.68, 79, 84, 15864372
0.38, 18.55, 11.84, 219.70, 79, 85, 15876200
0.38, 17.58, 10.87, 191.07, 79, 84, 15888020
0.38, 18.88, 11.68, 220.50, 80, 84, 15899848
0.38, 17.90, 11.36, 203.30, 80, 84, 15911668
0.38, 18.23, 12.11, 220.76, 80, 84, 15923508
0.38, 18.23, 10.98, 200.11, 80, 85, 15935312
0.39, 19.21, 11.54, 221.71, 80, 84, 15947136
0.38, 19.21, 11.49, 220.68, 80, 84, 15958968
0.39, 19.21, 12.11, 232.59, 80, 84, 15970780
0.39, 19.21, 10.71, 205.65, 80, 84, 15982612
0.39, 18.55, 11.30, 209.69, 80, 85, 15994432
0.39, 19.21, 12.06, 231.56, 80, 84, 16006260
0.39, 18.55, 11.41, 211.69, 80, 84, 16018080
0.39, 18.55, 12.14, 225.21, 80, 84, 16029908
0.39, 19.53, 12.35, 241.27, 80, 84, 16041728
0.39, 19.21, 12.30, 236.22, 80, 84, 16053552
0.39, 18.23, 11.89, 216.83, 80, 84, 16065388
0.39, 18.55, 11.36, 210.69, 80, 84, 16077196
0.39, 19.21, 12.27, 235.70, 80, 84, 16089024
0.39, 18.88, 10.95, 206.75, 81, 84, 16100840
0.40, 19.86, 11.41, 226.55, 81, 84, 16112672
0.40, 17.90, 12.46, 223.10, 81, 84, 16124492
0.40, 18.88, 10.87, 205.22, 81, 85, 16136316
0.40, 20.51, 11.81, 242.28, 81, 84, 16148136
0.40, 19.21, 12.49, 239.84, 81, 84, 16159964
0.40, 19.53, 11.25, 219.68, 81, 84, 16171784
0.40, 17.90, 11.81, 211.51, 81, 84, 16183628
0.40, 19.53, 12.27, 239.69, 81, 85, 16195432
0.40, 20.18, 11.87, 239.52, 81, 84, 16207256
0.40, 19.86, 11.76, 233.51, 81, 84, 16219088
0.40, 19.53, 11.22, 219.15, 81, 84, 16230900
0.40, 20.18, 11.76, 237.34, 81, 84, 16242732
0.41, 19.53, 11.46, 223.89, 81, 84, 16254552
0.40, 19.86, 10.87, 215.84, 81, 84, 16266384
0.40, 19.21, 12.16, 233.63, 81, 84, 16278196
0.40, 19.86, 11.87, 235.66, 81, 84, 16290028
0.40, 19.86, 11.38, 226.01, 82, 84, 16301844
0.40, 18.88, 11.54, 217.95, 82, 84, 16313676
0.40, 19.53, 11.81, 230.74, 82, 84, 16325512
0.41, 20.18, 12.11, 244.42, 82, 84, 16337316
0.40, 19.86, 11.95, 237.26, 82, 84, 16349144
0.41, 18.88, 11.38, 214.90, 82, 84, 16360960
0.41, 20.18, 11.87, 239.52, 82, 84, 16372796
0.41, 19.53, 11.73, 229.16, 82, 84, 16384612
0.41, 20.83, 11.95, 248.93, 82, 84, 16396444
0.40, 19.86, 11.98, 237.80, 82, 84, 16408260
0.41, 20.18, 11.60, 234.07, 82, 84, 16420092
0.41, 20.83, 11.60, 241.63, 82, 84, 16431908
0.41, 19.86, 11.65, 231.37, 82, 84, 16443732
0.41, 20.83, 11.87, 247.24, 82, 84, 16455556
0.41, 20.18, 11.65, 235.16, 82, 84, 16467380
0.41, 20.18, 12.41, 250.41, 82, 84, 16479212
0.41, 19.86, 11.25, 223.34, 82, 84, 16491028
0.41, 20.83, 11.38, 237.13, 83, 84, 16502860
0.41, 19.86, 10.92, 216.91, 83, 84, 16514676
0.42, 20.83, 11.81, 246.12, 83, 84, 16526512
0.42, 20.51, 10.90, 223.47, 83, 84, 16538332
0.41, 20.51, 11.49, 235.64, 83, 84, 16550160
0.42, 20.18, 11.17, 225.37, 83, 84, 16561980
0.42, 20.83, 10.82, 225.33, 83, 84, 16573804
0.42, 20.83, 11.98, 249.49, 83, 84, 16585628
0.42, 21.48, 11.63, 249.76, 83, 84, 16597452
0.42, 20.83, 12.03, 250.62, 83, 84, 16609284
0.42, 20.83, 10.73, 223.64, 83, 84, 16621104
0.42, 21.48, 11.71, 251.49, 83, 84, 16632932
0.42, 21.48, 12.08, 259.61, 83, 84, 16644752
0.42, 21.16, 11.81, 249.97, 83, 84, 16656584
0.42, 21.48, 11.09, 238.17, 83, 84, 16668408
0.41, 20.18, 12.35, 249.32, 83, 84, 16680236
0.42, 20.83, 11.73, 244.44, 83, 84, 16692056
0.42, 21.48, 11.46, 246.28, 84, 84, 16703876
0.43, 21.48, 11.65, 250.34, 84, 84, 16715704
0.43, 21.48, 11.49, 246.86, 84, 84, 16727528
0.43, 21.16, 11.30, 239.12, 84, 84, 16739356
0.42, 21.48, 11.19, 240.48, 84, 84, 16751176
0.42, 20.83, 11.60, 241.63, 84, 84, 16763004
0.43, 20.83, 11.92, 248.37, 84, 84, 16774824
0.43, 21.81, 12.70, 277.07, 84, 84, 16786652
0.43, 21.81, 12.27, 267.66, 84, 84, 16798472
0.43, 20.51, 11.46, 235.08, 84, 84, 16810304
0.43, 21.48, 11.81, 253.81, 84, 84, 16822128
0.43, 22.14, 11.41, 252.55, 84, 84, 16833948
0.43, 21.16, 11.03, 233.42, 84, 84, 16845776
0.43, 22.79, 11.03, 251.37, 84, 84, 16857596
0.43, 22.14, 11.33, 250.76, 84, 84, 16869428
0.43, 21.81, 11.06, 241.19, 84, 84, 16881248
0.43, 21.81, 11.60, 252.95, 84, 84, 16893076
0.43, 21.16, 12.27, 259.67, 85, 84, 16904896
0.43, 22.14, 11.57, 256.13, 85, 84, 16916724
0.43, 21.81, 11.49, 250.60, 85, 84, 16928540
0.43, 23.11, 11.27, 260.57, 85, 84, 16940364
0.44, 22.14, 10.76, 238.22, 85, 84, 16952184
0.44, 22.14, 11.22, 248.37, 85, 84, 16964012
0.44, 21.48, 11.17, 239.90, 85, 84, 16975840
0.44, 21.48, 11.46, 246.28, 85, 84, 16987656
0.44, 21.81, 11.17, 243.54, 85, 84, 16999488
0.44, 21.48, 11.30, 242.80, 85, 84, 17011304
0.44, 23.11, 11.09, 256.21, 85, 84, 17023136
0.44, 22.46, 11.63, 261.11, 85, 84, 17034952
0.44, 22.14, 11.19, 247.77, 85, 84, 17046784
0.44, 23.11, 11.11, 256.83, 85, 84, 17058600
0.44, 22.46, 11.73, 263.53, 85, 84, 17070428
0.43, 22.14, 11.95, 264.49, 85, 84, 17082252
0.44, 22.14, 11.71, 259.12, 85, 84, 17094080
0.44, 22.46, 10.92, 245.36, 86, 84, 17105908
0.44, 22.46, 11.95, 268.38, 86, 84, 17117724
0.44, 22.14, 11.36, 251.35, 86, 84, 17129556
0.44, 22.46, 11.65, 261.71, 86, 84, 17141376
0.45, 23.44, 10.92, 256.02, 86, 84, 17153208
0.45, 22.79, 12.57, 286.40, 86, 84, 17165024
0.44, 23.44, 11.81, 276.89, 86, 84, 17176860
0.45, 23.11, 10.84, 250.60, 86, 84, 17188680
0.45, 23.76, 10.87, 258.30, 86, 84, 17200504
0.45, 23.11, 11.14, 257.46, 86, 84, 17212328
0.45, 23.11, 11.00, 254.34, 86, 84, 17224152
0.45, 22.79, 12.08, 275.34, 86, 84, 17235984
0.45, 22.79, 11.03, 251.37, 86, 84, 17247800
0.44, 23.44, 10.65, 249.70, 86, 84, 17259636
0.45, 22.46, 12.27, 275.65, 86, 84, 17271452
0.45, 23.76, 10.73, 255.09, 86, 84, 17283284
0.45, 22.79, 11.73, 267.35, 86, 84, 17295100
0.45, 23.76, 11.76, 279.45, 87, 84, 17306932
0.45, 23.11, 11.65, 269.30, 87, 84, 17318752
0.45, 23.11, 11.46, 264.94, 87, 84, 17330576
0.45, 24.74, 10.79, 266.91, 87, 84, 17342408
0.45, 23.44, 11.17, 261.71, 87, 85, 17354224
0.45, 23.11, 11.03, 254.96, 87, 84, 17366056
0.45, 23.76, 11.19, 265.99, 87, 84, 17377868
0.45, 23.44, 11.27, 264.24, 87, 84, 17389700
0.45, 24.41, 10.95, 267.35, 87, 84, 17401520
0.45, 23.76, 12.76, 303.16, 87, 84, 17413348
0.45, 23.44, 11.54, 270.56, 87, 84, 17425164
0.45, 25.07, 11.03, 276.51, 87, 84, 17436996
0.46, 23.76, 11.41, 271.12, 87, 84, 17448812
0.46, 23.76, 11.54, 274.32, 87, 84, 17460636
0.46, 24.09, 11.71, 281.98, 87, 84, 17472464
0.46, 25.72, 10.90, 280.22, 87, 84, 17484280
0.45, 24.74, 11.98, 296.27, 87, 84, 17496112
0.45, 23.44, 11.17, 261.71, 88, 84, 17507928
0.46, 24.09, 12.00, 289.13, 88, 84, 17519760
0.46, 25.07, 11.44, 286.65, 88, 84, 17531576
0.46, 23.76, 10.95, 260.22, 88, 84, 17543408
0.46, 24.41, 11.54, 281.84, 88, 84, 17555224
0.46, 24.74, 10.84, 268.25, 88, 84, 17567048
0.46, 24.41, 11.49, 280.52, 88, 84, 17578872
0.46, 24.41, 10.63, 259.45, 88, 84, 17590700
0.47, 24.74, 11.54, 285.60, 88, 84, 17602528
0.46, 24.09, 11.52, 277.43, 88, 85, 17614348
0.46, 25.07, 11.95, 299.49, 88, 84, 17626180
0.46, 24.74, 11.95, 295.61, 88, 84, 17638000
0.47, 24.74, 11.68, 288.93, 88, 84, 17649832
0.47, 24.74, 11.60, 286.93, 88, 84, 17661648
0.47, 24.74, 11.09, 274.25, 88, 84, 17673480
0.47, 24.09, 11.17, 268.98, 88, 84, 17685292
0.46, 24.41, 11.63, 283.81, 88, 84, 17697116
0.47, 23.76, 11.49, 273.04, 89, 84, 17708944
0.47, 24.09, 10.92, 263.14, 89, 84, 17720768
0.47, 25.72, 11.46, 294.79, 89, 84, 17732600
0.47, 25.07, 12.08, 302.88, 89, 84, 17744416
0.47, 24.74, 11.25, 278.26, 89, 84, 17756252
0.47, 24.41, 11.27, 275.25, 89, 84, 17768068
0.47, 25.39, 10.79, 273.94, 89, 84, 17779900
0.47, 26.04, 10.52, 273.94, 89, 84, 17791720
0.47, 25.07, 10.84, 271.78, 89, 84, 17803568
0.47, 25.07, 11.27, 282.59, 89, 85, 17815372
0.47, 25.07, 11.36, 284.62, 89, 84, 17827196
0.47, 25.72, 11.17, 287.16, 89, 84, 17839020
0.47, 26.37, 11.52, 303.67, 89, 84, 17850844
0.47, 25.07, 11.33, 283.95, 89, 84, 17862676
0.47, 24.74, 11.81, 292.27, 89, 85, 17874488
0.47, 25.07, 11.71, 293.41, 89, 84, 17886320
0.48, 26.04, 10.79, 280.96, 89, 84, 17898140
0.48, 25.39, 11.68, 296.54, 90, 84, 17909964
0.47, 26.37, 11.38, 300.12, 90, 84, 17921784
0.47, 25.39, 12.14, 308.18, 90, 84, 17933616
0.47, 26.04, 11.44, 297.82, 90, 84, 17945432
0.48, 27.34, 10.63, 290.58, 90, 84, 17957252
0.47, 25.39, 11.36, 288.32, 90, 84, 17969084
0.47, 25.07, 11.03, 276.51, 90, 84, 17980900
0.47, 26.04, 11.73, 305.54, 90, 84, 17992728
0.47, 26.04, 11.68, 304.14, 90, 84, 18004548
0.47, 25.39, 11.14, 282.84, 90, 84, 18016380
0.48, 26.04, 10.49, 273.23, 90, 84, 18028192
0.48, 26.04, 11.03, 287.28, 90, 84, 18040024
0.48, 26.04, 11.73, 305.54, 90, 84, 18051840
0.48, 25.39, 11.17, 283.52, 90, 84, 18063684
0.48, 25.72, 10.98, 282.30, 90, 85, 18075488
0.48, 26.04, 11.38, 296.41, 90, 84, 18087312
0.48, 26.04, 11.65, 303.44, 90, 84, 18099140
0.48, 26.69, 11.68, 311.74, 91, 84, 18110956
0.48, 26.37, 10.71, 282.34, 91, 84, 18122788
0.48, 26.37, 11.22, 295.85, 91, 84, 18134608
0.49, 26.04, 11.30, 294.31, 91, 84, 18146444
0.48, 26.69, 12.87, 343.42, 91, 84, 18158256
0.48, 26.37, 10.98, 289.45, 91, 84, 18170088
0.48, 25.72, 10.98, 282.30, 91, 84, 18181908
0.48, 26.37, 12.60, 332.12, 91, 84, 18193732
0.48, 26.69, 11.30, 301.66, 91, 84, 18205568
0.48, 26.69, 11.49, 306.70, 91, 84, 18217380
0.48, 26.04, 11.54, 300.63, 91, 84, 18229204
0.48, 26.37, 11.49, 302.96, 91, 84, 18241024
0.48, 27.02, 11.92, 322.10, 91, 84, 18252856
0.49, 27.02, 11.63, 314.09, 91, 84, 18264676
0.48, 26.37, 10.95, 288.74, 91, 84, 18276504
0.49, 26.69, 11.44, 305.26, 91, 84, 18288324
0.49, 27.02, 11.49, 310.44, 91, 84, 18300152
0.49, 26.37, 11.52, 303.67, 92, 84, 18311972
0.49, 26.69, 11.17, 298.06, 92, 84, 18323808
0.49, 25.72, 10.76, 276.75, 92, 85, 18335616
0.48, 27.02, 11.36, 306.80, 92, 84, 18347440
0.48, 26.69, 10.90, 290.86, 92, 84, 18359272
0.48, 27.02, 11.30, 305.34, 92, 84, 18371088
0.49, 26.04, 11.22, 292.20, 92, 84, 18382924
0.49, 27.02, 11.60, 313.36, 92, 84, 18394744
0.49, 27.34, 10.73, 293.53, 92, 84, 18406572
0.49, 27.67, 11.36, 314.19, 92, 84, 18418388
0.49, 26.69, 11.41, 304.54, 92, 84, 18430224
0.49, 27.02, 11.81, 319.19, 92, 84, 18442040
0.49, 27.67, 11.79, 326.13, 92, 84, 18453868
0.49, 27.02, 10.55, 284.94, 92, 84, 18465720
0.49, 27.67, 11.11, 307.48, 92, 85, 18477516
0.50, 27.67, 11.33, 313.45, 92, 84, 18489352
0.49, 27.99, 11.57, 323.93, 92, 84, 18501168
0.49, 28.32, 11.11, 314.71, 93, 84, 18513000
0.49, 27.67, 11.06, 305.98, 93, 84, 18524820
0.50, 27.02, 10.84, 292.95, 93, 84, 18536652
0.50, 27.67, 10.76, 297.77, 93, 84, 18548468
0.50, 27.99, 10.79, 302.03, 93, 84, 18560300
0.50, 27.67, 10.63, 294.04, 93, 85, 18572112
0.49, 27.34, 11.84, 323.77, 93, 84, 18583956
0.49, 27.02, 11.03, 298.05, 93, 84, 18595768
0.49, 27.34, 10.60, 289.85, 93, 84, 18607588
0.50, 27.02, 11.33, 306.07, 93, 84, 18619420
0.49, 27.67, 11.49, 317.92, 93, 84, 18631232
0.50, 27.02, 11.19, 302.43, 93, 84, 18643064
0.50, 27.34, 11.38, 311.23, 93, 84, 18654884
0.50, 28.32, 11.25, 318.53, 93, 84, 18666716
0.50, 27.34, 11.44, 312.71, 93, 84, 18678532
0.49, 27.34, 12.30, 336.31, 93, 84, 18690360
0.49, 27.34, 11.41, 311.97, 93, 84, 18702180
0.49, 26.69, 11.54, 308.14, 94, 84, 18714000
0.50, 27.99, 11.57, 323.93, 94, 84, 18725852
0.50, 27.34, 10.76, 294.27, 94, 85, 18737652
0.50, 27.67, 10.63, 294.04, 94, 84, 18749480
0.49, 27.99, 11.65, 326.19, 94, 84, 18761296
0.50, 27.99, 10.92, 305.81, 94, 84, 18773128
0.50, 28.65, 11.87, 339.96, 94, 84, 18784944
0.50, 27.67, 10.65, 294.79, 94, 84, 18796772
0.50, 28.65, 11.41, 326.83, 94, 84, 18808588
0.50, 28.65, 10.44, 299.01, 94, 84, 18820416
0.50, 28.32, 11.06, 313.18, 94, 84, 18832240
0.50, 27.99, 10.68, 299.01, 94, 84, 18844076
0.50, 27.99, 10.63, 297.50, 94, 84, 18855892
0.50, 28.32, 11.03, 312.42, 94, 84, 18867708
0.50, 28.32, 10.47, 296.38, 94, 84, 18879540
0.50, 28.32, 11.49, 325.40, 94, 84, 18891356
0.51, 27.67, 11.33, 313.45, 94, 84, 18903184
0.51, 27.99, 11.44, 320.15, 95, 84, 18915004
0.50, 28.32, 11.54, 326.93, 95, 84, 18926836
0.50, 28.65, 11.09, 317.56, 95, 84, 18938656
0.51, 27.99, 11.11, 311.09, 95, 84, 18950484
0.51, 27.99, 10.92, 305.81, 95, 84, 18962308
0.51, 28.32, 10.73, 304.02, 95, 84, 18974132
0.51, 29.30, 11.44, 335.05, 95, 84, 18985984
0.51, 28.65, 11.19, 320.65, 95, 85, 18997780
0.51, 29.30, 11.33, 331.88, 95, 84, 19009612
0.51, 29.30, 11.33, 331.88, 95, 84, 19021428
0.51, 28.65, 10.60, 303.65, 95, 84, 19033260
0.50, 29.30, 11.49, 336.63, 95, 84, 19045076
0.51, 28.65, 11.22, 321.42, 95, 84, 19056912
0.51, 28.32, 10.79, 305.54, 95, 84, 19068728
0.51, 28.65, 11.25, 322.19, 95, 84, 19080556
0.51, 28.97, 11.25, 325.85, 95, 84, 19092380
0.51, 29.30, 11.03, 323.19, 95, 84, 19104204
0.50, 28.65, 10.90, 312.15, 96, 84, 19116036
0.51, 29.30, 11.11, 325.56, 96, 84, 19127856
0.50, 29.62, 11.30, 334.77, 96, 84, 19139688
0.51, 29.30, 10.44, 305.81, 96, 84, 19151508
0.51, 30.27, 11.95, 361.73, 96, 84, 19163336
0.51, 28.65, 11.27, 322.96, 96, 84, 19175156
0.51, 29.30, 11.30, 331.09, 96, 84, 19186984
0.51, 28.97, 11.19, 324.29, 96, 84, 19198808
0.51, 28.65, 10.52, 301.33, 96, 84, 19210632
0.51, 30.60, 11.49, 351.59, 96, 84, 19222464
0.51, 29.30, 11.09, 324.77, 96, 84, 19234284
0.51, 29.62, 11.19, 331.58, 96, 84, 19246140
0.52, 29.30, 11.63, 340.58, 96, 85, 19257936
0.52, 29.62, 10.52, 311.60, 96, 84, 19269768
0.51, 29.30, 11.44, 335.05, 96, 84, 19281588
0.51, 30.27, 11.84, 358.46, 96, 84, 19293420
0.51, 29.62, 10.71, 317.20, 96, 84, 19305240
0.52, 30.27, 10.63, 321.72, 97, 84, 19317064
0.52, 29.95, 10.90, 326.34, 97, 84, 19328892
0.51, 29.30, 11.22, 328.72, 97, 84, 19340716
0.51, 29.62, 11.19, 331.58, 97, 84, 19352544
0.51, 29.62, 11.30, 334.77, 97, 84, 19364364
0.51, 29.95, 11.49, 344.11, 97, 84, 19376200
0.52, 29.95, 11.19, 335.22, 97, 84, 19388012
0.52, 29.62, 10.79, 319.59, 97, 84, 19399844
0.52, 29.62, 10.76, 318.79, 97, 84, 19411660
0.52, 29.30, 11.52, 337.42, 97, 84, 19423492
0.51, 30.27, 11.30, 342.13, 97, 84, 19435312
0.52, 29.30, 10.36, 303.44, 97, 84, 19447136
0.51, 30.27, 10.87, 329.07, 97, 84, 19458964
0.52, 30.27, 11.38, 344.58, 97, 84, 19470792
0.52, 30.60, 11.52, 352.41, 97, 84, 19482616
0.52, 29.62, 11.19, 331.58, 97, 84, 19494436
0.52, 29.95, 10.92, 327.14, 97, 84, 19506264
0.52, 30.27, 11.09, 335.60, 98, 84, 19518084
0.52, 29.95, 10.63, 318.26, 98, 84, 19529916
0.52, 29.62, 11.33, 335.57, 98, 84, 19541732
0.52, 29.95, 11.25, 336.84, 98, 84, 19553560
0.52, 30.27, 10.90, 329.88, 98, 84, 19565380
0.52, 30.60, 11.19, 342.51, 98, 84, 19577204
0.52, 29.95, 10.63, 318.26, 98, 84, 19589028
0.52, 31.58, 10.57, 333.85, 98, 84, 19600852
0.52, 30.92, 11.98, 370.34, 98, 84, 19612684
0.52, 31.25, 10.90, 340.52, 98, 84, 19624504
0.53, 30.92, 11.19, 346.15, 98, 84, 19636336
0.53, 31.25, 11.06, 345.58, 98, 84, 19648152
0.53, 31.25, 11.17, 348.95, 98, 84, 19659980
0.52, 31.58, 11.14, 351.74, 98, 84, 19671796
0.52, 30.27, 10.57, 320.08, 98, 84, 19683632
0.52, 30.27, 10.98, 332.33, 98, 85, 19695448
0.52, 30.92, 11.17, 345.32, 98, 84, 19707272
0.52, 31.25, 11.06, 345.58, 99, 84, 19719104
0.52, 30.27, 11.49, 347.85, 99, 84, 19730920
0.53, 30.92, 10.76, 332.81, 99, 84, 19742748
0.53, 30.60, 10.79, 330.13, 99, 84, 19754568
0.53, 31.90, 10.82, 345.04, 99, 84, 19766396
0.53, 30.60, 10.28, 314.45, 99, 84, 19778216
0.53, 31.58, 11.41, 360.25, 99, 84, 19790044
0.53, 31.25, 11.33, 354.01, 99, 84, 19801864
0.52, 30.92, 10.52, 325.30, 99, 84, 19813692
0.53, 31.25, 11.73, 366.65, 99, 84, 19825512
0.53, 32.23, 11.68, 376.37, 99, 84, 19837340
0.53, 30.27, 10.79, 326.62, 99, 84, 19849168
0.53, 32.23, 11.71, 377.24, 99, 84, 19860992
0.53, 31.25, 10.73, 335.47, 99, 84, 19872820
0.53, 31.25, 11.33, 354.01, 99, 84, 19884644
0.53, 30.92, 10.84, 335.31, 99, 84, 19896476
0.53, 30.27, 10.52, 318.45, 99, 84, 19908292
0.52, 30.92, 10.60, 327.80, 100, 84, 19920124
0.53, 31.25, 11.36, 354.85, 100, 84, 19931936
0.53, 30.92, 11.68, 361.17, 100, 84, 19943764
0.53, 31.25, 10.87, 339.68, 100, 84, 19955584
0.53, 33.53, 11.44, 383.44, 100, 84, 19967408
0.53, 31.25, 11.44, 357.38, 100, 84, 19979244
0.53, 31.58, 10.95, 345.77, 100, 84, 19991056
0.54, 31.58, 11.46, 361.96, 100, 84, 20002888
0.54, 31.90, 10.47, 333.85, 100, 84, 20014704
0.54, 32.55, 11.68, 380.17, 100, 84, 20026536
0.54, 32.55, 10.84, 352.96, 100, 84, 20038352
0.54, 31.25, 10.60, 331.25, 100, 84, 20050184
0.54, 31.90, 11.54, 368.27, 100, 84, 20062000
0.54, 31.58, 11.38, 359.40, 100, 84, 20073828
0.54, 32.55, 11.54, 375.78, 100, 84, 20085652
0.54, 31.58, 10.71, 338.11, 100, 85, 20097476
0.54, 32.88, 10.92, 359.15, 100, 84, 20109304
0.55, 32.55, 10.90, 354.71, 100, 84, 20121120
0.55, 32.23, 11.06, 356.38, 100, 84, 20132952
0.54, 31.90, 10.65, 339.87, 100, 84, 20144772
0.54, 31.25, 11.03, 344.74, 100, 84, 20156600
0.54, 31.90, 11.14, 355.36, 100, 84, 20168420
0.54, 33.20, 11.27, 374.34, 100, 84, 20180248
0.54, 31.90, 11.11, 354.50, 100, 84, 20192064
0.54, 31.58, 11.41, 360.25, 100, 84, 20203892
0.54, 33.20, 11.89, 394.94, 100, 84, 20215712
0.54, 31.58, 11.36, 358.55, 100, 84, 20227536
0.54, 31.90, 11.17, 356.22, 100, 84, 20239368
0.54, 31.58, 11.14, 351.74, 100, 84, 20251184
0.54, 32.23, 10.71, 345.08, 100, 84, 20263016
0.54, 32.23, 11.17, 359.86, 100, 84, 20274836
0.54, 32.23, 11.19, 360.73, 100, 84, 20286664
0.54, 31.58, 10.84, 342.37, 100, 84, 20298480
0.54, 31.58, 10.49, 331.30, 100, 84, 20310312
0.54, 32.55, 10.87, 353.83, 100, 84, 20322128
0.55, 32.88, 11.63, 382.20, 100, 84, 20333952
0.54, 32.23, 11.27, 363.33, 100, 84, 20345784
0.53, 32.55, 10.28, 334.52, 100, 84, 20357600
0.54, 32.55, 10.87, 353.83, 100, 84, 20369436
0.54, 31.90, 10.84, 345.90, 100, 84, 20381256
0.54, 31.90, 10.90, 347.62, 100, 84, 20393084
0.55, 32.55, 12.14, 395.10, 100, 84, 20404904
0.54, 32.55, 10.57, 344.18, 100, 84, 20416736
0.54, 32.55, 11.52, 374.91, 100, 84, 20428556
0.53, 32.23, 10.44, 336.39, 100, 84, 20440384
0.54, 31.25, 10.76, 336.31, 100, 84, 20452204
0.54, 31.90, 10.79, 344.18, 100, 84, 20464044
0.54, 32.55, 11.79, 383.69, 100, 84, 20475856
0.54, 32.55, 11.06, 359.98, 100, 84, 20487672
0.54, 31.58, 10.98, 346.63, 100, 84, 20499504
0.54, 32.23, 10.41, 335.52, 100, 84, 20511324
0.54, 31.58, 10.41, 328.74, 100, 84, 20523156
0.54, 32.23, 10.41, 335.52, 100, 84, 20534972
0.54, 33.85, 11.68, 395.38, 100, 84, 20546808
0.55, 33.53, 11.41, 382.54, 100, 84, 20558628
0.54, 33.20, 11.22, 372.55, 100, 84, 20570452
0.54, 32.88, 11.25, 369.79, 100, 84, 20582276
0.54, 32.55, 10.68, 347.69, 100, 84, 20594104
0.54, 32.55, 11.03, 359.10, 100, 84, 20605932
0.54, 31.25, 10.76, 336.31, 100, 85, 20617752
0.54, 31.58, 10.71, 338.11, 100, 84, 20629580
0.54, 32.88, 11.00, 361.81, 100, 84, 20641396
0.54, 32.55, 11.49, 374.03, 100, 84, 20653232
0.54, 31.58, 11.00, 347.48, 100, 84, 20665048
0.54, 31.90, 10.84, 345.90, 100, 84, 20676880
0.54, 32.23, 11.79, 379.85, 100, 84, 20688692
0.54, 32.55, 10.71, 348.57, 100, 84, 20700520
0.54, 32.88, 11.11, 365.35, 100, 84, 20712340
0.54, 33.20, 10.76, 357.33, 100, 84, 20724180
0.54, 31.90, 10.79, 344.18, 100, 84, 20736000
0.54, 32.55, 11.00, 358.22, 100, 84, 20747820
0.54, 31.25, 10.92, 341.37, 100, 84, 20759652
0.54, 31.58, 10.09, 318.52, 100, 84, 20771472
0.54, 32.88, 11.60, 381.32, 100, 84, 20783300
0.54, 33.20, 11.14, 369.87, 100, 84, 20795120
0.54, 32.55, 11.54, 375.78, 100, 84, 20806952
0.53, 33.53, 11.52, 386.15, 100, 84, 20818768
0.54, 33.20, 10.87, 360.91, 100, 84, 20830592
0.54, 32.55, 10.95, 356.47, 100, 84, 20842412
0.53, 32.23, 10.30, 332.04, 100, 84, 20854240
0.53, 32.23, 11.57, 372.90, 100, 84, 20866068
0.54, 32.23, 10.71, 345.08, 100, 84, 20877888
0.54, 32.23, 10.82, 348.56, 100, 84, 20889716
0.54, 31.58, 10.90, 344.07, 100, 84, 20901532
0.54, 31.58, 10.71, 338.11, 100, 84, 20913364
0.54, 35.81, 13.54, 484.83, 0, 84, 20925200
0.54, 28.32, 12.62, 357.49, 0, 84, 20937012
0.50, 25.72, 11.00, 283.00, 0, 84, 20948832
0.37, 23.44, 12.35, 289.53, 0, 84, 20960656
0.25, 21.48, 12.00, 257.87, 0, 84, 20972484
0.15, 18.55, 12.35, 229.21, 0, 84, 20984316
0.09, 16.93, 12.30, 208.19, 0, 84, 20996132
0.05, 15.30, 12.22, 186.94, 0, 84, 21007952
0.03, 13.67, 12.27, 167.79, 0, 84, 21019780
0.01, 12.37, 12.30, 152.14, 0, 84, 21031596
0.01, 11.07, 12.25, 135.53, 0, 84, 21043428
0.00, 9.11, 12.27, 111.86, 0, 84, 21067072
