0.00, 0.33, 12.33, 4.01, 7, 84, 1379232
0.00, 0.33, 12.33, 4.01, 7, 84, 1391040
0.00, 0.33, 12.30, 4.00, 7, 84, 1402876
0.00, 0.33, 12.30, 4.00, 7, 84, 1414696
0.00, 0.33, 12.33, 4.01, 8, 84, 1426532
0.00, 0.33, 12.35, 4.02, 8, 84, 1438356
0.00, 0.33, 12.33, 4.01, 8, 84, 1450192
0.00, 0.33, 12.30, 4.00, 8, 84, 1462012
0.00, 0.33, 12.33, 4.01, 8, 84, 1473848
0.00, 0.33, 12.33, 4.01, 8, 84, 1485668
0.01, 0.33, 12.33, 4.01, 8, 84, 1497496
0.01, 0.33, 12.33, 4.01, 8, 84, 1509332
0.01, 0.33, 12.33, 4.01, 8, 84, 1521152
0.01, 0.33, 12.33, 4.01, 8, 84, 1532984
0.01, 0.33, 12.33, 4.01, 8, 84, 1544808
0.01, 0.33, 12.30, 4.00, 8, 84, 1556640
0.01, 0.33, 12.33, 4.01, 8, 84, 1568464
0.01, 0.33, 12.33, 4.01, 8, 84, 1580296
0.01, 0.33, 12.33, 4.01, 8, 84, 1592120
0.01, 0.33, 12.33, 4.01, 8, 84, 1603948
0.01, 0.33, 12.30, 4.00, 8, 84, 1615780
0.01, 0.33, 12.33, 4.01, 9, 84, 1627608
0.01, 0.33, 12.33, 4.01, 9, 84, 1639444
0.01, 0.33, 12.33, 4.01, 9, 84, 1651264
0.01, 0.33, 12.33, 4.01, 9, 84, 1663104
0.01, 0.33, 12.30, 4.00, 9, 84, 1674928
0.01, 0.33, 12.33, 4.01, 9, 84, 1686760
0.01, 0.33, 12.30, 4.00, 9, 84, 1698588
0.01, 0.33, 12.33, 4.01, 9, 84, 1710408
0.02, 0.33, 12.33, 4.01, 9, 84, 1722236
0.01, 0.33, 12.33, 4.01, 9, 84, 1734068
0.01, 0.33, 12.33, 4.01, 9, 84, 1745900
0.01, 0.33, 12.33, 4.01, 9, 84, 1757724
0.02, 0.33, 12.33, 4.01, 9, 84, 1769552
0.02, 0.33, 12.33, 4.01, 9, 84, 1781376
0.02, 0.33, 12.33, 4.01, 9, 84, 1793208
0.02, 0.33, 12.33, 4.01, 9, 84, 1805032
0.02, 0.33, 12.33, 4.01, 9, 84, 1816864
0.02, 0.33, 12.33, 4.01, 10, 84, 1828688
0.02, 0.33, 12.33, 4.01, 10, 84, 1840516
0.02, 0.33, 12.30, 4.00, 10, 84, 1852348
0.02, 0.33, 12.30, 4.00, 10, 84, 1864172
0.02, 0.33, 12.33, 4.01, 10, 84, 1876008
0.02, 0.33, 12.30, 4.00, 10, 84, 1887828
0.02, 0.33, 12.33, 4.01, 10, 84, 1899660
0.02, 0.33, 12.33, 4.01, 10, 84, 1911484
0.02, 0.33, 12.33, 4.01, 10, 84, 1923316
0.02, 0.33, 12.30, 4.00, 10, 84, 1935140
0.02, 0.33, 12.30, 4.00, 10, 84, 1946968
0.02, 0.33, 12.33, 4.01, 10, 84, 1958796
0.02, 0.33, 12.30, 4.00, 10, 84, 1970624
0.02, 0.33, 12.33, 4.01, 10, 84, 1982460
0.02, 0.33, 12.30, 4.00, 10, 84, 1994284
0.03, 0.33, 12.33, 4.01, 10, 84, 2006116
0.03, 0.33, 12.30, 4.00, 10, 84, 2017956
0.02, 0.33, 12.33, 4.01, 11, 85, 2029772
0.03, 0.33, 12.30, 4.00, 11, 84, 2041596
0.03, 0.33, 12.30, 4.00, 11, 84, 2053432
0.03, 0.33, 12.33, 4.01, 11, 84, 2065252
0.03, 0.33, 12.33, 4.01, 11, 84, 2077080
0.03, 0.33, 12.30, 4.00, 11, 84, 2088912
0.03, 0.33, 12.33, 4.01, 11, 84, 2100736
0.03, 0.33, 12.33, 4.01, 11, 84, 2112568
0.03, 0.33, 12.33, 4.01, 11, 84, 2124392
0.03, 0.33, 12.33, 4.01, 11, 84, 2136224
0.03, 0.65, 12.30, 8.01, 11, 84, 2148052
0.03, 0.33, 12.30, 4.00, 11, 84, 2159884
0.03, 0.33, 12.33, 4.01, 11, 84, 2171704
0.03, 0.33, 12.33, 4.01, 11, 84, 2183532
0.03, 0.33, 12.33, 4.01, 11, 84, 2195360
0.03, 0.33, 12.33, 4.01, 11, 84, 2207188
0.03, 0.33, 12.30, 4.00, 11, 84, 2219028
0.03, 0.33, 12.33, 4.01, 12, 85, 2230848
0.03, 0.33, 12.33, 4.01, 12, 84, 2242688
0.03, 0.33, 12.33, 4.01, 12, 84, 2254508
0.03, 0.33, 12.30, 4.00, 12, 84, 2266348
0.03, 0.33, 12.33, 4.01, 12, 84, 2278184
0.03, 0.33, 12.33, 4.01, 12, 84, 2289996
0.03, 0.33, 12.30, 4.00, 12, 84, 2301828
0.03, 0.33, 12.30, 4.00, 12, 84, 2313656
0.03, 0.33, 12.33, 4.01, 12, 84, 2325492
0.04, 0.33, 12.30, 4.00, 12, 84, 2337316
0.03, 0.33, 12.33, 4.01, 12, 84, 2349152
0.03, 0.33, 12.25, 3.99, 12, 84, 2360976
0.04, 0.33, 12.30, 4.00, 12, 84, 2372812
0.04, 0.65, 12.33, 8.02, 12, 84, 2384636
0.04, 0.33, 12.30, 4.00, 12, 84, 2396472
0.04, 0.33, 12.33, 4.01, 12, 84, 2408296
0.04, 0.33, 12.33, 4.01, 12, 84, 2420120
0.04, 0.65, 12.30, 8.01, 13, 84, 2431956
0.04, 0.33, 12.30, 4.00, 13, 84, 2443776
0.04, 0.33, 12.30, 4.00, 13, 84, 2455612
0.04, 0.65, 12.30, 8.01, 13, 84, 2467432
0.04, 0.33, 12.30, 4.00, 13, 84, 2479288
0.04, 0.33, 12.30, 4.00, 13, 84, 2491088
0.04, 0.65, 12.33, 8.02, 13, 84, 2502924
0.04, 0.65, 12.30, 8.01, 13, 84, 2514748
0.04, 0.33, 12.33, 4.01, 13, 84, 2526576
0.04, 0.33, 12.33, 4.01, 13, 84, 2538404
0.04, 0.65, 12.33, 8.02, 13, 84, 2550228
0.04, 0.33, 12.33, 4.01, 13, 84, 2562068
0.04, 0.33, 12.30, 4.00, 13, 84, 2573888
0.04, 0.65, 12.30, 8.01, 13, 84, 2585728
0.04, 0.65, 12.33, 8.02, 13, 84, 2597552
0.04, 0.65, 12.30, 8.01, 13, 84, 2609384
0.04, 0.33, 12.30, 4.00, 13, 84, 2621212
0.04, 0.65, 12.30, 8.01, 14, 84, 2633036
0.04, 0.33, 12.30, 4.00, 14, 84, 2644868
0.04, 0.33, 12.33, 4.01, 14, 84, 2656696
0.04, 0.65, 12.33, 8.02, 14, 84, 2668536
0.04, 0.65, 12.30, 8.01, 14, 84, 2680356
0.04, 0.65, 12.33, 8.02, 14, 84, 2692188
0.04, 0.65, 12.30, 8.01, 14, 84, 2704012
0.05, 0.65, 12.30, 8.01, 14, 84, 2715848
0.04, 0.65, 12.33, 8.02, 14, 84, 2727676
0.04, 0.65, 12.33, 8.02, 14, 84, 2739532
0.05, 0.65, 12.30, 8.01, 14, 85, 2751336
0.04, 0.65, 12.33, 8.02, 14, 84, 2763164
0.05, 0.65, 12.30, 8.01, 14, 84, 2774996
0.05, 0.65, 12.30, 8.01, 14, 84, 2786820
0.05, 0.65, 12.33, 8.02, 14, 84, 2798656
0.05, 0.65, 12.30, 8.01, 14, 84, 2810476
0.05, 0.33, 12.30, 4.00, 14, 84, 2822312
0.05, 0.65, 12.33, 8.02, 15, 84, 2834136
0.05, 0.65, 12.30, 8.01, 15, 84, 2845972
0.05, 0.33, 12.33, 4.01, 15, 84, 2857792
0.05, 0.65, 12.33, 8.02, 15, 84, 2869624
0.05, 0.65, 12.30, 8.01, 15, 84, 2881452
0.05, 0.65, 12.30, 8.01, 15, 84, 2893284
0.05, 0.65, 12.33, 8.02, 15, 84, 2905120
0.05, 0.65, 12.30, 8.01, 15, 84, 2916944
0.05, 0.65, 12.30, 8.01, 15, 84, 2928776
0.05, 0.65, 12.33, 8.02, 15, 84, 2940604
0.05, 0.65, 12.30, 8.01, 15, 84, 2952436
0.05, 0.65, 12.30, 8.01, 15, 84, 2964260
0.05, 0.65, 12.33, 8.02, 15, 84, 2976088
0.05, 0.65, 12.25, 7.97, 15, 84, 2987912
0.05, 0.65, 12.30, 8.01, 15, 84, 2999740
0.05, 0.65, 12.30, 8.01, 15, 84, 3011576
0.05, 0.65, 12.33, 8.02, 15, 84, 3023396
0.05, 0.65, 12.30, 8.01, 16, 84, 3035232
0.05, 0.65, 12.30, 8.01, 16, 84, 3047056
0.05, 0.65, 12.33, 8.02, 16, 84, 3058892
0.05, 0.65, 12.30, 8.01, 16, 84, 3070716
0.05, 0.65, 12.33, 8.02, 16, 84, 3082552
0.06, 0.65, 12.30, 8.01, 16, 84, 3094372
0.05, 0.65, 12.30, 8.01, 16, 84, 3106200
0.05, 0.65, 12.30, 8.01, 16, 84, 3118040
0.06, 0.65, 12.30, 8.01, 16, 84, 3129864
0.05, 0.65, 12.30, 8.01, 16, 84, 3141700
0.06, 0.65, 12.30, 8.01, 16, 84, 3153520
0.06, 0.65, 12.30, 8.01, 16, 84, 3165356
0.06, 0.65, 12.30, 8.01, 16, 84, 3177180
0.06, 0.65, 12.30, 8.01, 16, 84, 3189016
0.06, 0.65, 12.30, 8.01, 16, 84, 3200844
0.06, 0.65, 12.33, 8.02, 16, 84, 3212672
0.06, 0.65, 12.30, 8.01, 16, 84, 3224508
0.06, 0.65, 12.33, 8.02, 17, 84, 3236332
0.06, 0.65, 12.30, 8.01, 17, 84, 3248164
0.06, 0.65, 12.30, 8.01, 17, 84, 3259984
0.06, 0.65, 12.30, 8.01, 17, 84, 3271820
0.06, 0.65, 12.30, 8.01, 17, 84, 3283640
0.06, 0.65, 12.33, 8.02, 17, 84, 3295484
0.06, 0.65, 12.30, 8.01, 17, 84, 3307304
0.06, 0.65, 12.30, 8.01, 17, 84, 3319132
0.06, 0.65, 12.33, 8.02, 17, 84, 3330964
0.06, 0.65, 12.30, 8.01, 17, 84, 3342792
0.06, 0.65, 12.30, 8.01, 17, 84, 3354628
0.06, 0.65, 12.30, 8.01, 17, 84, 3366452
0.06, 0.65, 12.33, 8.02, 17, 84, 3378304
0.06, 0.65, 12.33, 8.02, 17, 85, 3390112
0.06, 0.65, 12.30, 8.01, 17, 84, 3401948
0.06, 0.65, 12.30, 8.01, 17, 84, 3413772
0.06, 0.65, 12.30, 8.01, 17, 84, 3425608
0.06, 0.65, 12.30, 8.01, 18, 84, 3437432
0.06, 0.65, 12.30, 8.01, 18, 84, 3449260
0.06, 0.65, 12.30, 8.01, 18, 84, 3461100
0.06, 0.65, 12.30, 8.01, 18, 84, 3472920
0.06, 0.65, 12.30, 8.01, 18, 84, 3484760
0.06, 0.65, 12.30, 8.01, 18, 84, 3496584
0.07, 0.65, 12.30, 8.01, 18, 84, 3508420
0.06, 0.65, 12.33, 8.02, 18, 84, 3520240
0.07, 0.65, 12.30, 8.01, 18, 84, 3532076
0.06, 0.65, 12.30, 8.01, 18, 84, 3543904
0.07, 0.65, 12.30, 8.01, 18, 84, 3555732
0.07, 0.65, 12.30, 8.01, 18, 84, 3567568
0.07, 0.65, 12.30, 8.01, 18, 84, 3579408
0.07, 0.65, 12.30, 8.01, 18, 84, 3591228
0.07, 0.65, 12.30, 8.01, 18, 84, 3603048
0.07, 0.65, 12.33, 8.02, 18, 84, 3614888
0.07, 0.65, 12.30, 8.01, 18, 84, 3626704
0.07, 0.65, 12.33, 8.02, 19, 84, 3638556
0.07, 0.65, 12.30, 8.01, 19, 84, 3650364
0.07, 0.65, 12.30, 8.01, 19, 84, 3662188
0.07, 0.65, 12.30, 8.01, 19, 84, 3674020
0.07, 0.65, 12.30, 8.01, 19, 84, 3685844
0.07, 0.65, 12.30, 8.01, 19, 84, 3697676
0.07, 0.65, 12.30, 8.01, 19, 84, 3709508
0.07, 0.65, 12.30, 8.01, 19, 84, 3721340
0.07, 0.65, 12.33, 8.02, 19, 84, 3733160
0.07, 0.65, 12.30, 8.01, 19, 84, 3744996
0.07, 0.65, 12.30, 8.01, 19, 84, 3756816
0.07, 0.65, 12.30, 8.01, 19, 84, 3768648
0.07, 0.65, 12.30, 8.01, 19, 84, 3780472
0.07, 0.65, 12.30, 8.01, 19, 84, 3792304
0.07, 0.65, 12.30, 8.01, 19, 84, 3804136
0.07, 0.65, 12.30, 8.01, 19, 84, 3815960
0.07, 0.65, 12.30, 8.01, 19, 84, 3827792
0.07, 0.65, 12.33, 8.02, 20, 84, 3839632
0.07, 0.65, 12.30, 8.01, 20, 84, 3851448
0.07, 0.65, 12.30, 8.01, 20, 84, 3863272
0.07, 0.65, 12.30, 8.01, 20, 84, 3875108
0.07, 0.65, 12.30, 8.01, 20, 84, 3886928
0.07, 0.65, 12.30, 8.01, 20, 84, 3898760
0.08, 0.65, 12.30, 8.01, 20, 84, 3910592
0.07, 0.65, 12.33, 8.02, 20, 84, 3922416
0.08, 0.65, 12.30, 8.01, 20, 84, 3934248
0.07, 0.65, 12.30, 8.01, 20, 84, 3946072
0.08, 0.65, 12.33, 8.02, 20, 84, 3957908
0.08, 0.65, 12.30, 8.01, 20, 84, 3969732
0.08, 0.65, 12.30, 8.01, 20, 84, 3981560
0.08, 0.65, 12.30, 8.01, 20, 84, 3993384
0.08, 0.65, 12.30, 8.01, 20, 84, 4005208
0.08, 0.65, 12.30, 8.01, 20, 84, 4017040
0.08, 0.65, 12.30, 8.01, 20, 84, 4028868
0.08, 0.65, 12.30, 8.01, 21, 84, 4040700
0.08, 0.65, 12.30, 8.01, 21, 84, 4052524
0.08, 0.98, 12.30, 12.01, 21, 84, 4064356
0.08, 0.65, 12.27, 7.99, 21, 84, 4076180
0.08, 0.65, 12.30, 8.01, 21, 84, 4088016
0.08, 0.65, 12.30, 8.01, 21, 84, 4099852
0.08, 0.65, 12.30, 8.01, 21, 84, 4111672
0.08, 0.65, 12.30, 8.01, 21, 84, 4123492
0.08, 0.98, 12.30, 12.01, 21, 84, 4135324
0.08, 0.98, 12.30, 12.01, 21, 84, 4147156
0.08, 0.65, 12.30, 8.01, 21, 84, 4158976
0.08, 0.65, 12.30, 8.01, 21, 84, 4170816
0.08, 0.98, 12.30, 12.01, 21, 84, 4182632
0.08, 0.98, 12.30, 12.01, 21, 84, 4194472
0.08, 0.65, 12.30, 8.01, 21, 84, 4206296
0.09, 0.65, 12.30, 8.01, 21, 84, 4218132
0.08, 0.98, 12.30, 12.01, 21, 84, 4229952
0.09, 0.98, 12.33, 12.04, 22, 84, 4241784
0.08, 0.65, 12.30, 8.01, 22, 84, 4253608
0.09, 0.98, 12.30, 12.01, 22, 84, 4265440
0.08, 0.98, 12.30, 12.01, 22, 84, 4277276
0.09, 0.65, 12.30, 8.01, 22, 84, 4289100
0.09, 0.98, 12.27, 11.98, 22, 84, 4300932
0.09, 0.98, 12.30, 12.01, 22, 84, 4312756
0.09, 0.98, 12.30, 12.01, 22, 84, 4324588
0.09, 0.98, 12.30, 12.01, 22, 84, 4336408
0.09, 0.98, 12.30, 12.01, 22, 84, 4348240
0.09, 0.98, 12.30, 12.01, 22, 84, 4360064
0.09, 0.98, 12.33, 12.04, 22, 84, 4371892
0.09, 0.98, 12.30, 12.01, 22, 84, 4383728
0.09, 0.98, 12.30, 12.01, 22, 84, 4395548
0.09, 0.65, 12.30, 8.01, 22, 84, 4407380
0.09, 0.98, 12.30, 12.01, 22, 84, 4419204
0.09, 0.98, 12.30, 12.01, 22, 84, 4431036
0.09, 0.98, 12.30, 12.01, 23, 84, 4442860
0.09, 0.98, 12.30, 12.01, 23, 84, 4454696
0.09, 0.98, 12.30, 12.01, 23, 84, 4466516
0.09, 0.98, 12.27, 11.98, 23, 84, 4478356
0.09, 0.98, 12.30, 12.01, 23, 84, 4490176
0.09, 0.98, 12.30, 12.01, 23, 84, 4502000
0.10, 0.98, 12.30, 12.01, 23, 84, 4513832
0.09, 0.98, 12.27, 11.98, 23, 84, 4525656
0.10, 0.98, 12.30, 12.01, 23, 84, 4537488
0.09, 0.98, 12.27, 11.98, 23, 84, 4549312
0.10, 0.98, 12.30, 12.01, 23, 84, 4561148
0.09, 0.98, 12.27, 11.98, 23, 84, 4572964
0.10, 0.98, 12.30, 12.01, 23, 84, 4584796
0.09, 0.98, 12.30, 12.01, 23, 84, 4596624
0.10, 0.98, 12.27, 11.98, 23, 84, 4608448
0.09, 0.98, 12.30, 12.01, 23, 84, 4620284
0.10, 0.98, 12.30, 12.01, 23, 84, 4632108
0.09, 0.98, 12.27, 11.98, 24, 84, 4643940
0.10, 0.98, 12.30, 12.01, 24, 84, 4655760
0.10, 0.98, 12.27, 11.98, 24, 84, 4667596
0.10, 0.98, 12.30, 12.01, 24, 84, 4679420
0.10, 0.98, 12.30, 12.01, 24, 84, 4691252
0.10, 0.98, 12.27, 11.98, 24, 84, 4703072
0.10, 0.98, 12.30, 12.01, 24, 84, 4714900
0.10, 0.98, 12.30, 12.01, 24, 84, 4726740
0.10, 0.98, 12.30, 12.01, 24, 84, 4738572
0.10, 0.98, 12.30, 12.01, 24, 85, 4750392
0.10, 0.98, 12.27, 11.98, 24, 84, 4762212
0.10, 0.98, 12.30, 12.01, 24, 84, 4774048
0.10, 0.98, 12.27, 11.98, 24, 84, 4785872
0.10, 0.98, 12.30, 12.01, 24, 84, 4797704
0.10, 0.98, 12.27, 11.98, 24, 84, 4809528
0.10, 0.98, 12.27, 11.98, 24, 84, 4821352
0.10, 0.98, 12.30, 12.01, 24, 84, 4833180
0.10, 0.98, 12.30, 12.01, 25, 84, 4845012
0.11, 0.98, 12.30, 12.01, 25, 84, 4856844
0.10, 0.98, 12.30, 12.01, 25, 84, 4868668
0.11, 0.98, 12.27, 11.98, 25, 84, 4880500
0.10, 0.98, 12.27, 11.98, 25, 84, 4892320
0.11, 0.98, 12.27, 11.98, 25, 84, 4904156
0.10, 0.98, 12.30, 12.01, 25, 84, 4915976
0.11, 0.98, 12.27, 11.98, 25, 84, 4927812
0.10, 0.98, 12.30, 12.01, 25, 84, 4939632
0.11, 0.98, 12.30, 12.01, 25, 84, 4951460
0.11, 0.98, 12.30, 12.01, 25, 84, 4963296
0.11, 0.98, 12.27, 11.98, 25, 84, 4975116
0.11, 0.98, 12.27, 11.98, 25, 84, 4986952
0.11, 0.98, 12.27, 11.98, 25, 84, 4998792
0.11, 0.98, 12.27, 11.98, 25, 85, 5010608
0.11, 0.98, 12.30, 12.01, 25, 84, 5022436
0.11, 0.98, 12.27, 11.98, 25, 84, 5034268
0.11, 0.98, 12.30, 12.01, 26, 84, 5046092
0.11, 0.98, 12.27, 11.98, 26, 84, 5057924
0.11, 0.98, 12.27, 11.98, 26, 84, 5069756
0.11, 0.98, 12.27, 11.98, 26, 84, 5081580
0.11, 0.98, 12.27, 11.98, 26, 84, 5093412
0.11, 0.98, 12.27, 11.98, 26, 84, 5105236
0.11, 0.98, 12.30, 12.01, 26, 84, 5117072
0.11, 0.98, 12.30, 12.01, 26, 84, 5128896
0.11, 0.98, 12.30, 12.01, 26, 84, 5140732
0.11, 0.98, 12.30, 12.01, 26, 84, 5152556
0.12, 0.98, 12.30, 12.01, 26, 84, 5164384
0.11, 0.98, 12.27, 11.98, 26, 84, 5176212
0.12, 0.98, 12.30, 12.01, 26, 84, 5188048
0.11, 0.98, 12.27, 11.98, 26, 84, 5199904
0.12, 0.98, 12.27, 11.98, 26, 85, 5211704
0.11, 0.98, 12.30, 12.01, 26, 84, 5223540
0.12, 0.98, 12.27, 11.98, 26, 84, 5235364
0.11, 0.98, 12.27, 11.98, 27, 84, 5247200
0.12, 0.98, 12.30, 12.01, 27, 84, 5259024
0.12, 0.98, 12.25, 11.96, 27, 84, 5270856
0.12, 0.98, 12.30, 12.01, 27, 84, 5282684
0.12, 0.98, 12.27, 11.98, 27, 84, 5294516
0.12, 0.98, 12.30, 12.01, 27, 84, 5306352
0.12, 0.98, 12.27, 11.98, 27, 84, 5318172
0.12, 1.30, 12.27, 15.98, 27, 84, 5330008
0.12, 0.98, 12.27, 11.98, 27, 84, 5341832
0.12, 0.98, 12.27, 11.98, 27, 84, 5353668
0.12, 1.30, 12.27, 15.98, 27, 84, 5365492
0.12, 0.98, 12.27, 11.98, 27, 84, 5377328
0.12, 0.98, 12.30, 12.01, 27, 84, 5389152
0.12, 0.98, 12.30, 12.01, 27, 84, 5400980
0.12, 1.30, 12.27, 15.98, 27, 84, 5412816
0.12, 0.98, 12.30, 12.01, 27, 84, 5424636
0.12, 0.98, 12.27, 11.98, 27, 84, 5436472
0.12, 1.30, 12.30, 16.01, 28, 84, 5448292
0.12, 1.30, 12.30, 16.01, 28, 84, 5460148
0.12, 0.98, 12.30, 12.01, 28, 84, 5471948
0.12, 1.30, 12.27, 15.98, 28, 84, 5483784
0.12, 1.30, 12.27, 15.98, 28, 84, 5495608
0.13, 1.30, 12.30, 16.01, 28, 84, 5507432
0.12, 1.30, 12.27, 15.98, 28, 84, 5519264
0.13, 1.30, 12.30, 16.01, 28, 84, 5531096
0.12, 1.30, 12.27, 15.98, 28, 84, 5542928
0.13, 1.30, 12.27, 15.98, 28, 84, 5554748
0.13, 1.30, 12.27, 15.98, 28, 84, 5566584
0.12, 0.98, 12.27, 11.98, 28, 84, 5578404
0.13, 1.30, 12.30, 16.01, 28, 84, 5590240
0.13, 1.30, 12.27, 15.98, 28, 84, 5602060
0.13, 1.30, 12.30, 16.01, 28, 84, 5613896
0.13, 1.30, 12.30, 16.01, 28, 84, 5625716
0.13, 1.30, 12.27, 15.98, 28, 84, 5637544
0.13, 1.30, 12.30, 16.01, 29, 84, 5649380
0.13, 1.30, 12.25, 15.94, 29, 84, 5661200
0.13, 1.30, 12.30, 16.01, 29, 84, 5673036
0.13, 1.30, 12.30, 16.01, 29, 84, 5684856
0.13, 1.30, 12.27, 15.98, 29, 84, 5696688
0.13, 1.30, 12.27, 15.98, 29, 84, 5708512
0.13, 1.30, 12.27, 15.98, 29, 84, 5720348
0.13, 1.30, 12.27, 15.98, 29, 84, 5732164
0.13, 1.30, 12.30, 16.01, 29, 84, 5743992
0.13, 1.30, 12.27, 15.98, 29, 84, 5755824
0.13, 1.30, 12.27, 15.98, 29, 84, 5767648
0.13, 1.30, 12.27, 15.98, 29, 84, 5779484
0.13, 1.30, 12.27, 15.98, 29, 84, 5791308
0.13, 1.30, 12.27, 15.98, 29, 84, 5803144
0.14, 1.30, 12.27, 15.98, 29, 84, 5814968
0.13, 1.30, 12.30, 16.01, 29, 84, 5826804
0.14, 1.30, 12.27, 15.98, 29, 84, 5838640
0.14, 1.30, 12.25, 15.94, 30, 84, 5850452
0.13, 1.30, 12.27, 15.98, 30, 84, 5862288
0.14, 1.30, 12.27, 15.98, 30, 84, 5874116
0.14, 1.30, 12.27, 15.98, 30, 84, 5885948
0.14, 1.30, 12.27, 15.98, 30, 84, 5897772
0.14, 1.30, 12.25, 15.94, 30, 84, 5909608
0.14, 1.30, 12.27, 15.98, 30, 84, 5921428
0.14, 1.30, 12.25, 15.94, 30, 84, 5933264
0.14, 1.30, 12.27, 15.98, 30, 84, 5945088
0.14, 1.30, 12.25, 15.94, 30, 84, 5956924
0.14, 1.30, 12.25, 15.94, 30, 84, 5968748
0.14, 1.30, 12.27, 15.98, 30, 84, 5980580
0.14, 1.30, 12.27, 15.98, 30, 84, 5992416
0.14, 1.30, 12.27, 15.98, 30, 84, 6004236
0.14, 1.30, 12.27, 15.98, 30, 84, 6016072
0.14, 1.30, 12.27, 15.98, 30, 84, 6027892
0.14, 1.30, 12.27, 15.98, 30, 84, 6039732
0.14, 1.30, 12.27, 15.98, 31, 84, 6051556
0.14, 1.30, 12.27, 15.98, 31, 84, 6063392
0.14, 1.30, 12.25, 15.94, 31, 84, 6075212
0.14, 1.30, 12.27, 15.98, 31, 84, 6087044
0.14, 1.30, 12.25, 15.94, 31, 84, 6098892
0.15, 1.30, 12.27, 15.98, 31, 85, 6110700
0.15, 1.30, 12.27, 15.98, 31, 84, 6122540
0.15, 1.30, 12.27, 15.98, 31, 84, 6134360
0.15, 1.30, 12.27, 15.98, 31, 84, 6146192
0.15, 1.30, 12.30, 16.01, 31, 84, 6158016
0.15, 1.30, 12.25, 15.94, 31, 84, 6169856
0.15, 1.30, 12.27, 15.98, 31, 84, 6181676
0.15, 1.30, 12.27, 15.98, 31, 84, 6193504
0.15, 1.30, 12.27, 15.98, 31, 84, 6205336
0.15, 1.30, 12.27, 15.98, 31, 84, 6217164
0.15, 1.30, 12.27, 15.98, 31, 84, 6229000
0.15, 1.30, 12.27, 15.98, 31, 84, 6240824
0.15, 1.30, 12.27, 15.98, 32, 84, 6252660
0.15, 1.30, 12.27, 15.98, 32, 84, 6264480
0.15, 1.30, 12.27, 15.98, 32, 84, 6276316
0.15, 1.30, 12.27, 15.98, 32, 84, 6288136
0.15, 1.63, 12.27, 19.97, 32, 84, 6299972
0.15, 1.63, 12.25, 19.93, 32, 85, 6311796
0.15, 1.30, 12.27, 15.98, 32, 84, 6323628
0.16, 1.63, 12.27, 19.97, 32, 84, 6335464
0.16, 1.63, 12.25, 19.93, 32, 84, 6347288
0.16, 1.30, 12.27, 15.98, 32, 84, 6359120
0.16, 1.63, 12.25, 19.93, 32, 84, 6370944
0.16, 1.63, 12.27, 19.97, 32, 84, 6382780
0.16, 1.63, 12.27, 19.97, 32, 84, 6394608
0.16, 1.30, 12.25, 15.94, 32, 84, 6406440
0.16, 1.63, 12.27, 19.97, 32, 84, 6418260
0.16, 1.63, 12.25, 19.93, 32, 84, 6430092
0.16, 1.63, 12.27, 19.97, 32, 84, 6441932
0.16, 1.63, 12.27, 19.97, 33, 84, 6453752
0.16, 1.63, 12.25, 19.93, 33, 84, 6465584
0.16, 1.63, 12.27, 19.97, 33, 84, 6477412
0.16, 1.63, 12.25, 19.93, 33, 84, 6489244
0.16, 1.63, 12.25, 19.93, 33, 84, 6501068
0.16, 1.63, 12.27, 19.97, 33, 84, 6512904
0.16, 1.63, 12.25, 19.93, 33, 84, 6524728
0.17, 1.63, 12.25, 19.93, 33, 84, 6536556
0.17, 1.63, 12.27, 19.97, 33, 84, 6548384
0.17, 1.63, 12.25, 19.93, 33, 84, 6560232
0.17, 1.63, 12.27, 19.97, 33, 84, 6572048
0.17, 1.63, 12.27, 19.97, 33, 84, 6583872
0.17, 1.63, 12.25, 19.93, 33, 84, 6595704
0.17, 1.63, 12.27, 19.97, 33, 84, 6607528
0.17, 1.63, 12.27, 19.97, 33, 84, 6619368
0.17, 1.63, 12.27, 19.97, 33, 84, 6631188
0.17, 1.63, 12.25, 19.93, 33, 84, 6643016
0.17, 1.63, 12.25, 19.93, 34, 84, 6654844
0.17, 1.63, 12.25, 19.93, 34, 84, 6666672
0.17, 1.63, 12.25, 19.93, 34, 84, 6678504
0.17, 1.63, 12.27, 19.97, 34, 84, 6690328
0.17, 1.63, 12.25, 19.93, 34, 84, 6702164
0.17, 1.63, 12.27, 19.97, 34, 84, 6713988
0.17, 1.63, 12.25, 19.93, 34, 84, 6725820
0.17, 1.63, 12.25, 19.93, 34, 84, 6737640
0.18, 1.63, 12.25, 19.93, 34, 84, 6749480
0.18, 1.63, 12.25, 19.93, 34, 84, 6761300
0.18, 1.63, 12.22, 19.89, 34, 84, 6773132
0.18, 1.63, 12.25, 19.93, 34, 84, 6784964
0.18, 1.63, 12.25, 19.93, 34, 84, 6796788
0.18, 1.63, 12.25, 19.93, 34, 84, 6808620
0.18, 1.63, 12.22, 19.89, 34, 84, 6820460
0.18, 1.63, 12.25, 19.93, 34, 84, 6832280
0.18, 1.63, 12.27, 19.97, 34, 84, 6844100
0.18, 1.63, 12.25, 19.93, 35, 84, 6855936
0.18, 1.63, 12.25, 19.93, 35, 84, 6867760
0.18, 1.63, 12.22, 19.89, 35, 84, 6879592
0.18, 1.63, 12.27, 19.97, 35, 84, 6891416
0.18, 1.63, 12.25, 19.93, 35, 84, 6903248
0.18, 1.63, 12.27, 19.97, 35, 84, 6915084
0.18, 1.63, 12.22, 19.89, 35, 84, 6926908
0.18, 1.63, 12.25, 19.93, 35, 84, 6938740
0.19, 1.95, 12.27, 23.97, 35, 84, 6950568
0.19, 1.63, 12.22, 19.89, 35, 84, 6962404
0.19, 1.63, 12.22, 19.89, 35, 84, 6974228
0.19, 1.95, 12.27, 23.97, 35, 84, 6986060
0.19, 1.63, 12.25, 19.93, 35, 84, 6997884
0.19, 1.63, 12.25, 19.93, 35, 84, 7009712
0.19, 1.63, 12.25, 19.93, 35, 84, 7021548
0.19, 1.95, 12.25, 23.92, 35, 84, 7033376
0.19, 1.63, 12.25, 19.93, 35, 84, 7045208
0.19, 1.63, 12.25, 19.93, 36, 84, 7057032
0.19, 1.95, 12.27, 23.97, 36, 84, 7068868
0.19, 1.95, 12.22, 23.86, 36, 84, 7080692
0.19, 1.95, 12.22, 23.86, 36, 84, 7092524
0.19, 1.95, 12.25, 23.92, 36, 84, 7104348
0.19, 1.95, 12.25, 23.92, 36, 84, 7116180
0.19, 1.95, 12.25, 23.92, 36, 84, 7128016
0.20, 1.95, 12.27, 23.97, 36, 84, 7139836
0.20, 1.95, 12.22, 23.86, 36, 84, 7151672
0.20, 1.95, 12.25, 23.92, 36, 84, 7163488
0.20, 1.95, 12.25, 23.92, 36, 84, 7175324
0.20, 1.95, 12.27, 23.97, 36, 84, 7187148
0.20, 1.95, 12.25, 23.92, 36, 84, 7199000
0.20, 1.95, 12.25, 23.92, 36, 85, 7210800
0.20, 1.95, 12.27, 23.97, 36, 84, 7222632
0.20, 1.95, 12.27, 23.97, 36, 84, 7234460
0.20, 1.95, 12.25, 23.92, 36, 84, 7246288
0.20, 1.95, 12.27, 23.97, 37, 84, 7258124
0.20, 1.95, 12.22, 23.86, 37, 84, 7269952
0.20, 1.95, 12.25, 23.92, 37, 84, 7281788
0.20, 1.95, 12.22, 23.86, 37, 84, 7293608
0.20, 1.95, 12.22, 23.86, 37, 84, 7305444
0.20, 1.95, 12.27, 23.97, 37, 84, 7317264
0.20, 1.95, 12.22, 23.86, 37, 84, 7329096
0.21, 1.95, 12.25, 23.92, 37, 84, 7340920
0.21, 1.95, 12.22, 23.86, 37, 84, 7352756
0.21, 1.95, 12.25, 23.92, 37, 84, 7364588
0.21, 1.95, 12.22, 23.86, 37, 84, 7376412
0.21, 1.95, 12.25, 23.92, 37, 84, 7388244
0.21, 1.95, 12.19, 23.81, 37, 84, 7400068
0.21, 1.95, 12.25, 23.92, 37, 84, 7411904
0.21, 1.95, 12.25, 23.92, 37, 84, 7423724
0.21, 1.95, 12.27, 23.97, 37, 84, 7435564
0.21, 1.95, 12.25, 23.92, 37, 84, 7447384
0.21, 1.95, 12.25, 23.92, 38, 84, 7459232
0.21, 1.95, 12.27, 23.97, 38, 84, 7471052
0.21, 2.28, 12.19, 27.78, 38, 84, 7482876
0.21, 1.95, 12.22, 23.86, 38, 84, 7494712
0.21, 1.95, 12.25, 23.92, 38, 84, 7506536
0.21, 2.28, 12.22, 27.84, 38, 84, 7518372
0.22, 2.28, 12.22, 27.84, 38, 84, 7530196
0.22, 1.95, 12.25, 23.92, 38, 84, 7542028
0.22, 2.28, 12.25, 27.90, 38, 84, 7553856
0.22, 2.28, 12.19, 27.78, 38, 84, 7565680
0.22, 2.28, 12.22, 27.84, 38, 84, 7577508
0.22, 2.28, 12.27, 27.96, 38, 84, 7589340
0.22, 2.28, 12.22, 27.84, 38, 84, 7601176
0.22, 2.28, 12.22, 27.84, 38, 84, 7612996
0.22, 2.28, 12.25, 27.90, 38, 84, 7624832
0.22, 2.28, 12.22, 27.84, 38, 84, 7636656
0.22, 2.28, 12.22, 27.84, 38, 84, 7648492
0.22, 2.28, 12.25, 27.90, 39, 84, 7660332
0.22, 2.28, 12.25, 27.90, 39, 84, 7672140
0.22, 2.28, 12.19, 27.78, 39, 84, 7683968
0.22, 2.28, 12.25, 27.90, 39, 84, 7695796
0.22, 2.28, 12.25, 27.90, 39, 84, 7707632
0.22, 2.28, 12.22, 27.84, 39, 84, 7719452
0.23, 2.28, 12.22, 27.84, 39, 84, 7731284
0.23, 2.28, 12.22, 27.84, 39, 84, 7743108
0.23, 2.28, 12.25, 27.90, 39, 84, 7754936
0.23, 2.28, 12.25, 27.90, 39, 84, 7766760
0.23, 2.28, 12.27, 27.96, 39, 84, 7778592
0.23, 2.28, 12.22, 27.84, 39, 85, 7790416
0.23, 2.28, 12.19, 27.78, 39, 84, 7802244
0.23, 2.28, 12.22, 27.84, 39, 84, 7814080
0.23, 2.28, 12.25, 27.90, 39, 84, 7825900
0.23, 2.28, 12.22, 27.84, 39, 84, 7837732
0.23, 2.28, 12.22, 27.84, 39, 84, 7849556
0.23, 2.28, 12.22, 27.84, 40, 84, 7861392
0.23, 2.28, 12.22, 27.84, 40, 84, 7873212
0.23, 2.28, 12.22, 27.84, 40, 84, 7885048
0.23, 2.28, 12.22, 27.84, 40, 84, 7896872
0.23, 2.28, 12.22, 27.84, 40, 84, 7908700
0.23, 2.28, 12.25, 27.90, 40, 84, 7920552
0.24, 2.28, 12.25, 27.90, 40, 85, 7932356
0.24, 2.28, 12.19, 27.78, 40, 84, 7944196
0.24, 2.28, 12.25, 27.90, 40, 84, 7956020
0.24, 2.28, 12.25, 27.90, 40, 84, 7967852
0.24, 2.28, 12.19, 27.78, 40, 84, 7979676
0.24, 2.28, 12.25, 27.90, 40, 84, 7991508
0.24, 2.28, 12.25, 27.90, 40, 84, 8003328
0.24, 2.28, 12.19, 27.78, 40, 84, 8015164
0.24, 2.28, 12.19, 27.78, 40, 84, 8026988
0.24, 2.28, 12.22, 27.84, 40, 84, 8038816
0.24, 2.28, 12.22, 27.84, 40, 84, 8050652
0.24, 2.60, 12.19, 31.75, 41, 84, 8062472
0.24, 2.28, 12.19, 27.78, 41, 84, 8074308
0.24, 2.60, 12.19, 31.75, 41, 84, 8086132
0.24, 2.60, 12.22, 31.82, 41, 84, 8097968
0.24, 2.60, 12.22, 31.82, 41, 84, 8109792
0.24, 2.60, 12.19, 31.75, 41, 84, 8121624
0.25, 2.60, 12.22, 31.82, 41, 84, 8133448
0.25, 2.60, 12.19, 31.75, 41, 84, 8145276
0.25, 2.60, 12.25, 31.89, 41, 84, 8157116
0.25, 2.60, 12.19, 31.75, 41, 84, 8168932
0.25, 2.60, 12.19, 31.75, 41, 84, 8180788
0.25, 2.60, 12.22, 31.82, 41, 85, 8192592
0.25, 2.60, 12.22, 31.82, 41, 84, 8204424
0.25, 2.60, 12.22, 31.82, 41, 84, 8216244
0.25, 2.60, 12.22, 31.82, 41, 84, 8228076
0.25, 2.60, 12.25, 31.89, 41, 84, 8239900
0.25, 2.60, 12.19, 31.75, 41, 84, 8251728
0.25, 2.60, 12.19, 31.75, 42, 84, 8263556
0.25, 2.60, 12.19, 31.75, 42, 84, 8275384
0.25, 2.60, 12.22, 31.82, 42, 84, 8287220
0.25, 2.60, 12.16, 31.68, 42, 84, 8299060
0.25, 2.60, 12.19, 31.75, 42, 84, 8310880
0.26, 2.60, 12.19, 31.75, 42, 84, 8322700
0.26, 2.60, 12.19, 31.75, 42, 84, 8334536
0.26, 2.60, 12.19, 31.75, 42, 84, 8346360
0.26, 2.60, 12.19, 31.75, 42, 84, 8358196
0.26, 2.60, 12.22, 31.82, 42, 84, 8370020
0.26, 2.60, 12.22, 31.82, 42, 84, 8381848
0.26, 2.60, 12.22, 31.82, 42, 84, 8393684
0.26, 2.60, 12.22, 31.82, 42, 84, 8405508
0.26, 2.60, 12.19, 31.75, 42, 84, 8417344
0.26, 2.60, 12.16, 31.68, 42, 84, 8429168
0.26, 2.60, 12.22, 31.82, 42, 84, 8441000
0.26, 2.60, 12.19, 31.75, 42, 84, 8452828
0.26, 2.60, 12.19, 31.75, 43, 84, 8464664
0.26, 2.60, 12.22, 31.82, 43, 84, 8476480
0.26, 2.60, 12.19, 31.75, 43, 84, 8488308
0.26, 2.60, 12.19, 31.75, 43, 84, 8500136
0.27, 2.93, 12.19, 35.72, 43, 84, 8511964
0.27, 2.93, 12.19, 35.72, 43, 84, 8523800
0.27, 2.93, 12.19, 35.72, 43, 84, 8535624
0.27, 2.93, 12.22, 35.80, 43, 84, 8547456
0.27, 2.60, 12.16, 31.68, 43, 84, 8559296
0.27, 2.93, 12.19, 35.72, 43, 84, 8571116
0.27, 2.93, 12.22, 35.80, 43, 84, 8582936
0.27, 2.93, 12.19, 35.72, 43, 84, 8594764
0.27, 2.93, 12.19, 35.72, 43, 84, 8606592
0.27, 2.93, 12.25, 35.88, 43, 84, 8618420
0.27, 2.93, 12.22, 35.80, 43, 84, 8630252
0.27, 2.93, 12.22, 35.80, 43, 84, 8642076
0.27, 2.93, 12.22, 35.80, 43, 84, 8653912
0.27, 2.93, 12.25, 35.88, 44, 84, 8665728
0.28, 2.93, 12.16, 35.64, 44, 84, 8677568
0.27, 2.93, 12.16, 35.64, 44, 84, 8689388
0.28, 2.93, 12.25, 35.88, 44, 84, 8701224
0.28, 2.93, 12.19, 35.72, 44, 84, 8713040
0.28, 2.93, 12.16, 35.64, 44, 84, 8724872
0.28, 2.93, 12.16, 35.64, 44, 84, 8736704
0.28, 2.93, 12.19, 35.72, 44, 84, 8748528
0.28, 2.93, 12.19, 35.72, 44, 84, 8760360
0.28, 2.93, 12.22, 35.80, 44, 84, 8772180
0.28, 2.93, 12.22, 35.80, 44, 84, 8784012
0.28, 2.93, 12.19, 35.72, 44, 84, 8795836
0.28, 2.93, 12.16, 35.64, 44, 84, 8807672
0.28, 2.93, 12.19, 35.72, 44, 84, 8819512
0.28, 2.93, 12.22, 35.80, 44, 84, 8831328
0.28, 2.93, 12.19, 35.72, 44, 84, 8843156
0.28, 2.93, 12.19, 35.72, 44, 84, 8854984
0.28, 2.93, 12.19, 35.72, 45, 84, 8866820
0.28, 2.93, 12.16, 35.64, 45, 84, 8878644
0.28, 2.93, 12.19, 35.72, 45, 84, 8890480
0.29, 3.26, 12.16, 39.60, 45, 84, 8902304
0.29, 3.26, 12.19, 39.69, 45, 84, 8914144
0.29, 2.93, 12.19, 35.72, 45, 84, 8925960
0.29, 3.26, 12.22, 39.77, 45, 84, 8937796
0.29, 3.26, 12.19, 39.69, 45, 84, 8949616
0.29, 3.26, 12.14, 39.51, 45, 84, 8961444
0.29, 3.26, 12.22, 39.77, 45, 84, 8973276
0.29, 3.26, 12.16, 39.60, 45, 84, 8985100
0.29, 3.26, 12.19, 39.69, 45, 84, 8996932
0.29, 3.26, 12.22, 39.77, 45, 84, 9008756
0.30, 3.26, 12.22, 39.77, 45, 84, 9020612
0.29, 3.26, 12.22, 39.77, 45, 85, 9032412
0.30, 3.26, 12.22, 39.77, 45, 84, 9044248
0.29, 3.26, 12.19, 39.69, 45, 84, 9056076
0.29, 3.26, 12.14, 39.51, 46, 84, 9067900
0.30, 3.26, 12.19, 39.69, 46, 84, 9079728
0.30, 3.26, 12.16, 39.60, 46, 85, 9091556
0.30, 3.26, 12.16, 39.60, 46, 84, 9103392
0.30, 3.26, 12.16, 39.60, 46, 84, 9115216
0.30, 3.26, 12.16, 39.60, 46, 84, 9127056
0.30, 3.26, 12.11, 39.42, 46, 84, 9138880
0.30, 3.26, 12.19, 39.69, 46, 84, 9150716
0.30, 3.26, 12.16, 39.60, 46, 84, 9162536
0.30, 3.26, 12.16, 39.60, 46, 84, 9174364
0.31, 3.26, 12.16, 39.60, 46, 84, 9186196
0.30, 3.26, 12.19, 39.69, 46, 84, 9198024
0.31, 3.26, 12.19, 39.69, 46, 84, 9209860
0.30, 3.26, 12.14, 39.51, 46, 84, 9221684
0.31, 3.26, 12.22, 39.77, 46, 84, 9233520
0.30, 3.26, 12.14, 39.51, 46, 84, 9245344
0.30, 3.26, 12.19, 39.69, 46, 84, 9257176
0.31, 3.26, 12.16, 39.60, 47, 84, 9269004
0.30, 3.26, 12.14, 39.51, 47, 84, 9280856
0.31, 3.26, 12.16, 39.60, 47, 85, 9292660
0.30, 3.26, 12.14, 39.51, 47, 84, 9304488
0.31, 3.58, 12.14, 43.46, 47, 84, 9316328
0.31, 3.58, 12.19, 43.65, 47, 84, 9328152
0.31, 3.26, 12.14, 39.51, 47, 84, 9339988
0.31, 3.58, 12.25, 43.85, 47, 84, 9351808
0.31, 3.58, 12.22, 43.75, 47, 84, 9363644
0.31, 3.26, 12.14, 39.51, 47, 84, 9375468
0.31, 3.58, 12.19, 43.65, 47, 84, 9387304
0.32, 3.58, 12.19, 43.65, 47, 84, 9399128
0.31, 3.58, 12.14, 43.46, 47, 84, 9410960
0.32, 3.58, 12.19, 43.65, 47, 84, 9422796
0.31, 3.58, 12.14, 43.46, 47, 84, 9434616
0.31, 3.58, 12.16, 43.56, 47, 84, 9446456
0.32, 3.26, 12.14, 39.51, 47, 84, 9458276
0.31, 3.58, 12.19, 43.65, 48, 84, 9470112
0.32, 3.58, 12.11, 43.36, 48, 84, 9481936
0.31, 3.58, 12.16, 43.56, 48, 84, 9493776
0.32, 3.58, 12.14, 43.46, 48, 84, 9505592
0.32, 3.58, 12.19, 43.65, 48, 84, 9517424
0.32, 3.58, 12.14, 43.46, 48, 84, 9529256
0.32, 3.58, 12.19, 43.65, 48, 84, 9541100
0.32, 3.58, 12.16, 43.56, 48, 84, 9552920
0.33, 3.58, 12.16, 43.56, 48, 84, 9564744
0.32, 3.58, 12.14, 43.46, 48, 84, 9576576
0.33, 3.58, 12.16, 43.56, 48, 84, 9588396
0.32, 3.58, 12.16, 43.56, 48, 84, 9600228
0.33, 3.58, 12.14, 43.46, 48, 84, 9612052
0.32, 3.58, 12.16, 43.56, 48, 84, 9623884
0.33, 3.58, 12.14, 43.46, 48, 84, 9635708
0.32, 3.58, 12.16, 43.56, 48, 84, 9647536
0.33, 3.58, 12.16, 43.56, 48, 84, 9659384
0.33, 3.58, 12.16, 43.56, 49, 85, 9671188
0.33, 3.58, 12.14, 43.46, 49, 84, 9683024
0.33, 3.58, 12.22, 43.75, 49, 84, 9694848
0.32, 3.58, 12.16, 43.56, 49, 84, 9706684
0.33, 3.58, 12.19, 43.65, 49, 84, 9718504
0.33, 3.91, 12.14, 47.41, 49, 84, 9730340
0.33, 3.91, 12.14, 47.41, 49, 84, 9742164
0.33, 3.91, 12.19, 47.62, 49, 84, 9753988
0.34, 3.91, 12.14, 47.41, 49, 84, 9765824
0.34, 3.91, 12.22, 47.73, 49, 84, 9777648
0.34, 3.91, 12.14, 47.41, 49, 84, 9789488
0.34, 3.91, 12.14, 47.41, 49, 84, 9801312
0.34, 3.91, 12.16, 47.52, 49, 84, 9813140
0.34, 3.58, 12.11, 43.36, 49, 84, 9824964
0.34, 3.91, 12.16, 47.52, 49, 84, 9836800
0.34, 3.91, 12.16, 47.52, 49, 84, 9848620
0.34, 3.58, 12.14, 43.46, 49, 84, 9860448
0.34, 3.58, 12.16, 43.56, 50, 84, 9872276
0.33, 3.91, 12.16, 47.52, 50, 84, 9884104
0.34, 3.91, 12.11, 47.31, 50, 84, 9895940
0.34, 3.91, 12.16, 47.52, 50, 84, 9907760
0.34, 3.91, 12.16, 47.52, 50, 84, 9919612
0.34, 3.91, 12.16, 47.52, 50, 84, 9931420
0.34, 3.91, 12.14, 47.41, 50, 84, 9943260
0.35, 3.91, 12.14, 47.41, 50, 84, 9955080
0.35, 3.91, 12.16, 47.52, 50, 84, 9966912
0.35, 3.91, 12.19, 47.62, 50, 84, 9978736
0.35, 3.91, 12.11, 47.31, 50, 84, 9990564
0.35, 3.91, 12.11, 47.31, 50, 84, 10002400
0.35, 3.91, 12.14, 47.41, 50, 84, 10014224
0.35, 3.91, 12.11, 47.31, 50, 84, 10026060
0.35, 3.91, 12.08, 47.20, 50, 84, 10037884
0.35, 3.91, 12.14, 47.41, 50, 84, 10049720
0.35, 3.91, 12.14, 47.41, 50, 84, 10061540
0.35, 3.91, 12.14, 47.41, 51, 84, 10073372
0.35, 3.91, 12.14, 47.41, 51, 84, 10085192
0.35, 3.91, 12.14, 47.41, 51, 84, 10097020
0.35, 3.91, 12.16, 47.52, 51, 84, 10108856
0.35, 4.23, 12.16, 51.48, 51, 84, 10120680
0.35, 3.91, 12.14, 47.41, 51, 84, 10132512
0.35, 4.23, 12.19, 51.59, 51, 84, 10144336
0.36, 3.91, 12.11, 47.31, 51, 84, 10156168
0.35, 4.23, 12.19, 51.59, 51, 84, 10167988
0.36, 3.91, 12.11, 47.31, 51, 84, 10179820
0.36, 3.91, 12.19, 47.62, 51, 84, 10191644
0.36, 3.91, 12.08, 47.20, 51, 84, 10203472
0.36, 4.23, 12.16, 51.48, 51, 84, 10215304
0.36, 4.23, 12.11, 51.25, 51, 84, 10227132
0.36, 4.23, 12.16, 51.48, 51, 84, 10238964
0.36, 4.23, 12.14, 51.36, 51, 84, 10250788
0.36, 4.23, 12.11, 51.25, 51, 84, 10262628
0.36, 4.23, 12.11, 51.25, 52, 84, 10274452
0.36, 4.23, 12.08, 51.13, 52, 84, 10286284
0.36, 4.23, 12.16, 51.48, 52, 84, 10298112
0.36, 4.23, 12.14, 51.36, 52, 84, 10309944
0.36, 4.23, 12.08, 51.13, 52, 84, 10321768
0.37, 4.23, 12.11, 51.25, 52, 84, 10333596
0.36, 4.23, 12.08, 51.13, 52, 84, 10345432
0.37, 4.23, 12.11, 51.25, 52, 84, 10357252
0.36, 4.23, 12.11, 51.25, 52, 84, 10369088
0.37, 4.23, 12.11, 51.25, 52, 84, 10380932
0.36, 4.23, 12.14, 51.36, 52, 84, 10392748
0.37, 4.23, 12.11, 51.25, 52, 84, 10404572
0.37, 4.23, 12.11, 51.25, 52, 84, 10416408
0.37, 4.23, 12.16, 51.48, 52, 84, 10428232
0.37, 4.23, 12.22, 51.71, 52, 84, 10440060
0.37, 4.23, 12.11, 51.25, 52, 84, 10451896
0.37, 4.23, 12.11, 51.25, 52, 84, 10463720
0.37, 4.23, 12.16, 51.48, 53, 84, 10475556
0.37, 4.23, 12.06, 51.02, 53, 84, 10487380
0.37, 4.23, 12.11, 51.25, 53, 84, 10499216
0.37, 4.23, 12.11, 51.25, 53, 84, 10511036
0.37, 4.23, 12.11, 51.25, 53, 84, 10522872
0.37, 4.56, 12.14, 55.31, 53, 84, 10534692
0.38, 4.23, 12.06, 51.02, 53, 84, 10546520
0.38, 4.23, 12.19, 51.59, 53, 84, 10558348
0.38, 4.23, 12.11, 51.25, 53, 84, 10570176
0.38, 4.56, 12.16, 55.44, 53, 84, 10582008
0.38, 4.23, 12.14, 51.36, 53, 84, 10593832
0.38, 4.23, 12.11, 51.25, 53, 84, 10605668
0.38, 4.56, 12.14, 55.31, 53, 84, 10617488
0.38, 4.56, 12.14, 55.31, 53, 84, 10629320
0.38, 4.56, 12.14, 55.31, 53, 84, 10641160
0.38, 4.56, 12.19, 55.56, 53, 84, 10652980
0.38, 4.56, 12.11, 55.19, 53, 84, 10664800
0.38, 4.23, 12.16, 51.48, 54, 84, 10676628
0.38, 4.56, 12.11, 55.19, 54, 84, 10688460
0.38, 4.23, 12.03, 50.91, 54, 84, 10700280
0.38, 4.56, 12.08, 55.07, 54, 84, 10712116
0.39, 4.56, 12.16, 55.44, 54, 84, 10723940
0.38, 4.56, 12.06, 54.95, 54, 84, 10735776
0.39, 4.56, 12.11, 55.19, 54, 84, 10747596
0.39, 4.56, 12.14, 55.31, 54, 84, 10759432
0.39, 4.56, 12.11, 55.19, 54, 84, 10771252
0.39, 4.56, 12.08, 55.07, 54, 84, 10783076
0.39, 4.56, 12.11, 55.19, 54, 84, 10794904
0.39, 4.56, 12.14, 55.31, 54, 84, 10806732
0.39, 4.56, 12.08, 55.07, 54, 84, 10818568
0.39, 4.56, 12.11, 55.19, 54, 85, 10830388
0.39, 4.56, 12.14, 55.31, 54, 84, 10842220
0.39, 4.56, 12.08, 55.07, 54, 84, 10854040
0.39, 4.56, 12.14, 55.31, 54, 84, 10865876
0.39, 4.56, 12.14, 55.31, 55, 84, 10877696
0.39, 4.56, 12.03, 54.82, 55, 84, 10889528
0.39, 4.56, 12.08, 55.07, 55, 84, 10901372
0.39, 4.88, 12.14, 59.27, 55, 84, 10913180
0.40, 4.56, 12.08, 55.07, 55, 84, 10925016
0.40, 4.88, 12.16, 59.40, 55, 84, 10936840
0.40, 4.56, 12.03, 54.82, 55, 84, 10948672
0.40, 4.56, 12.11, 55.19, 55, 84, 10960492
0.40, 4.56, 12.11, 55.19, 55, 84, 10972324
0.40, 4.88, 12.06, 58.87, 55, 84, 10984148
0.40, 4.88, 12.14, 59.27, 55, 84, 10995984
0.40, 4.56, 12.11, 55.19, 55, 84, 11007804
0.40, 4.56, 12.14, 55.31, 55, 84, 11019648
0.40, 4.88, 12.14, 59.27, 55, 84, 11031460
0.40, 4.56, 12.11, 55.19, 55, 84, 11043288
0.40, 4.56, 12.06, 54.95, 55, 84, 11055120
0.40, 4.88, 12.11, 59.13, 55, 84, 11066940
0.40, 4.88, 12.11, 59.13, 56, 84, 11078776
0.40, 4.88, 12.08, 59.00, 56, 84, 11090596
0.40, 4.88, 12.06, 58.87, 56, 84, 11102428
0.41, 4.88, 12.08, 59.00, 56, 84, 11114248
0.41, 4.88, 12.03, 58.74, 56, 84, 11126084
0.41, 4.88, 12.03, 58.74, 56, 84, 11137908
0.41, 4.88, 12.14, 59.27, 56, 84, 11149732
0.41, 4.88, 12.06, 58.87, 56, 84, 11161568
0.41, 4.88, 12.08, 59.00, 56, 84, 11173388
0.41, 4.88, 12.14, 59.27, 56, 84, 11185224
0.41, 4.88, 12.03, 58.74, 56, 84, 11197044
0.42, 4.88, 12.11, 59.13, 56, 84, 11208880
0.41, 4.88, 12.06, 58.87, 56, 84, 11220700
0.42, 4.88, 12.08, 59.00, 56, 84, 11232536
0.41, 5.21, 12.06, 62.79, 56, 84, 11244360
0.42, 4.88, 12.08, 59.00, 56, 84, 11256188
0.42, 4.88, 12.08, 59.00, 56, 84, 11268024
0.42, 4.88, 12.14, 59.27, 57, 84, 11279864
0.41, 4.88, 12.11, 59.13, 57, 84, 11291684
0.42, 4.88, 12.06, 58.87, 57, 84, 11303512
0.42, 5.21, 12.11, 63.08, 57, 84, 11315348
0.42, 4.88, 12.03, 58.74, 57, 84, 11327168
0.42, 5.21, 12.00, 62.51, 57, 84, 11339004
0.42, 5.21, 12.14, 63.22, 57, 84, 11350824
0.42, 5.21, 12.06, 62.79, 57, 84, 11362660
0.43, 5.21, 12.11, 63.08, 57, 84, 11374484
0.43, 5.21, 12.08, 62.94, 57, 84, 11386312
0.43, 5.21, 12.08, 62.94, 57, 84, 11398148
0.43, 5.21, 12.11, 63.08, 57, 84, 11409968
0.43, 5.21, 12.08, 62.94, 57, 84, 11421804
0.43, 5.21, 12.11, 63.08, 57, 84, 11433624
0.43, 5.21, 12.08, 62.94, 57, 84, 11445460
0.43, 5.21, 12.03, 62.65, 57, 84, 11457280
0.43, 5.21, 12.16, 63.36, 57, 84, 11469112
0.43, 5.21, 12.11, 63.08, 58, 84, 11480936
0.43, 5.21, 12.06, 62.79, 58, 84, 11492760
0.43, 5.21, 12.08, 62.94, 58, 84, 11504596
0.43, 5.21, 12.06, 62.79, 58, 84, 11516416
0.43, 5.21, 12.08, 62.94, 58, 84, 11528248
0.43, 5.21, 12.11, 63.08, 58, 84, 11540072
0.44, 5.21, 12.03, 62.65, 58, 84, 11551904
0.43, 5.21, 12.11, 63.08, 58, 84, 11563728
0.44, 5.21, 12.11, 63.08, 58, 84, 11575560
0.43, 5.21, 12.06, 62.79, 58, 84, 11587384
0.44, 5.21, 12.14, 63.22, 58, 84, 11599216
0.43, 5.21, 12.14, 63.22, 58, 84, 11611048
0.44, 5.53, 12.06, 66.72, 58, 84, 11622876
0.44, 5.21, 12.03, 62.65, 58, 84, 11634712
0.44, 5.21, 12.08, 62.94, 58, 84, 11646532
0.43, 5.21, 12.08, 62.94, 58, 84, 11658368
0.44, 5.21, 12.03, 62.65, 58, 84, 11670192
0.43, 5.53, 12.08, 66.87, 59, 84, 11682028
0.44, 5.53, 12.03, 66.57, 59, 84, 11693852
0.44, 5.21, 12.06, 62.79, 59, 84, 11705680
0.44, 5.53, 12.08, 66.87, 59, 84, 11717508
0.44, 5.53, 12.06, 66.72, 59, 84, 11729336
0.45, 5.53, 12.11, 67.02, 59, 84, 11741168
0.44, 5.53, 12.08, 66.87, 59, 84, 11752988
0.45, 5.53, 12.06, 66.72, 59, 84, 11764824
0.45, 5.53, 11.98, 66.27, 59, 84, 11776648
0.45, 5.53, 12.08, 66.87, 59, 84, 11788480
0.45, 5.53, 12.06, 66.72, 59, 84, 11800308
0.45, 5.53, 12.08, 66.87, 59, 84, 11812144
0.45, 5.53, 12.11, 67.02, 59, 84, 11823968
0.45, 5.53, 12.00, 66.42, 59, 84, 11835792
0.45, 5.53, 12.08, 66.87, 59, 84, 11847632
0.45, 5.53, 12.06, 66.72, 59, 84, 11859456
0.45, 5.53, 12.08, 66.87, 59, 84, 11871288
0.45, 5.53, 12.06, 66.72, 60, 84, 11883112
0.45, 5.53, 12.00, 66.42, 60, 84, 11894944
0.45, 5.53, 12.06, 66.72, 60, 84, 11906772
0.45, 5.53, 12.06, 66.72, 60, 84, 11918604
0.45, 5.53, 12.06, 66.72, 60, 84, 11930428
0.46, 5.86, 12.03, 70.49, 60, 84, 11942260
0.46, 5.53, 12.06, 66.72, 60, 84, 11954084
0.46, 5.86, 12.08, 70.80, 60, 84, 11965912
0.46, 5.86, 12.11, 70.96, 60, 84, 11977748
0.46, 5.86, 12.00, 70.33, 60, 84, 11989568
0.46, 5.86, 12.08, 70.80, 60, 84, 12001420
0.46, 5.86, 12.11, 70.96, 60, 84, 12013224
0.46, 5.53, 12.11, 67.02, 60, 84, 12025056
0.46, 5.86, 12.06, 70.64, 60, 84, 12036880
0.46, 5.86, 12.08, 70.80, 60, 84, 12048712
0.46, 5.53, 12.03, 66.57, 60, 84, 12060532
0.46, 5.86, 12.14, 71.12, 60, 84, 12072364
0.46, 5.86, 12.03, 70.49, 61, 84, 12084196
0.46, 5.86, 12.03, 70.49, 61, 84, 12096020
0.46, 5.86, 12.06, 70.64, 61, 84, 12107856
0.47, 5.86, 12.06, 70.64, 61, 84, 12119676
0.46, 5.86, 12.06, 70.64, 61, 84, 12131512
0.47, 5.86, 12.06, 70.64, 61, 84, 12143336
0.47, 5.86, 12.00, 70.33, 61, 84, 12155168
0.47, 5.86, 12.06, 70.64, 61, 84, 12166988
0.47, 5.86, 11.98, 70.17, 61, 84, 12178816
0.47, 5.86, 12.00, 70.33, 61, 84, 12190652
0.47, 6.18, 12.03, 74.40, 61, 84, 12202476
0.47, 5.86, 12.03, 70.49, 61, 84, 12214312
0.47, 5.86, 12.06, 70.64, 61, 84, 12226136
0.48, 5.86, 12.00, 70.33, 61, 84, 12237972
0.47, 6.18, 12.08, 74.74, 61, 84, 12249792
0.47, 5.86, 12.08, 70.80, 61, 84, 12261648
0.47, 5.86, 12.06, 70.64, 61, 84, 12273452
0.47, 5.86, 12.06, 70.64, 62, 84, 12285284
0.48, 6.18, 12.03, 74.40, 62, 84, 12297112
0.47, 6.18, 12.03, 74.40, 62, 84, 12308940
0.48, 6.18, 11.98, 74.07, 62, 84, 12320776
0.48, 6.18, 12.00, 74.23, 62, 85, 12332600
0.48, 6.18, 12.03, 74.40, 62, 84, 12344436
0.48, 6.18, 12.03, 74.40, 62, 84, 12356260
0.48, 6.18, 12.08, 74.74, 62, 84, 12368096
0.48, 6.18, 12.03, 74.40, 62, 84, 12379932
0.48, 6.18, 12.08, 74.74, 62, 84, 12391752
0.48, 6.18, 12.06, 74.57, 62, 84, 12403576
0.48, 6.18, 12.00, 74.23, 62, 84, 12415404
0.49, 6.18, 12.00, 74.23, 62, 84, 12427236
0.48, 6.18, 12.03, 74.40, 62, 84, 12439060
0.49, 6.18, 12.00, 74.23, 62, 84, 12450896
0.48, 6.18, 12.03, 74.40, 62, 84, 12462724
0.49, 6.18, 12.06, 74.57, 62, 84, 12474552
0.48, 6.18, 11.95, 73.90, 63, 84, 12486376
0.49, 6.51, 12.03, 78.32, 63, 84, 12498208
0.48, 6.18, 12.00, 74.23, 63, 84, 12510032
0.49, 6.18, 12.03, 74.40, 63, 84, 12521856
0.49, 6.51, 11.95, 77.79, 63, 84, 12533688
0.49, 6.51, 11.98, 77.97, 63, 84, 12545512
0.50, 6.51, 12.06, 78.49, 63, 84, 12557348
0.50, 6.51, 12.00, 78.14, 63, 84, 12569168
0.50, 6.51, 12.06, 78.49, 63, 84, 12581000
0.50, 6.51, 12.06, 78.49, 63, 84, 12592824
0.50, 6.51, 12.03, 78.32, 63, 84, 12604656
0.50, 6.51, 12.03, 78.32, 63, 84, 12616480
0.50, 6.51, 12.03, 78.32, 63, 84, 12628304
0.50, 6.51, 12.03, 78.32, 63, 84, 12640148
0.50, 6.51, 12.03, 78.32, 63, 85, 12651960
0.50, 6.51, 11.98, 77.97, 63, 84, 12663796
0.50, 6.51, 12.08, 78.67, 63, 84, 12675616
0.50, 6.51, 12.00, 78.14, 64, 84, 12687448
0.50, 6.51, 12.06, 78.49, 64, 84, 12699272
0.50, 6.51, 12.06, 78.49, 64, 84, 12711104
0.50, 6.51, 11.95, 77.79, 64, 84, 12722924
0.51, 6.51, 11.98, 77.97, 64, 84, 12734760
0.50, 6.84, 11.98, 81.86, 64, 84, 12746580
0.51, 6.51, 11.98, 77.97, 64, 84, 12758408
0.51, 6.51, 12.03, 78.32, 64, 84, 12770240
0.51, 6.84, 12.03, 82.23, 64, 84, 12782064
0.51, 6.51, 12.03, 78.32, 64, 84, 12793892
0.51, 6.84, 12.06, 82.42, 64, 84, 12805716
0.51, 6.84, 12.06, 82.42, 64, 84, 12817548
0.51, 6.84, 12.00, 82.05, 64, 84, 12829372
0.51, 6.84, 12.06, 82.42, 64, 84, 12841204
0.51, 6.84, 12.03, 82.23, 64, 85, 12853024
0.51, 6.84, 11.98, 81.86, 64, 84, 12864856
0.51, 6.51, 12.00, 78.14, 64, 84, 12876680
0.51, 6.84, 11.98, 81.86, 65, 84, 12888508
0.51, 6.84, 11.92, 81.50, 65, 84, 12900344
0.51, 6.84, 12.03, 82.23, 65, 84, 12912164
0.51, 6.84, 12.00, 82.05, 65, 84, 12924000
0.51, 6.84, 11.92, 81.50, 65, 84, 12935820
0.52, 6.84, 11.98, 81.86, 65, 84, 12947656
0.52, 6.84, 12.00, 82.05, 65, 84, 12959480
0.52, 6.84, 12.03, 82.23, 65, 84, 12971316
0.52, 6.84, 12.03, 82.23, 65, 84, 12983136
0.52, 6.84, 12.03, 82.23, 65, 84, 12994968
0.52, 6.84, 12.00, 82.05, 65, 84, 13006800
0.52, 7.16, 12.03, 86.15, 65, 84, 13018620
0.52, 6.84, 11.95, 81.68, 65, 84, 13030452
0.52, 6.84, 11.98, 81.86, 65, 84, 13042272
0.52, 6.84, 12.00, 82.05, 65, 84, 13054108
0.52, 6.84, 11.92, 81.50, 65, 84, 13065932
0.52, 6.84, 12.06, 82.42, 65, 84, 13077768
0.52, 6.84, 12.03, 82.23, 66, 84, 13089588
0.52, 6.84, 11.95, 81.68, 66, 84, 13101416
0.52, 6.84, 12.00, 82.05, 66, 84, 13113240
0.52, 7.16, 12.03, 86.15, 66, 84, 13125068
0.52, 7.16, 12.00, 85.96, 66, 84, 13136900
0.52, 7.16, 11.98, 85.76, 66, 84, 13148724
0.53, 7.16, 11.98, 85.76, 66, 84, 13160560
0.53, 7.16, 11.92, 85.38, 66, 84, 13172380
0.53, 7.16, 11.98, 85.76, 66, 84, 13184212
0.53, 7.16, 11.98, 85.76, 66, 84, 13196032
0.53, 7.16, 11.98, 85.76, 66, 84, 13207872
0.53, 7.16, 11.98, 85.76, 66, 84, 13219692
0.53, 7.16, 11.95, 85.57, 66, 84, 13231516
0.53, 7.16, 11.98, 85.76, 66, 84, 13243352
0.53, 7.16, 12.00, 85.96, 66, 84, 13255172
0.53, 7.16, 11.98, 85.76, 66, 84, 13267004
0.53, 7.16, 12.00, 85.96, 66, 84, 13278828
0.53, 7.16, 12.00, 85.96, 67, 84, 13290660
0.53, 7.16, 11.95, 85.57, 67, 84, 13302484
0.53, 7.16, 11.98, 85.76, 67, 84, 13314316
0.54, 7.16, 11.95, 85.57, 67, 84, 13326136
0.54, 7.16, 11.92, 85.38, 67, 84, 13337964
0.54, 7.49, 11.98, 89.66, 67, 84, 13349792
0.54, 7.16, 12.00, 85.96, 67, 84, 13361636
0.54, 7.16, 12.00, 85.96, 67, 84, 13373456
0.54, 7.49, 12.00, 89.86, 67, 84, 13385276
0.54, 7.49, 11.98, 89.66, 67, 84, 13397108
0.55, 7.49, 12.03, 90.07, 67, 84, 13408932
0.55, 7.49, 11.95, 89.46, 67, 84, 13420764
0.55, 7.49, 11.92, 89.26, 67, 84, 13432584
0.55, 7.49, 12.06, 90.27, 67, 84, 13444416
0.55, 7.49, 11.95, 89.46, 67, 84, 13456240
0.55, 7.49, 11.98, 89.66, 67, 84, 13468064
0.55, 7.49, 12.03, 90.07, 67, 84, 13479900
0.55, 7.49, 11.92, 89.26, 68, 84, 13491720
0.55, 7.49, 12.03, 90.07, 68, 84, 13503556
0.55, 7.49, 11.95, 89.46, 68, 84, 13515376
0.55, 7.49, 11.98, 89.66, 68, 84, 13527212
0.55, 7.49, 12.00, 89.86, 68, 84, 13539036
0.55, 7.49, 11.92, 89.26, 68, 84, 13550872
0.56, 7.49, 11.98, 89.66, 68, 84, 13562692
0.56, 7.49, 11.92, 89.26, 68, 84, 13574520
0.56, 7.49, 11.98, 89.66, 68, 84, 13586360
0.56, 7.81, 11.98, 93.56, 68, 84, 13598176
0.56, 7.81, 11.95, 93.35, 68, 84, 13610012
0.56, 7.49, 11.95, 89.46, 68, 84, 13621856
0.56, 7.81, 11.98, 93.56, 68, 84, 13633668
0.56, 7.49, 12.03, 90.07, 68, 84, 13645488
0.56, 7.81, 11.98, 93.56, 68, 84, 13657324
0.56, 7.81, 12.00, 93.77, 68, 84, 13669144
0.56, 7.49, 11.95, 89.46, 68, 84, 13680972
0.56, 7.81, 12.03, 93.98, 69, 84, 13692800
0.56, 7.81, 12.03, 93.98, 69, 84, 13704632
0.56, 7.81, 11.95, 93.35, 69, 84, 13716464
0.56, 7.81, 11.95, 93.35, 69, 84, 13728284
0.56, 7.81, 12.03, 93.98, 69, 84, 13740132
0.56, 7.81, 11.98, 93.56, 69, 84, 13751940
0.57, 7.81, 11.89, 92.93, 69, 84, 13763772
0.57, 7.81, 11.98, 93.56, 69, 84, 13775596
0.57, 7.81, 11.92, 93.14, 69, 84, 13787428
0.57, 7.81, 11.89, 92.93, 69, 84, 13799248
0.57, 7.81, 11.92, 93.14, 69, 84, 13811076
0.57, 7.81, 11.95, 93.35, 69, 84, 13822908
0.57, 7.81, 11.89, 92.93, 69, 84, 13834732
0.58, 8.14, 11.95, 97.24, 69, 84, 13846564
0.58, 7.81, 12.03, 93.98, 69, 84, 13858388
0.58, 7.81, 11.92, 93.14, 69, 84, 13870224
0.58, 7.81, 11.89, 92.93, 69, 84, 13882064
0.57, 7.81, 11.89, 92.93, 70, 84, 13893880
0.57, 7.81, 11.95, 93.35, 70, 84, 13905704
0.57, 8.14, 12.00, 97.68, 70, 84, 13917528
0.58, 8.14, 11.87, 96.58, 70, 84, 13929356
0.58, 7.81, 11.95, 93.35, 70, 84, 13941184
0.58, 8.14, 11.92, 97.02, 70, 84, 13953016
0.58, 8.14, 11.89, 96.80, 70, 84, 13964840
0.58, 8.14, 11.95, 97.24, 70, 84, 13976676
0.59, 8.14, 11.95, 97.24, 70, 84, 13988496
0.59, 8.14, 11.95, 97.24, 70, 84, 14000344
0.59, 8.14, 11.95, 97.24, 70, 84, 14012152
0.59, 8.14, 11.87, 96.58, 70, 84, 14023988
0.59, 8.14, 11.92, 97.02, 70, 84, 14035808
0.59, 8.14, 11.92, 97.02, 70, 84, 14047636
0.59, 8.14, 11.87, 96.58, 70, 84, 14059468
0.59, 8.14, 11.95, 97.24, 70, 84, 14071292
0.59, 8.14, 11.95, 97.24, 70, 84, 14083124
0.59, 8.14, 11.92, 97.02, 71, 84, 14094944
0.59, 8.14, 11.95, 97.24, 71, 84, 14106780
0.59, 8.14, 11.98, 97.46, 71, 84, 14118600
0.59, 8.46, 11.89, 100.67, 71, 84, 14130432
0.59, 8.46, 11.95, 101.13, 71, 84, 14142256
0.60, 8.14, 11.87, 96.58, 71, 84, 14154088
0.60, 8.46, 11.92, 100.90, 71, 84, 14165920
0.60, 8.46, 11.89, 100.67, 71, 84, 14177748
0.60, 8.46, 11.92, 100.90, 71, 84, 14189580
0.60, 8.46, 12.00, 101.58, 71, 84, 14201408
0.60, 8.46, 11.92, 100.90, 71, 84, 14213244
0.60, 8.46, 11.95, 101.13, 71, 84, 14225064
0.60, 8.46, 11.98, 101.36, 71, 84, 14236904
0.60, 8.46, 11.95, 101.13, 71, 84, 14248724
0.60, 8.46, 11.95, 101.13, 71, 84, 14260556
0.60, 8.46, 11.92, 100.90, 71, 84, 14272384
0.60, 8.46, 11.92, 100.90, 71, 84, 14284212
0.60, 8.46, 11.98, 101.36, 72, 84, 14296044
0.60, 8.46, 11.89, 100.67, 72, 84, 14307868
0.60, 8.79, 11.92, 104.78, 72, 84, 14319708
0.60, 8.46, 11.84, 100.21, 72, 84, 14331528
0.61, 8.46, 11.89, 100.67, 72, 84, 14343368
0.61, 8.79, 11.92, 104.78, 72, 84, 14355188
0.61, 8.79, 11.89, 104.54, 72, 84, 14367020
0.61, 8.79, 11.92, 104.78, 72, 84, 14378844
0.61, 8.79, 11.95, 105.02, 72, 84, 14390672
0.61, 8.79, 11.92, 104.78, 72, 84, 14402508
0.61, 8.79, 11.95, 105.02, 72, 84, 14414328
0.61, 8.79, 11.95, 105.02, 72, 84, 14426160
0.62, 8.79, 11.92, 104.78, 72, 84, 14437980
0.61, 8.79, 11.92, 104.78, 72, 84, 14449820
0.62, 8.79, 11.98, 105.25, 72, 84, 14461640
0.62, 8.79, 11.89, 104.54, 72, 84, 14473476
0.62, 8.79, 11.92, 104.78, 72, 84, 14485296
0.62, 8.79, 11.92, 104.78, 73, 84, 14497124
0.62, 8.79, 11.81, 103.83, 73, 84, 14508952
0.62, 8.79, 11.89, 104.54, 73, 84, 14520776
0.62, 8.79, 11.87, 104.31, 73, 84, 14532612
0.62, 8.79, 11.89, 104.54, 73, 84, 14544428
0.62, 8.79, 11.89, 104.54, 73, 84, 14556268
0.62, 8.79, 11.84, 104.07, 73, 84, 14568088
0.63, 9.11, 11.92, 108.66, 73, 84, 14579916
0.63, 9.11, 11.92, 108.66, 73, 84, 14591740
0.63, 9.11, 11.87, 108.17, 73, 84, 14603576
0.63, 9.11, 11.87, 108.17, 73, 84, 14615396
0.63, 9.11, 11.84, 107.92, 73, 84, 14627224
0.63, 9.11, 11.92, 108.66, 73, 84, 14639056
0.63, 9.11, 11.92, 108.66, 73, 84, 14650876
0.63, 9.11, 11.95, 108.91, 73, 84, 14662712
0.63, 9.11, 11.87, 108.17, 73, 84, 14674536
0.63, 9.11, 11.92, 108.66, 73, 84, 14686368
0.63, 9.11, 11.89, 108.42, 74, 84, 14698188
0.63, 9.11, 11.95, 108.91, 74, 84, 14710024
0.63, 9.11, 11.79, 107.43, 74, 84, 14721844
0.63, 9.11, 11.84, 107.92, 74, 84, 14733672
0.63, 9.11, 11.87, 108.17, 74, 84, 14745500
0.64, 9.11, 11.89, 108.42, 74, 84, 14757328
0.64, 9.11, 11.89, 108.42, 74, 84, 14769160
0.64, 9.11, 11.84, 107.92, 74, 84, 14780980
0.64, 9.11, 11.84, 107.92, 74, 84, 14792816
0.64, 9.44, 11.84, 111.78, 74, 84, 14804636
0.64, 9.44, 11.89, 112.29, 74, 84, 14816472
0.64, 9.44, 11.92, 112.54, 74, 84, 14828288
0.64, 9.44, 11.81, 111.52, 74, 84, 14840128
0.64, 9.44, 11.87, 112.03, 74, 84, 14851944
0.64, 9.44, 11.81, 111.52, 74, 84, 14863776
0.64, 9.44, 11.87, 112.03, 74, 84, 14875608
0.64, 9.44, 11.84, 111.78, 74, 84, 14887428
0.64, 9.44, 11.89, 112.29, 75, 84, 14899264
0.64, 9.44, 11.89, 112.29, 75, 84, 14911088
0.64, 9.44, 11.92, 112.54, 75, 84, 14922924
0.64, 9.44, 11.87, 112.03, 75, 84, 14934744
0.65, 9.44, 11.84, 111.78, 75, 84, 14946584
0.65, 9.44, 11.89, 112.29, 75, 84, 14958404
0.65, 9.44, 11.92, 112.54, 75, 84, 14970236
0.65, 9.44, 11.84, 111.78, 75, 84, 14982088
0.65, 9.44, 11.87, 112.03, 75, 85, 14993892
0.65, 9.44, 11.87, 112.03, 75, 84, 15005728
0.65, 9.44, 11.81, 111.52, 75, 84, 15017552
0.65, 9.44, 11.87, 112.03, 75, 84, 15029388
0.65, 9.44, 11.81, 111.52, 75, 84, 15041212
0.65, 9.44, 11.87, 112.03, 75, 84, 15053044
0.65, 9.44, 11.87, 112.03, 75, 84, 15064872
0.66, 9.77, 11.81, 115.37, 75, 84, 15076696
0.65, 9.44, 11.92, 112.54, 75, 84, 15088524
0.65, 9.44, 11.92, 112.54, 76, 84, 15100364
0.65, 9.44, 11.84, 111.78, 76, 84, 15112188
0.65, 9.77, 11.84, 115.63, 76, 84, 15124004
0.66, 9.77, 11.81, 115.37, 76, 84, 15135840
0.66, 9.77, 11.92, 116.42, 76, 84, 15147660
0.66, 9.77, 11.87, 115.90, 76, 84, 15159496
0.67, 9.77, 11.81, 115.37, 76, 84, 15171316
0.66, 9.77, 11.95, 116.69, 76, 84, 15183148
0.67, 9.77, 11.81, 115.37, 76, 84, 15194968
0.67, 9.77, 11.84, 115.63, 76, 84, 15206796
0.67, 9.77, 11.87, 115.90, 76, 84, 15218632
0.67, 9.77, 11.87, 115.90, 76, 84, 15230452
0.67, 9.77, 11.84, 115.63, 76, 84, 15242308
0.67, 9.77, 11.76, 114.84, 76, 85, 15254112
0.67, 9.77, 11.84, 115.63, 76, 84, 15265944
0.67, 9.77, 11.84, 115.63, 76, 84, 15277764
0.67, 9.77, 11.89, 116.16, 76, 84, 15289600
0.67, 9.77, 11.98, 116.95, 77, 84, 15301420
0.67, 10.09, 11.84, 119.49, 77, 84, 15313248
0.67, 10.09, 11.89, 120.03, 77, 84, 15325076
0.67, 10.09, 11.84, 119.49, 77, 84, 15336908
0.67, 10.09, 11.84, 119.49, 77, 84, 15348736
0.68, 10.09, 11.84, 119.49, 77, 84, 15360576
0.68, 10.09, 11.76, 118.67, 77, 84, 15372396
0.68, 10.09, 11.92, 120.30, 77, 84, 15384212
0.68, 10.09, 11.84, 119.49, 77, 84, 15396048
0.68, 10.09, 11.79, 118.94, 77, 84, 15407872
0.68, 10.09, 11.87, 119.76, 77, 84, 15419704
0.68, 10.09, 11.87, 119.76, 77, 85, 15431524
0.68, 10.09, 11.79, 118.94, 77, 84, 15443360
0.68, 10.09, 11.87, 119.76, 77, 84, 15455192
0.68, 10.09, 11.81, 119.21, 77, 84, 15467016
0.68, 10.09, 11.81, 119.21, 77, 84, 15478852
0.68, 10.09, 11.81, 119.21, 77, 84, 15490676
0.68, 10.09, 11.84, 119.49, 78, 84, 15502520
0.68, 10.42, 11.87, 123.62, 78, 85, 15514332
0.68, 10.42, 11.87, 123.62, 78, 84, 15526168
0.68, 10.42, 11.81, 123.06, 78, 84, 15537992
0.69, 10.42, 11.79, 122.78, 78, 84, 15549820
0.69, 10.42, 11.81, 123.06, 78, 84, 15561656
0.69, 10.42, 11.92, 124.18, 78, 84, 15573480
0.69, 10.42, 11.87, 123.62, 78, 84, 15585312
0.69, 10.42, 11.81, 123.06, 78, 84, 15597136
0.69, 10.42, 11.81, 123.06, 78, 84, 15608964
0.69, 10.42, 11.81, 123.06, 78, 84, 15620788
0.69, 10.42, 11.84, 123.34, 78, 84, 15632620
0.69, 10.42, 11.89, 123.90, 78, 84, 15644444
0.69, 10.42, 11.81, 123.06, 78, 84, 15656272
0.69, 10.42, 11.89, 123.90, 78, 84, 15668100
0.69, 10.42, 11.81, 123.06, 78, 84, 15679928
0.69, 10.42, 11.84, 123.34, 78, 84, 15691764
0.69, 10.42, 11.76, 122.50, 79, 84, 15703584
0.69, 10.42, 11.81, 123.06, 79, 84, 15715420
0.69, 10.74, 11.76, 126.33, 79, 84, 15727240
0.70, 10.74, 11.79, 126.62, 79, 84, 15739072
0.70, 10.74, 11.87, 127.49, 79, 84, 15750896
0.70, 10.74, 11.81, 126.91, 79, 84, 15762728
0.70, 10.74, 11.89, 127.78, 79, 84, 15774548
0.71, 10.74, 11.84, 127.20, 79, 84, 15786376
0.71, 10.74, 11.87, 127.49, 79, 84, 15798208
0.71, 10.74, 11.73, 126.04, 79, 84, 15810032
0.71, 10.74, 11.81, 126.91, 79, 84, 15821868
0.71, 10.74, 11.79, 126.62, 79, 85, 15833688
0.71, 10.74, 11.81, 126.91, 79, 84, 15845524
0.71, 10.74, 11.76, 126.33, 79, 84, 15857344
0.71, 10.74, 11.76, 126.33, 79, 84, 15869176
0.71, 10.74, 11.81, 126.91, 79, 84, 15880996
0.71, 10.74, 11.79, 126.62, 79, 84, 15892824
0.70, 10.74, 11.79, 126.62, 80, 84, 15904652
0.71, 10.74, 11.81, 126.91, 80, 84, 15916480
0.71, 10.74, 11.73, 126.04, 80, 84, 15928312
0.71, 11.07, 11.81, 130.75, 80, 84, 15940136
0.71, 11.07, 11.71, 129.56, 80, 84, 15951972
0.71, 11.07, 11.81, 130.75, 80, 84, 15963796
0.72, 11.07, 11.81, 130.75, 80, 84, 15975632
0.72, 11.07, 11.79, 130.45, 80, 84, 15987452
0.72, 11.07, 11.87, 131.35, 80, 84, 15999288
0.72, 11.07, 11.71, 129.56, 80, 84, 16011112
0.72, 11.07, 11.73, 129.86, 80, 84, 16022944
0.72, 11.07, 11.76, 130.15, 80, 84, 16034780
0.72, 11.07, 11.73, 129.86, 80, 84, 16046604
0.72, 11.07, 11.71, 129.56, 80, 84, 16058436
0.72, 11.07, 11.84, 131.05, 80, 84, 16070260
0.72, 11.07, 11.73, 129.86, 80, 84, 16082092
0.72, 11.07, 11.81, 130.75, 80, 84, 16093916
0.72, 11.07, 11.76, 130.15, 81, 84, 16105756
0.72, 11.07, 11.87, 131.35, 81, 84, 16117580
0.72, 11.39, 11.79, 134.29, 81, 84, 16129404
0.72, 11.39, 11.73, 133.68, 81, 84, 16141240
0.72, 11.39, 11.89, 135.52, 81, 84, 16153068
0.73, 11.39, 11.71, 133.37, 81, 84, 16164904
0.73, 11.39, 11.81, 134.60, 81, 84, 16176724
0.73, 11.39, 11.76, 133.98, 81, 84, 16188560
0.73, 11.39, 11.84, 134.90, 81, 84, 16200380
0.73, 11.39, 11.84, 134.90, 81, 84, 16212220
0.73, 11.39, 11.68, 133.06, 81, 84, 16224044
0.73, 11.39, 11.76, 133.98, 81, 84, 16235872
0.73, 11.39, 11.79, 134.29, 81, 84, 16247700
0.73, 11.39, 11.76, 133.98, 81, 84, 16259532
0.73, 11.39, 11.79, 134.29, 81, 84, 16271368
0.73, 11.39, 11.84, 134.90, 81, 84, 16283188
0.73, 11.39, 11.76, 133.98, 81, 84, 16295024
0.73, 11.39, 11.71, 133.37, 82, 84, 16306848
0.73, 11.39, 11.73, 133.68, 82, 84, 16318684
0.73, 11.72, 11.76, 137.81, 82, 84, 16330508
0.73, 11.39, 11.87, 135.21, 82, 84, 16342364
0.73, 11.39, 11.79, 134.29, 82, 85, 16354168
0.74, 11.39, 11.73, 133.68, 82, 84, 16365996
0.74, 11.39, 11.68, 133.06, 82, 84, 16377828
0.74, 11.72, 11.71, 137.18, 82, 84, 16389652
0.74, 11.72, 11.87, 139.08, 82, 84, 16401492
0.74, 11.39, 11.73, 133.68, 82, 84, 16413312
0.74, 11.72, 11.76, 137.81, 82, 84, 16425152
0.74, 11.72, 11.76, 137.81, 82, 84, 16436972
0.74, 11.72, 11.81, 138.44, 82, 84, 16448808
0.74, 11.39, 11.71, 133.37, 82, 84, 16460644
0.74, 11.72, 11.73, 137.49, 82, 84, 16472456
0.74, 11.72, 11.87, 139.08, 82, 84, 16484288
0.74, 11.72, 11.81, 138.44, 82, 84, 16496112
0.74, 11.72, 11.79, 138.13, 83, 84, 16507944
0.74, 11.72, 11.65, 136.55, 83, 84, 16519764
0.74, 11.72, 11.73, 137.49, 83, 84, 16531600
0.75, 12.04, 11.84, 142.61, 83, 84, 16543420
0.75, 11.72, 11.76, 137.81, 83, 84, 16555256
0.75, 12.04, 11.76, 141.64, 83, 84, 16567076
0.75, 12.04, 11.87, 142.94, 83, 84, 16578908
0.75, 11.72, 11.71, 137.18, 83, 84, 16590736
0.75, 11.72, 11.71, 137.18, 83, 84, 16602584
0.75, 12.04, 11.79, 141.96, 83, 84, 16614400
0.75, 11.72, 11.68, 136.86, 83, 84, 16626220
0.75, 12.04, 11.73, 141.31, 83, 84, 16638060
0.75, 12.04, 11.76, 141.64, 83, 84, 16649880
0.75, 12.04, 11.79, 141.96, 83, 84, 16661720
0.75, 12.04, 11.65, 140.34, 83, 84, 16673540
0.75, 12.04, 11.81, 142.29, 83, 84, 16685376
0.75, 12.04, 11.71, 140.99, 83, 84, 16697196
0.75, 12.04, 11.84, 142.61, 84, 84, 16709024
0.75, 12.04, 11.84, 142.61, 84, 84, 16720876
0.75, 12.04, 11.71, 140.99, 84, 85, 16732684
0.76, 12.04, 11.76, 141.64, 84, 84, 16744520
0.76, 12.37, 11.81, 146.13, 84, 84, 16756340
0.76, 12.37, 11.84, 146.47, 84, 84, 16768180
0.76, 12.04, 11.68, 140.66, 84, 84, 16780000
0.76, 12.04, 11.65, 140.34, 84, 84, 16791840
0.76, 12.37, 11.73, 145.13, 84, 84, 16803660
0.77, 12.37, 11.65, 144.13, 84, 84, 16815492
0.76, 12.37, 11.65, 144.13, 84, 84, 16827324
0.77, 12.37, 11.84, 146.47, 84, 84, 16839144
0.77, 12.04, 11.71, 140.99, 84, 84, 16850980
0.77, 12.37, 11.79, 145.80, 84, 84, 16862824
0.77, 12.37, 11.73, 145.13, 84, 84, 16874636
0.77, 12.37, 11.76, 145.47, 84, 84, 16886460
0.77, 12.37, 11.73, 145.13, 84, 84, 16898292
0.77, 12.37, 11.81, 146.13, 85, 84, 16910112
0.77, 12.37, 11.73, 145.13, 85, 84, 16921940
0.77, 12.37, 11.65, 144.13, 85, 84, 16933768
0.77, 12.37, 11.65, 144.13, 85, 84, 16945596
0.77, 12.70, 11.84, 150.32, 85, 84, 16957428
0.77, 12.70, 11.79, 149.64, 85, 84, 16969252
0.77, 12.37, 11.84, 146.47, 85, 84, 16981084
0.78, 12.70, 11.76, 149.30, 85, 84, 16992904
0.78, 12.70, 11.87, 150.66, 85, 84, 17004740
0.78, 12.70, 11.73, 148.95, 85, 84, 17016560
0.78, 12.70, 11.71, 148.61, 85, 84, 17028396
0.78, 12.37, 11.71, 144.80, 85, 84, 17040216
0.78, 12.70, 11.68, 148.27, 85, 84, 17052040
0.78, 12.70, 11.65, 147.93, 85, 84, 17063876
0.78, 12.37, 11.65, 144.13, 85, 84, 17075696
0.78, 12.70, 11.81, 149.98, 85, 84, 17087536
0.78, 12.70, 11.73, 148.95, 85, 84, 17099356
0.78, 12.70, 11.76, 149.30, 86, 84, 17111184
0.78, 12.70, 11.63, 147.58, 86, 84, 17123008
0.78, 12.70, 11.73, 148.95, 86, 84, 17134840
0.78, 13.02, 11.76, 153.12, 86, 84, 17146664
0.78, 12.70, 11.76, 149.30, 86, 84, 17158492
0.79, 12.70, 11.68, 148.27, 86, 84, 17170320
0.79, 12.70, 11.65, 147.93, 86, 84, 17182148
0.79, 13.02, 11.73, 152.77, 86, 84, 17193980
0.79, 13.02, 11.73, 152.77, 86, 84, 17205804
0.79, 13.02, 11.73, 152.77, 86, 84, 17217644
0.79, 13.02, 11.71, 152.42, 86, 84, 17229468
0.79, 13.02, 11.73, 152.77, 86, 84, 17241300
0.79, 13.02, 11.76, 153.12, 86, 84, 17253128
0.79, 13.02, 11.73, 152.77, 86, 84, 17264960
0.79, 13.02, 11.68, 152.07, 86, 84, 17276784
0.79, 12.70, 11.73, 148.95, 86, 84, 17288616
0.79, 13.02, 11.68, 152.07, 86, 84, 17300452
0.79, 13.02, 11.71, 152.42, 87, 84, 17312272
0.79, 13.02, 11.63, 151.37, 87, 84, 17324108
0.79, 13.02, 11.73, 152.77, 87, 84, 17335932
0.79, 13.02, 11.63, 151.37, 87, 84, 17347768
0.80, 13.02, 11.68, 152.07, 87, 84, 17359592
0.80, 13.02, 11.68, 152.07, 87, 84, 17371424
0.80, 13.35, 11.71, 156.23, 87, 84, 17383252
0.80, 13.35, 11.68, 155.87, 87, 84, 17395084
0.80, 13.02, 11.73, 152.77, 87, 84, 17406916
0.80, 13.35, 11.73, 156.59, 87, 84, 17418740
0.81, 13.02, 11.71, 152.42, 87, 84, 17430576
0.80, 13.35, 11.73, 156.59, 87, 84, 17442400
0.80, 13.35, 11.65, 155.51, 87, 84, 17454232
0.80, 13.35, 11.71, 156.23, 87, 84, 17466056
0.80, 13.35, 11.68, 155.87, 87, 84, 17477888
0.81, 13.02, 11.63, 151.37, 87, 84, 17489712
0.81, 13.35, 11.76, 156.95, 87, 84, 17501544
0.81, 13.35, 11.73, 156.59, 88, 84, 17513376
0.81, 13.35, 11.65, 155.51, 88, 84, 17525204
0.80, 13.35, 11.68, 155.87, 88, 84, 17537040
0.81, 13.35, 11.68, 155.87, 88, 84, 17548860
0.81, 13.35, 11.65, 155.51, 88, 84, 17560712
0.81, 13.35, 11.60, 154.79, 88, 84, 17572520
0.81, 13.67, 11.76, 160.78, 88, 84, 17584360
0.82, 13.35, 11.60, 154.79, 88, 84, 17596180
0.82, 13.35, 11.65, 155.51, 88, 84, 17608012
0.82, 13.67, 11.71, 160.04, 88, 84, 17619840
0.82, 13.67, 11.73, 160.41, 88, 84, 17631664
0.82, 13.67, 11.76, 160.78, 88, 84, 17643500
0.82, 13.67, 11.65, 159.30, 88, 84, 17655320
0.82, 13.67, 11.71, 160.04, 88, 84, 17667156
0.82, 13.67, 11.65, 159.30, 88, 84, 17678976
0.82, 13.67, 11.73, 160.41, 88, 84, 17690808
0.82, 13.67, 11.71, 160.04, 88, 84, 17702652
0.82, 13.67, 11.60, 158.57, 89, 84, 17714464
0.82, 13.67, 11.57, 158.20, 89, 84, 17726284
0.82, 13.67, 11.63, 158.94, 89, 84, 17738112
0.82, 13.67, 11.60, 158.57, 89, 84, 17749948
0.82, 13.67, 11.68, 159.67, 89, 84, 17761768
0.83, 14.00, 11.68, 163.47, 89, 84, 17773604
0.83, 14.00, 11.71, 163.85, 89, 84, 17785424
0.83, 14.00, 11.63, 162.72, 89, 84, 17797256
0.83, 13.67, 11.57, 158.20, 89, 84, 17809076
0.83, 14.00, 11.76, 164.61, 89, 84, 17820928
0.83, 14.00, 11.71, 163.85, 89, 84, 17832732
0.83, 14.00, 11.65, 163.10, 89, 84, 17844560
0.83, 13.67, 11.57, 158.20, 89, 84, 17856388
0.83, 14.00, 11.68, 163.47, 89, 84, 17868216
0.83, 14.00, 11.60, 162.34, 89, 84, 17880048
0.83, 14.00, 11.71, 163.85, 89, 84, 17891868
0.83, 14.00, 11.73, 164.23, 89, 84, 17903704
0.83, 14.00, 11.65, 163.10, 90, 84, 17915524
0.83, 14.00, 11.63, 162.72, 90, 84, 17927360
0.83, 14.00, 11.60, 162.34, 90, 84, 17939180
0.83, 14.32, 11.71, 167.66, 90, 84, 17951012
0.84, 14.32, 11.68, 167.28, 90, 84, 17962856
0.84, 14.00, 11.68, 163.47, 90, 84, 17974664
0.84, 14.32, 11.65, 166.89, 90, 84, 17986496
0.84, 14.00, 11.63, 162.72, 90, 84, 17998316
0.84, 14.32, 11.63, 166.50, 90, 84, 18010148
0.85, 14.32, 11.71, 167.66, 90, 84, 18021972
0.85, 14.32, 11.57, 165.73, 90, 84, 18033804
0.85, 14.32, 11.63, 166.50, 90, 84, 18045628
0.85, 14.32, 11.57, 165.73, 90, 84, 18057460
0.85, 14.32, 11.57, 165.73, 90, 84, 18069284
0.85, 14.32, 11.71, 167.66, 90, 84, 18081128
0.85, 14.32, 11.73, 168.05, 90, 84, 18092936
0.85, 14.32, 11.71, 167.66, 90, 84, 18104764
0.85, 14.32, 11.63, 166.50, 91, 84, 18116596
0.85, 14.32, 11.63, 166.50, 91, 84, 18128420
0.85, 14.32, 11.65, 166.89, 91, 84, 18140252
0.85, 14.65, 11.63, 170.29, 91, 84, 18152072
0.85, 14.65, 11.68, 171.08, 91, 84, 18163908
0.85, 14.32, 11.57, 165.73, 91, 84, 18175728
0.85, 14.65, 11.60, 169.89, 91, 84, 18187564
0.86, 14.65, 11.68, 171.08, 91, 84, 18199380
0.86, 14.65, 11.68, 171.08, 91, 84, 18211208
0.86, 14.65, 11.65, 170.68, 91, 84, 18223060
0.86, 14.65, 11.60, 169.89, 91, 85, 18234868
0.86, 14.65, 11.63, 170.29, 91, 84, 18246700
0.86, 14.65, 11.63, 170.29, 91, 84, 18258520
0.86, 14.65, 11.65, 170.68, 91, 84, 18270352
0.86, 14.65, 11.63, 170.29, 91, 84, 18282176
0.86, 14.65, 11.63, 170.29, 91, 84, 18294008
0.86, 14.65, 11.54, 169.10, 91, 84, 18305836
0.86, 14.65, 11.57, 169.50, 92, 84, 18317664
0.86, 14.65, 11.54, 169.10, 92, 84, 18329488
0.86, 14.65, 11.65, 170.68, 92, 84, 18341320
0.86, 14.65, 11.68, 171.08, 92, 84, 18353156
0.86, 14.65, 11.57, 169.50, 92, 84, 18364980
0.87, 14.97, 11.65, 174.48, 92, 84, 18376816
0.87, 14.65, 11.57, 169.50, 92, 84, 18388640
0.87, 14.97, 11.63, 174.07, 92, 84, 18400476
0.87, 14.97, 11.65, 174.48, 92, 84, 18412296
0.87, 14.97, 11.68, 174.88, 92, 84, 18424136
0.87, 14.97, 11.63, 174.07, 92, 84, 18435960
0.87, 14.97, 11.63, 174.07, 92, 84, 18447788
0.87, 14.97, 11.57, 173.26, 92, 84, 18459624
0.87, 14.97, 11.63, 174.07, 92, 84, 18471448
0.87, 14.97, 11.60, 173.67, 92, 84, 18483284
0.87, 14.97, 11.57, 173.26, 92, 84, 18495108
0.87, 14.97, 11.57, 173.26, 92, 84, 18506944
0.87, 14.97, 11.54, 172.86, 93, 84, 18518768
0.87, 14.97, 11.60, 173.67, 93, 84, 18530604
0.87, 14.97, 11.54, 172.86, 93, 84, 18542424
0.87, 14.97, 11.57, 173.26, 93, 84, 18554256
0.87, 14.97, 11.60, 173.67, 93, 84, 18566092
0.88, 15.30, 11.54, 176.62, 93, 84, 18577912
0.88, 15.30, 11.54, 176.62, 93, 84, 18589744
0.88, 15.30, 11.65, 178.27, 93, 84, 18601568
0.88, 15.30, 11.60, 177.44, 93, 84, 18613400
0.88, 15.30, 11.57, 177.03, 93, 84, 18625220
0.88, 15.30, 11.54, 176.62, 93, 84, 18637056
0.88, 15.30, 11.63, 177.86, 93, 84, 18648876
0.88, 15.30, 11.60, 177.44, 93, 84, 18660704
0.88, 15.30, 11.54, 176.62, 93, 84, 18672536
0.88, 15.63, 11.63, 181.64, 93, 84, 18684364
0.88, 15.30, 11.52, 176.21, 93, 84, 18696192
0.88, 15.30, 11.63, 177.86, 93, 84, 18708020
0.88, 15.30, 11.57, 177.03, 94, 84, 18719856
0.88, 15.30, 11.57, 177.03, 94, 84, 18731680
0.88, 15.63, 11.54, 180.38, 94, 84, 18743516
0.89, 15.63, 11.63, 181.64, 94, 84, 18755340
0.89, 15.63, 11.52, 179.96, 94, 84, 18767172
0.90, 15.63, 11.54, 180.38, 94, 84, 18778996
0.90, 15.63, 11.60, 181.22, 94, 84, 18790824
0.90, 15.95, 11.52, 183.70, 94, 84, 18802660
0.90, 15.63, 11.57, 180.80, 94, 84, 18814484
0.90, 15.63, 11.57, 180.80, 94, 84, 18826316
0.91, 15.95, 11.54, 184.13, 94, 84, 18838136
0.90, 15.95, 11.60, 184.99, 94, 84, 18849976
0.90, 15.95, 11.57, 184.56, 94, 84, 18861796
0.91, 15.95, 11.52, 183.70, 94, 84, 18873632
0.91, 15.95, 11.60, 184.99, 94, 84, 18885456
0.91, 15.95, 11.54, 184.13, 94, 84, 18897284
0.91, 15.95, 11.60, 184.99, 94, 84, 18909116
0.91, 15.63, 11.52, 179.96, 95, 84, 18920956
0.91, 15.95, 11.52, 183.70, 95, 84, 18932776
0.91, 15.95, 11.63, 185.42, 95, 84, 18944596
0.91, 15.95, 11.54, 184.13, 95, 84, 18956432
0.91, 15.95, 11.49, 183.27, 95, 84, 18968252
0.90, 15.95, 11.57, 184.56, 95, 84, 18980084
0.91, 15.95, 11.54, 184.13, 95, 84, 18991908
0.91, 15.95, 11.60, 184.99, 95, 84, 19003736
0.91, 15.95, 11.57, 184.56, 95, 84, 19015556
0.90, 15.95, 11.52, 183.70, 95, 84, 19027384
0.91, 15.95, 11.63, 185.42, 95, 84, 19039220
0.91, 15.95, 11.60, 184.99, 95, 84, 19051040
0.90, 15.95, 11.52, 183.70, 95, 84, 19062872
0.90, 15.95, 11.57, 184.56, 95, 84, 19074692
0.90, 15.95, 11.54, 184.13, 95, 84, 19086528
0.90, 15.95, 11.52, 183.70, 95, 84, 19098348
0.90, 15.95, 11.60, 184.99, 95, 84, 19110184
0.90, 15.95, 11.54, 184.13, 96, 84, 19122008
0.90, 15.95, 11.52, 183.70, 96, 84, 19133832
0.90, 15.95, 11.57, 184.56, 96, 84, 19145664
0.90, 15.95, 11.57, 184.56, 96, 84, 19157488
0.90, 15.95, 11.60, 184.99, 96, 84, 19169324
0.90, 15.95, 11.52, 183.70, 96, 84, 19181164
0.90, 16.28, 11.52, 187.45, 96, 84, 19192984
0.90, 15.95, 11.63, 185.42, 96, 84, 19204804
0.90, 15.95, 11.52, 183.70, 96, 84, 19216640
0.90, 15.95, 11.52, 183.70, 96, 84, 19228464
0.90, 15.95, 11.60, 184.99, 96, 84, 19240292
0.90, 15.95, 11.57, 184.56, 96, 84, 19252120
0.90, 16.28, 11.52, 187.45, 96, 84, 19263952
0.90, 15.95, 11.60, 184.99, 96, 84, 19275784
0.90, 15.95, 11.54, 184.13, 96, 84, 19287608
0.90, 15.95, 11.63, 185.42, 96, 84, 19299444
0.90, 15.95, 11.63, 185.42, 96, 84, 19311264
0.90, 15.95, 11.52, 183.70, 97, 84, 19323120
0.90, 15.95, 11.52, 183.70, 97, 84, 19334924
0.90, 15.95, 11.60, 184.99, 97, 84, 19346760
0.90, 15.95, 11.57, 184.56, 97, 84, 19358584
0.90, 15.95, 11.54, 184.13, 97, 84, 19370412
0.90, 15.95, 11.57, 184.56, 97, 84, 19382244
0.90, 15.95, 11.54, 184.13, 97, 84, 19394068
0.90, 15.95, 11.54, 184.13, 97, 84, 19405904
0.90, 15.95, 11.52, 183.70, 97, 84, 19417720
0.90, 15.95, 11.60, 184.99, 97, 84, 19429560
0.90, 15.95, 11.57, 184.56, 97, 84, 19441396
0.90, 15.95, 11.57, 184.56, 97, 84, 19453220
0.90, 15.95, 11.54, 184.13, 97, 84, 19465040
0.90, 15.95, 11.54, 184.13, 97, 84, 19476868
0.90, 15.95, 11.63, 185.42, 97, 84, 19488704
0.90, 15.95, 11.60, 184.99, 97, 84, 19500528
0.90, 15.95, 11.57, 184.56, 97, 84, 19512360
0.90, 15.95, 11.57, 184.56, 98, 84, 19524184
0.90, 15.95, 11.54, 184.13, 98, 84, 19536020
0.90, 15.95, 11.52, 183.70, 98, 84, 19547844
0.90, 15.95, 11.49, 183.27, 98, 84, 19559680
0.90, 15.95, 11.49, 183.27, 98, 84, 19571504
0.90, 15.95, 11.54, 184.13, 98, 84, 19583348
0.90, 15.95, 11.60, 184.99, 98, 85, 19595160
0.90, 15.95, 11.57, 184.56, 98, 84, 19606992
0.90, 15.95, 11.52, 183.70, 98, 84, 19618824
0.90, 15.95, 11.52, 183.70, 98, 84, 19630648
0.90, 15.95, 11.57, 184.56, 98, 84, 19642480
0.90, 15.95, 11.60, 184.99, 98, 84, 19654300
0.90, 15.95, 11.63, 185.42, 98, 84, 19666136
0.90, 15.95, 11.63, 185.42, 98, 84, 19677960
0.90, 15.95, 11.57, 184.56, 98, 84, 19689796
0.90, 15.95, 11.57, 184.56, 98, 84, 19701616
0.90, 15.95, 11.57, 184.56, 98, 84, 19713444
0.90, 15.95, 11.57, 184.56, 99, 84, 19725276
0.90, 15.95, 11.60, 184.99, 99, 84, 19737100
0.90, 15.95, 11.54, 184.13, 99, 84, 19748936
0.90, 15.95, 11.52, 183.70, 99, 84, 19760756
0.90, 15.95, 11.54, 184.13, 99, 84, 19772592
0.90, 15.95, 11.54, 184.13, 99, 84, 19784416
0.90, 15.95, 11.54, 184.13, 99, 84, 19796248
0.90, 15.95, 11.57, 184.56, 99, 84, 19808068
0.90, 15.95, 11.54, 184.13, 99, 84, 19819896
0.90, 15.95, 11.52, 183.70, 99, 84, 19831732
0.90, 15.95, 11.52, 183.70, 99, 84, 19843552
0.90, 15.95, 11.54, 184.13, 99, 84, 19855384
0.90, 15.95, 11.54, 184.13, 99, 84, 19867208
0.90, 15.95, 11.57, 184.56, 99, 84, 19879040
0.90, 15.95, 11.54, 184.13, 99, 84, 19890860
0.90, 15.95, 11.57, 184.56, 99, 84, 19902696
0.90, 15.95, 11.57, 184.56, 99, 84, 19914516
0.90, 15.95, 11.60, 184.99, 100, 84, 19926348
0.90, 15.95, 11.63, 185.42, 100, 84, 19938172
0.90, 15.95, 11.60, 184.99, 100, 84, 19949996
0.90, 15.95, 11.60, 184.99, 100, 84, 19961832
0.90, 15.95, 11.52, 183.70, 100, 84, 19973652
0.90, 15.95, 11.49, 183.27, 100, 84, 19985488
0.90, 15.95, 11.52, 183.70, 100, 84, 19997308
0.90, 15.95, 11.52, 183.70, 100, 84, 20009144
0.90, 15.95, 11.57, 184.56, 100, 84, 20020964
0.90, 15.95, 11.60, 184.99, 100, 84, 20032796
0.90, 15.95, 11.60, 184.99, 100, 84, 20044616
0.90, 15.95, 11.49, 183.27, 100, 84, 20056444
0.90, 15.95, 11.49, 183.27, 100, 84, 20068280
0.90, 15.95, 11.54, 184.13, 100, 84, 20080100
0.90, 15.95, 11.52, 183.70, 100, 84, 20091940
0.90, 15.95, 11.57, 184.56, 100, 84, 20103760
0.90, 15.95, 11.60, 184.99, 100, 84, 20115592
0.90, 15.95, 11.60, 184.99, 100, 84, 20127412
0.90, 15.95, 11.60, 184.99, 100, 84, 20139248
0.90, 15.95, 11.49, 183.27, 100, 84, 20151068
0.90, 15.95, 11.46, 182.84, 100, 84, 20162896
0.90, 15.95, 11.54, 184.13, 100, 85, 20174720
0.90, 15.95, 11.60, 184.99, 100, 84, 20186552
0.90, 15.95, 11.63, 185.42, 100, 84, 20198380
0.90, 15.95, 11.63, 185.42, 100, 84, 20210204
0.90, 15.95, 11.52, 183.70, 100, 84, 20222040
0.90, 15.95, 11.52, 183.70, 100, 84, 20233860
0.90, 15.95, 11.54, 184.13, 100, 84, 20245692
0.90, 15.95, 11.60, 184.99, 100, 84, 20257516
0.90, 15.95, 11.57, 184.56, 100, 84, 20269348
0.90, 15.95, 11.54, 184.13, 100, 84, 20281168
0.90, 15.95, 11.60, 184.99, 100, 84, 20292996
0.90, 15.95, 11.60, 184.99, 100, 84, 20304828
0.90, 15.95, 11.49, 183.27, 100, 84, 20316656
0.90, 15.95, 11.52, 183.70, 100, 84, 20328488
0.90, 15.95, 11.57, 184.56, 100, 84, 20340312
0.90, 15.95, 11.63, 185.42, 100, 84, 20352144
0.90, 15.95, 11.49, 183.27, 100, 84, 20363968
0.90, 15.95, 11.54, 184.13, 100, 84, 20375808
0.90, 15.95, 11.63, 185.42, 100, 84, 20387628
0.90, 15.95, 11.60, 184.99, 100, 84, 20399460
0.90, 15.95, 11.52, 183.70, 100, 84, 20411288
0.90, 15.95, 11.54, 184.13, 100, 84, 20423116
0.90, 15.95, 11.57, 184.56, 100, 84, 20434952
0.90, 15.95, 11.63, 185.42, 100, 84, 20446772
0.90, 15.95, 11.54, 184.13, 100, 84, 20458608
0.90, 15.95, 11.60, 184.99, 100, 84, 20470428
0.90, 15.95, 11.49, 183.27, 100, 84, 20482264
0.90, 15.95, 11.57, 184.56, 100, 84, 20494088
0.90, 15.95, 11.57, 184.56, 100, 84, 20505916
0.90, 15.95, 11.52, 183.70, 100, 84, 20517740
0.90, 15.95, 11.57, 184.56, 100, 84, 20529568
0.90, 15.95, 11.57, 184.56, 100, 84, 20541416
0.90, 15.95, 11.52, 183.70, 100, 85, 20553224
0.90, 15.95, 11.57, 184.56, 100, 84, 20565060
0.90, 15.95, 11.63, 185.42, 100, 84, 20576880
0.90, 15.95, 11.54, 184.13, 100, 84, 20588716
0.90, 15.95, 11.49, 183.27, 100, 84, 20600532
0.90, 15.95, 11.54, 184.13, 100, 84, 20612368
0.90, 15.95, 11.57, 184.56, 100, 84, 20624188
0.90, 15.95, 11.52, 183.70, 100, 84, 20636016
0.90, 15.95, 11.57, 184.56, 100, 84, 20647848
0.90, 15.95, 11.49, 183.27, 100, 84, 20659680
0.90, 15.63, 11.54, 180.38, 100, 84, 20671512
0.90, 15.95, 11.60, 184.99, 100, 84, 20683352
0.90, 15.95, 11.54, 184.13, 100, 84, 20695164
0.90, 15.95, 11.63, 185.42, 100, 84, 20706984
0.90, 15.95, 11.54, 184.13, 100, 84, 20718820
0.90, 15.95, 11.49, 183.27, 100, 84, 20730644
0.90, 15.95, 11.54, 184.13, 100, 84, 20742476
0.90, 15.95, 11.60, 184.99, 100, 84, 20754304
0.90, 15.95, 11.52, 183.70, 100, 84, 20766132
0.90, 15.95, 11.57, 184.56, 100, 84, 20777968
0.90, 15.95, 11.52, 183.70, 100, 84, 20789792
0.90, 15.95, 11.57, 184.56, 100, 84, 20801640
0.90, 15.95, 11.52, 183.70, 100, 84, 20813448
0.90, 15.95, 11.60, 184.99, 100, 84, 20825284
0.90, 15.95, 11.52, 183.70, 100, 84, 20837108
0.90, 15.95, 11.60, 184.99, 100, 84, 20848944
0.90, 15.95, 11.54, 184.13, 100, 84, 20860768
0.90, 15.95, 11.60, 184.99, 100, 84, 20872596
0.90, 15.95, 11.57, 184.56, 100, 84, 20884432
0.90, 15.95, 11.60, 184.99, 100, 84, 20896252
0.90, 15.95, 11.54, 184.13, 100, 84, 20908084
0.90, 15.95, 11.49, 183.27, 100, 84, 20919908
0.90, 15.95, 11.54, 184.13, 0, 84, 20931740
0.90, 15.95, 12.11, 193.17, 0, 84, 20943560
0.90, 14.32, 12.19, 174.62, 0, 84, 20955396
0.87, 12.70, 12.22, 155.12, 0, 84, 20967220
0.76, 11.72, 12.22, 143.18, 0, 84, 20979052
0.66, 10.42, 12.22, 127.27, 0, 84, 20990876
0.57, 9.44, 12.22, 115.34, 0, 84, 21002708
0.50, 8.46, 12.22, 103.41, 0, 84, 21014540
0.44, 7.81, 12.22, 95.46, 0, 84, 21026364
0.40, 7.16, 12.22, 87.50, 0, 84, 21038196
0.35, 6.51, 12.22, 79.55, 0, 84, 21050020
0.32, 5.86, 12.22, 71.59, 0, 84, 21061860
0.29, 5.21, 12.22, 63.64, 0, 84, 21073680
0.27, 4.88, 12.22, 59.66, 0, 84, 21085516
0.24, 4.23, 12.22, 51.71, 0, 84, 21097336
0.22, 3.91, 12.22, 47.73, 0, 84, 21109164
0.20, 3.58, 12.22, 43.75, 0, 84, 21121000
0.19, 3.26, 12.22, 39.77, 0, 84, 21132816
0.18, 2.93, 12.22, 35.80, 0, 84, 21144652
0.16, 2.60, 12.22, 31.82, 0, 84, 21156472
0.15, 2.60, 12.22, 31.82, 0, 84, 21168308
0.14, 2.28, 12.22, 27.84, 0, 84, 21180128
0.13, 1.95, 12.22, 23.86, 0, 84, 21191960
0.12, 1.95, 12.22, 23.86, 0, 84, 21203784
0.11, 1.63, 12.22, 19.89, 0, 84, 21215608
0.11, 1.63, 12.22, 19.89, 0, 84, 21227444
0.10, 1.30, 12.22, 15.91, 0, 84, 21239268
0.09, 1.30, 12.22, 15.91, 0, 84, 21251100
0.09, 1.30, 12.22, 15.91, 0, 84, 21262924
0.08, 0.98, 12.22, 11.93, 0, 84, 21274756
0.08, 0.98, 12.22, 11.93, 0, 84, 21286580
0.07, 0.98, 12.22, 11.93, 0, 84, 21298412
0.07, 0.98, 12.22, 11.93, 0, 84, 21310236
0.07, 0.98, 12.25, 11.96, 0, 84, 21322064
0.06, 0.98, 12.22, 11.93, 0, 84, 21333892
0.06, 0.65, 12.22, 7.95, 0, 84, 21345720
0.06, 0.65, 12.25, 7.97, 0, 84, 21357552
0.06, 0.65, 12.25, 7.97, 0, 84, 21369372
0.05, 0.65, 12.22, 7.95, 0, 84, 21381204
0.05, 0.65, 12.22, 7.95, 0, 84, 21393028
0.05, 0.65, 12.25, 7.97, 0, 84, 21404860
0.05, 0.65, 12.22, 7.95, 0, 84, 21416680
0.05, 0.33, 12.22, 3.98, 0, 84, 21428516
0.04, 0.33, 12.25, 3.99, 0, 84, 21440332
0.04, 0.33, 12.25, 3.99, 0, 84, 21452160
0.04, 0.33, 12.25, 3.99, 0, 84, 21463996
0.03, 0.33, 12.25, 3.99, 0, 84, 21475816
0.03, 0.33, 12.25, 3.99, 0, 84, 21487652
0.03, 0.33, 12.22, 3.98, 0, 84, 21499476
0.03, 0.33, 12.25, 3.99, 0, 84, 21511312
0.03, 0.33, 12.25, 3.99, 0, 84, 21523132
0.03, 0.33, 12.25, 3.99, 0, 84, 21534968
0.03, 0.33, 12.25, 3.99, 0, 84, 21546792
0.03, 0.33, 12.25, 3.99, 0, 84, 21558620
